l	87ce1c11d1145aa037a36b0b76639e6e03bf678564d00048dd6ef27bc966fd65	python/bin/idle3
f	67a285871589968ce02278cfc5cbc8b74acb0c4ca7d429a9d633ce7860a96692	python/bin/idle3.13
f	7761bd2fd793411310ae12b6f3c708a879a30540705f167e4f6e0f5ffad316d1	python/bin/pip
f	7761bd2fd793411310ae12b6f3c708a879a30540705f167e4f6e0f5ffad316d1	python/bin/pip3
f	7761bd2fd793411310ae12b6f3c708a879a30540705f167e4f6e0f5ffad316d1	python/bin/pip3.13
l	931ffb58d4edd90b8c96b32515ff5a016db98e4ffa6926830cfef006a676ac66	python/bin/pydoc3
f	d636f367e4414b8e89301bdc8942ab330b94aa855feafdb603877ec8d38cc242	python/bin/pydoc3.13
l	edb69ff3853fc9bc9dc8046ce3f2997441abac0939cd4629dbaad5f30f62f33b	python/bin/python
l	edb69ff3853fc9bc9dc8046ce3f2997441abac0939cd4629dbaad5f30f62f33b	python/bin/python3
l	f2c139cefdd44054e4bbb82c731522b883f2da391fd58993b1e2cfa816510691	python/bin/python3-config
f	aa8f600e49fd8aa12335af529198645ea318452070800515c0e2be5419eb22a1	python/bin/python3.13
f	3ebd9714d427da33f61d443de238c10b2a91478f9abe1e8ae775ca66575a8e73	python/bin/python3.13-config
f	0660af70363eeea689133b9ee0dc3b0cf3e4afc62eed177354d8f9b725fbc86a	python/include/python3.13/Python.h
f	725d6bffd92957476a3bb9de6fe4b3861fa0316a6cf2777566097a6522a253eb	python/include/python3.13/abstract.h
f	1b5101b4b85409fd910032713906800bbb83580503036469c2a60ac8e80b8f72	python/include/python3.13/bltinmodule.h
f	fcca8a73a56eb135eac526b76726c6ce716e7cd2beb929ede8eb0a7faf445574	python/include/python3.13/boolobject.h
f	0e93963caf43a057fb293ae5183d1b8bb45c9f57926ce8308f67a0f452843e85	python/include/python3.13/bytearrayobject.h
f	e37bc9a92c8fd317c136677bb7cd92aac6418048fac38b85805d7a216306a985	python/include/python3.13/bytesobject.h
f	6b4a3660e8dd8022e873605a5d43e5f73e8d784510436733d00196dd088c991b	python/include/python3.13/ceval.h
f	32fa312b843da47ef06f3aa53837c1ba652bd1ee05d1a9fa3a5e621ecd76719b	python/include/python3.13/codecs.h
f	1f10c818b29007e6a4446505a1140dd77ca6618ad81e87b502f4e22f4b274406	python/include/python3.13/compile.h
f	9356805a24503256cd8914d7b7700357e01f471c211f9241c81981d89d6c3af8	python/include/python3.13/complexobject.h
f	5bf1468331186270d92d2d775990c5ddcae4f123e47663d03506b97d980b70d6	python/include/python3.13/cpython/abstract.h
f	ae5e099856657f3b8606701df312866eaa88992f6cfd9f8567456e1588efceb1	python/include/python3.13/cpython/bytearrayobject.h
f	02efac180bdf1a8e36ea296c65d9aa5d160e5605c81fa70b868f0f94e3253598	python/include/python3.13/cpython/bytesobject.h
f	844f06178bbce2e9377a46ccc80e2aae85a73750932576a6cc4de934cc508cea	python/include/python3.13/cpython/cellobject.h
f	8a93e7ae59e8c431ebcc862149e36686eec036b7c1b45a930d427fde8758c686	python/include/python3.13/cpython/ceval.h
f	b38a0ecdebeae2a4d28dfe8a5f2833f676d38be9561ca4bdfdf5087bbe2f9332	python/include/python3.13/cpython/classobject.h
f	03645d7216c119b0ff5a73653e714068b8c6c28799273d0dd502d64c66dd8c04	python/include/python3.13/cpython/code.h
f	ccb8432f58f5670c488fd349abc8189c037805fc4f3271a03a74378e881cb4ca	python/include/python3.13/cpython/compile.h
f	9f8e31d4fda040a5b67f3670848a92ff4700a8414e15d0b73862d222361623c7	python/include/python3.13/cpython/complexobject.h
f	6ddfc492855d6a670378b734d42fe64f569cdce4cb3b86ff967237e818cccb17	python/include/python3.13/cpython/context.h
f	2c035f9e7eab0157fd6ed37a6536c8560ef7ef60d8b806f6fa4561f93bc3d6f6	python/include/python3.13/cpython/critical_section.h
f	33d044229aa3e69e82e1371a890613d40cc2e1937a14205f4f845b02301c8f62	python/include/python3.13/cpython/descrobject.h
f	d434837d508de617876bb73f742d08b837f0ef61e9e0b04b4914625397fab50f	python/include/python3.13/cpython/dictobject.h
f	3a2d87d6f21f0a87fd054cf128571cf8130316c13384bd93e1da3ce4dd4b3c12	python/include/python3.13/cpython/fileobject.h
f	d7a2f703c6fba2efabd0b1cc916ad36074363a27a000987cfad17e21f04d44f1	python/include/python3.13/cpython/fileutils.h
f	f1c53f5b87f221db66004b836aa2fc9462aa46c2fbe46b417a8ddc803ce2f585	python/include/python3.13/cpython/floatobject.h
f	40e0e69e1c8ab950a51aed209853b534c4f75d7c10c1859edb78197c15aa888b	python/include/python3.13/cpython/frameobject.h
f	7e90d0fec8bbd3f11939e1e1d09bfbb850e6392a921be1bb2eb38186f9952cdb	python/include/python3.13/cpython/funcobject.h
f	fb89a96efe3daa673f805c623e88bf608e11fe38d7bfaeafd6d9aaf28778a58c	python/include/python3.13/cpython/genobject.h
f	e6f475fdc74ed7728ae87a7114992b582bc05ff6465264d3f2bce813926e630d	python/include/python3.13/cpython/import.h
f	ecccd0c893d606516d8c8cbdc5a20bb7aa0c3d97fd0ccbcdedbd4a1183c58e2b	python/include/python3.13/cpython/initconfig.h
f	01db083043a33e64b99e8d8ac7da1862042a0e56e2899b5856662e2080faffe9	python/include/python3.13/cpython/listobject.h
f	27408ec76cebcc941c749368486f2656a05611692985134b016e8fcb3a983425	python/include/python3.13/cpython/lock.h
f	4dc914b88a9bbe9cfc979f3981b02b0152a0e9b918b7b27f8ffdc143fb1b3da6	python/include/python3.13/cpython/longintrepr.h
f	398c2ab0426aff2f5dc405146be68d96e6ca937986b9fe0cfe501f0b057e5e61	python/include/python3.13/cpython/longobject.h
f	f7984c0fee804ff6f70e4218b3c693b799c8482874dd92d506acdf9c113e3a3f	python/include/python3.13/cpython/memoryobject.h
f	5beb9f3b68ac72efe403a1b0a3fbbb14a5606a49a2840b9c7e9ff243d82d79b9	python/include/python3.13/cpython/methodobject.h
f	0ca27ea32fd952c75f854e814e19838b8dcd8ecfa4c9fb722c231b1859f78c56	python/include/python3.13/cpython/modsupport.h
f	2557ad16fbe2dd9282d8f6f37e54bb6cbdafa7f06c663dc080d27f63a5c41a92	python/include/python3.13/cpython/monitoring.h
f	3b25e43a3aeda9cb135651087ade2be9f6d57e1f9b7863c6f664da2d5915a78b	python/include/python3.13/cpython/object.h
f	65989e3d07c1323bc6e86ba99f274ee43780e86e2c126ca402cdad7ce45171fb	python/include/python3.13/cpython/objimpl.h
f	97dc6296e890463fc6994247e885df65cd4024dc1b05facfdc984c37d646b919	python/include/python3.13/cpython/odictobject.h
f	7040fb48462296c903f2f0d24d2b54e0de63cf7512dcf8d3048a0cadf7d94fd0	python/include/python3.13/cpython/picklebufobject.h
f	dab4ddf0c97e83db30ace3e6da33fabfeae9545083a820ef0b0df7af8ebc3792	python/include/python3.13/cpython/pthread_stubs.h
f	a0cd171ffcd17a084d6fd8ff99c88fea23b2df02f0694e60538f3d9cf38dd61e	python/include/python3.13/cpython/pyatomic.h
f	0ec0442b62988adbb5892d51323b5c5a58040cf1cf5f86eb5f9ebef40df27298	python/include/python3.13/cpython/pyatomic_gcc.h
f	ce3338a66b1eeacf2ada7591b0f1ae06525a568bae57734a763146c1d5d163f6	python/include/python3.13/cpython/pyatomic_msc.h
f	9cf702bd920de5324862cd93217dc9a09224b138f09c32af17a22bd485c3840b	python/include/python3.13/cpython/pyatomic_std.h
f	10b5ccbc210fd2832e9c34849a3952e8db75f0016add89188358b1da6a8f3dbb	python/include/python3.13/cpython/pyctype.h
f	83d72e867b4fc9ac87efdfcb41c3d30ec20fa239fe6a74d1b85aa92e1f8d9506	python/include/python3.13/cpython/pydebug.h
f	19f2ef22ec6eb87ba2a491749d3f49b44941d61ed3e1a731d1adad99813f4178	python/include/python3.13/cpython/pyerrors.h
f	ea7bfa7d891a0b5372d8b40a57d1b466b7824296e5c3f8d50b1a7cde084429b7	python/include/python3.13/cpython/pyfpe.h
f	979fc9fe787ff02ea0da6ba68e34da26b04e4a7252c39e189c10ad207c346bea	python/include/python3.13/cpython/pyframe.h
f	6887779f8d5b19def285e74f3ebd5cb03fccec16d3a99c1f45ad51f50b6f71f1	python/include/python3.13/cpython/pyhash.h
f	bb1c3610aeb5ac18e5d993aa5ca33a87fe2db9f991329249ac160c5453d6f4ca	python/include/python3.13/cpython/pylifecycle.h
f	a27c048ec9c90733fba0e2703b095e0c51f631b03a2c5aa8370c1494a0b9a5c0	python/include/python3.13/cpython/pymem.h
f	f2786d0e3a2c2d00f72055a45c1a536f9ad1c744873714d3896a9856d0442fcf	python/include/python3.13/cpython/pystate.h
f	7e957b6b24c0ab2a3a1a8ffd5bbdb7710f4355af957db2e889b0350dd1177f1d	python/include/python3.13/cpython/pystats.h
f	16b97268e635a0c5183724e3cec2167e02dbcecdcd86b178f830684fccc7e98d	python/include/python3.13/cpython/pythonrun.h
f	9d79295df4a87c7188ed3b71f855c031210e3b44ec1a0680a87458e94849bf3d	python/include/python3.13/cpython/pythread.h
f	ea9fafdbcb2d02700baea293c493358a85624d2332e40c3434a4efa8f72e178e	python/include/python3.13/cpython/pytime.h
f	de9eeb690b95abe93a56100de500aabfb0c26f47ec5aef1c405aac7e969f5ed4	python/include/python3.13/cpython/setobject.h
f	25dbb294cb56fb0fde59c388a590115dc3838aa2340bbc7c58b1c3c6cc70a581	python/include/python3.13/cpython/sysmodule.h
f	77c4e3146cf4f5336ffe8aca752c47c98946d142e40a166a06eddaf07a0727b0	python/include/python3.13/cpython/traceback.h
f	791f9cdf15900584f67661bf08a4a74d4c504e6e948c9b495fc54fff4e718524	python/include/python3.13/cpython/tracemalloc.h
f	e9bb20373432a7c98666f838d34d329ff6f2937593b458d4ba81c329332ef875	python/include/python3.13/cpython/tupleobject.h
f	7600f114e51a53f1173e3ce1ea4676a668ab884a3106f081bae21a48b92b0104	python/include/python3.13/cpython/unicodeobject.h
f	b758a2e42b0c497ea811464f579603d14fc30b50bd6ebe064d8d2a7df7e2bd76	python/include/python3.13/cpython/warnings.h
f	b658ae32a001a39eb48d84c8e6fda1102cd51fae8b3a951655856149bc1c79cc	python/include/python3.13/cpython/weakrefobject.h
f	c2b223fb4ab987c1d669ffdb45de7da6d63a644e5bd2eaf9f6713db2e4e292d4	python/include/python3.13/critical_section.h
f	f3d8192cada0f490a67233e615e5974f062501b2876147118ddb042ee4a7f988	python/include/python3.13/datetime.h
f	2956a488f4c4c61341e361dac949cfa4a217e0fbd0097892513b02363c9570a7	python/include/python3.13/descrobject.h
f	072e9a2aee29dad9b4b0046b85a683d60739029d98e1a5c868da75a6d628882a	python/include/python3.13/dictobject.h
f	32fa1b365ec3cfd5f319d6f15afa132162852fd08ec02ad32552772d8eab9309	python/include/python3.13/dynamic_annotations.h
f	2244fe250db9995068fe74dce0e23fd70c12b03fd94751d98b773be8f64896b6	python/include/python3.13/enumobject.h
f	d72ac5e39293c150af665c79650078d34109b22332457a58e86038fc9d3fad7a	python/include/python3.13/errcode.h
f	c6bcfb34a9a38ea9f9a2ddcde934bc00b3f3e7703e137b5ad744d8d274d02b46	python/include/python3.13/exports.h
f	efb38beb60297833fc080b9055d1d9ec5cc48db941a401baec6679b443ce3742	python/include/python3.13/fileobject.h
f	a8d3c7efff2ffa31946d9df74ade99abb5c937f49cc34f4c48c294e1a4b59264	python/include/python3.13/fileutils.h
f	50d23b4026d270e543d2dd52059bb409569218bf6c3c219dbe836077ee0ca868	python/include/python3.13/floatobject.h
f	969cd93065ce79b81bbc67a65d31b742e23f30bf79d6e44a306963d552ed0c35	python/include/python3.13/frameobject.h
f	0e53a0b18c114be68eccea9ffd1dd577e204b1f0ada4d3aedc8e7ee0c80fc7f8	python/include/python3.13/genericaliasobject.h
f	00b7cb4d6e7f0055e25beabcea7bee576ff991bd83b4ffbb36912201cc0d9342	python/include/python3.13/import.h
f	7c4e2fc555724fe674efbb2cfe64344fafa86f8c43d22e48263c33dd07ac7d81	python/include/python3.13/internal/mimalloc/mimalloc.h
f	b16c4bc7a92bcfd768993e183ade07892ef726fea0fe3951a836735249dc1ba2	python/include/python3.13/internal/mimalloc/mimalloc/atomic.h
f	c7c44e1c33f5b74bd634d55715966bd3c2df68d3286f5b86fdae8607dde94acc	python/include/python3.13/internal/mimalloc/mimalloc/internal.h
f	d259075820e9074911f241338913f5756b729a1ff26eea5f5291b70ad60cba3f	python/include/python3.13/internal/mimalloc/mimalloc/prim.h
f	073061d3b0e94549b3c59b82c0bfaf9d32871409217d203ccbcaf7dc01daaf6b	python/include/python3.13/internal/mimalloc/mimalloc/track.h
f	cdd80b9d60402450e7ba521d091c1e3973f1421891f817918ad30180751d7b2f	python/include/python3.13/internal/mimalloc/mimalloc/types.h
f	7b280a0f8507aff9c43079357fa6dee5e9736404d7aaa38368bb144213cd9a07	python/include/python3.13/internal/pycore_abstract.h
f	b29dace0f84849c4a24bc3745523a36911cd192bad7ec6fb48aba8facff51d3e	python/include/python3.13/internal/pycore_asdl.h
f	64dc6396defbcf7fb7377aa4975dd5d46448c0ac04119235874383f7bdedd8d0	python/include/python3.13/internal/pycore_ast.h
f	d5e067c59449d11db9d9ecd7c6e523ff82431e357dc5bb3a292f4a6b2f416089	python/include/python3.13/internal/pycore_ast_state.h
f	b87eb28bf1ccec97b38183275950a7aff54d94ef212043f9442a4b23e85a305a	python/include/python3.13/internal/pycore_atexit.h
f	848fbf317990e8ffb6208518e1f101b3e782e38c6d36c5e05ff82004d99d7cbf	python/include/python3.13/internal/pycore_backoff.h
f	22888efeefa369d2b23687abe8972554ff51ba0dae2312c41a72802abf4110ad	python/include/python3.13/internal/pycore_bitutils.h
f	d81cc86d0fdb68b7fa6934302ada9c400314d8ebff6d9aac570de62667a080ce	python/include/python3.13/internal/pycore_blocks_output_buffer.h
f	1797357559939de2df93552e8a08fbcd6ede8ddfcd471f084c24d9d8fe96ed1f	python/include/python3.13/internal/pycore_brc.h
f	fc5ebf18efb79c5ca56accf725a476801a3285ef5078954292444ff6077f3b22	python/include/python3.13/internal/pycore_bytes_methods.h
f	e5a83d1a2dc128702d36f36da570fbf5d9001cd9ddd74a1b7154aeb1ded632b4	python/include/python3.13/internal/pycore_bytesobject.h
f	1687dcf15feec00e4e3d0e2c0495dac770dbc4e6ad7d519fd53c60571a98ea42	python/include/python3.13/internal/pycore_call.h
f	38e5994687ba663929ccd79d10ad79d3cd58a742220fedcf1508a4d8453d8aed	python/include/python3.13/internal/pycore_capsule.h
f	b67f3ada24c63966a5edd9240e45027454a7e1d7482724477aca5899cf18c03b	python/include/python3.13/internal/pycore_cell.h
f	a460bea14adbb3d0255ae9cfb68f5ac55e6e6b179f27116bcd5b877450a4d3e4	python/include/python3.13/internal/pycore_ceval.h
f	a314b60709a1b2eca3550662f8fe09985ac24aba53e5415af4b02ca930d1e011	python/include/python3.13/internal/pycore_ceval_state.h
f	bd236b4cb3f81c46ef4a3dcb7f2eefd3811994999e11aeb14b253e2cdede19b8	python/include/python3.13/internal/pycore_code.h
f	28b3194f7e130ef9171e8a78e578be33f6b33051a6657326e125d137a018453b	python/include/python3.13/internal/pycore_codecs.h
f	726ee37ad973d739544c355423b9f67d73360761a582b09059f30c1f05a6ddf8	python/include/python3.13/internal/pycore_compile.h
f	b20264af2e7179ef9e94b9e58a46872eab99e31d9aeb0869067904c9d216104e	python/include/python3.13/internal/pycore_complexobject.h
f	690de8e1c1d3bcc4af0663ed59e50cffb4d507461be0c5a9dde54b39a61e163e	python/include/python3.13/internal/pycore_condvar.h
f	1f6ed1071e2d7871364d832f38d92e568d0e009f4984c217bc0e4f88c47749dd	python/include/python3.13/internal/pycore_context.h
f	fbbbfa4be1874772ad7571adcca08e95bb1d1230f9e06cee5d5e0aa080b36c31	python/include/python3.13/internal/pycore_critical_section.h
f	28f106b1fd9f5facc1667f193a662ebb40b532e932f7ba57c222a268dc46a6dc	python/include/python3.13/internal/pycore_crossinterp.h
f	7ff394c3a00c8c965005354a36eaee28d0b16ac7b6fda9e1993a6dbe8981a916	python/include/python3.13/internal/pycore_descrobject.h
f	51bf8383340c31d630ffbb6f5eb3c4ef4b01acc133faeacc15c578f10e57c66a	python/include/python3.13/internal/pycore_dict.h
f	62c24d39ef836bb5761073113d8c7469c295ac2e197285ac6107cb25add5676f	python/include/python3.13/internal/pycore_dict_state.h
f	3ba6dc1862a926438d2b8a739e95a15053eed63ac0ddd546f432f773ebab38fe	python/include/python3.13/internal/pycore_dtoa.h
f	05a445310ffa58aa0080b1726f5c539d86ab06acd323b86aa29262693466bc54	python/include/python3.13/internal/pycore_emscripten_signal.h
f	293ba7a26430b895823aad9f6709dc53db9e9b55a8e5acd90618ea479bceb2ba	python/include/python3.13/internal/pycore_emscripten_trampoline.h
f	9cef2c4bf9f903b27942e690580d270456211ca7ba2e992d86006bc70c29d3df	python/include/python3.13/internal/pycore_exceptions.h
f	825adb7b5cc2087353e54f3d3a21024e8e402e3f5faf03d8c11e7f3dafba72ad	python/include/python3.13/internal/pycore_faulthandler.h
f	f83a582d670fb5adef4359981263338ec91dd9c22a8480f371fe58d93f7d2145	python/include/python3.13/internal/pycore_fileutils.h
f	2ce33652ff0a955037aeacfcfa771b6acdcec0fe08d30c2a0ba07c82a6bb11f1	python/include/python3.13/internal/pycore_fileutils_windows.h
f	ab7ae1ece54567b3bf3dede9226c0639bae4eda6500877944aaded8731232191	python/include/python3.13/internal/pycore_floatobject.h
f	db160b84acf8f1206fdb9e232ddc28e6483537c41613da9fab35843b06c7912c	python/include/python3.13/internal/pycore_flowgraph.h
f	253cc77e6d11ba20d297813e064650fa965b3653f150bd85f805b94db5f3a98d	python/include/python3.13/internal/pycore_format.h
f	5b8efd3c52babdad85d7b72cd95c1cabf7699c0ecaf0a0d12d53edbeb83649c3	python/include/python3.13/internal/pycore_frame.h
f	04fa2e8b6daa183a71d6f4465d4ff3a563ab3d73c3914d5488a5fcefdcd57b0b	python/include/python3.13/internal/pycore_freelist.h
f	a4b1d63230a49322c7791837b9d07f2c36f1c2f28a98999e4ca830275c90d859	python/include/python3.13/internal/pycore_function.h
f	ef970112a2bd7837a9fbc9c41a98bd9ea8865f041e6f97a066f5ceed0910dcce	python/include/python3.13/internal/pycore_gc.h
f	f3204fea5bdb7985a7787f251642a602fcc6b0186eea268106916626adb2b15c	python/include/python3.13/internal/pycore_genobject.h
f	e93393067b66b557b0300e05c10ee904d4be54cadfb214c5328a9225ad199452	python/include/python3.13/internal/pycore_getopt.h
f	22a51842d9136ec3dca283177e65c39e908077d411266f37a7f78ea2d2047133	python/include/python3.13/internal/pycore_gil.h
f	b7dab83e3676a4fe8086e5f2ac2bc26cd05f85534bdf9387ed7e3dbe480ac7de	python/include/python3.13/internal/pycore_global_objects.h
f	a60925fc8702a85d2023c6a73f02b19485e565f899e7336abe526e678793762c	python/include/python3.13/internal/pycore_global_objects_fini_generated.h
f	46484946f10cba8b1d282f9e0ea39276add8a30fc4ff81058f242368e36c5013	python/include/python3.13/internal/pycore_global_strings.h
f	074b31c2f5701cac43d8dc3e4ede40b2befc6dddfcaa2862cfc8f76234c30ae8	python/include/python3.13/internal/pycore_hamt.h
f	de9710ac2798c93b5713798896602caa3f1139dd6a36db6f4a3dac0ffce2a0e7	python/include/python3.13/internal/pycore_hashtable.h
f	87b0d371ea229f9ae45c0c8f32f426ecccb87d8e010985dba279554467f828f8	python/include/python3.13/internal/pycore_identifier.h
f	3a625cef967da0b404e25c4380973cc18fb56eff063829528438719f3f9b47c1	python/include/python3.13/internal/pycore_import.h
f	bf9bbab1dfb18632d84b3c9a94536aeb69bfab12b0e2b47830ec82f1c862789e	python/include/python3.13/internal/pycore_importdl.h
f	1e4437226a5b08c72a960f24fae497e43f0ef35b0e0140b0a58df6e2dbeba681	python/include/python3.13/internal/pycore_initconfig.h
f	f89c2cb5e4d23cc93872b3388f6c842e8af4a8ceeb8bb46e84a150c207117a39	python/include/python3.13/internal/pycore_instruction_sequence.h
f	4382de0d8437883e291eeb030e8cb6e13b0f209b7ddf3a914ac2d1a216462ad2	python/include/python3.13/internal/pycore_instruments.h
f	2da9f632b2cced2325d17c5e74ff6f38eebd1a2a7da08484eb3fe0926ae2b55b	python/include/python3.13/internal/pycore_interp.h
f	1c80e4646530d3d76bb66bc9f37530672f21dda4b9404a1f37ffb4ac25b53dab	python/include/python3.13/internal/pycore_intrinsics.h
f	7b0ef663df90f9b61331b5403e3b70c16fe6b54dd9ae16f821956fa1cccfb5a9	python/include/python3.13/internal/pycore_jit.h
f	a220c3fb7dfddf0ceeeaa1849788536981fab23a6f146697135ea859f064f3d8	python/include/python3.13/internal/pycore_list.h
f	44c2f322146d09be908b19160a6e91b4b9b0d2264482a5cb70f24e28c706ba6d	python/include/python3.13/internal/pycore_llist.h
f	932b1e3d909f2a2bc6ed18b294e297790f26c4b290d50a53a1cd4baa23ce2106	python/include/python3.13/internal/pycore_lock.h
f	3e113703c96659d5bf7f397d01b7ff5544a573b4e8831a5be7db7f981c999f05	python/include/python3.13/internal/pycore_long.h
f	aa01742b5c4ed39870c9b1592632a1967722337ffebd465e696a190a41a39da6	python/include/python3.13/internal/pycore_memoryobject.h
f	22dddb17cf4bcd34949b44eeabf93ca8bfb435b9d5aa0da1b2f212ef5d0e3cae	python/include/python3.13/internal/pycore_mimalloc.h
f	aa6659915dc031b909216135e687daebe48698c25a1e51e25473f577168ca73a	python/include/python3.13/internal/pycore_modsupport.h
f	e9a89401dfe07a9d557068e1ecb1d7dddd6b8d61f4067538c22a5870cba28b12	python/include/python3.13/internal/pycore_moduleobject.h
f	f5c0a70835bb27fccf838cb44331068c3792e1536927f9055b25d29f391e8100	python/include/python3.13/internal/pycore_namespace.h
f	c5ffa3d3e43ffdb8360733eaee692cb9b9177e29bb33c5ab0b0eae2a9083c2f4	python/include/python3.13/internal/pycore_object.h
f	0e6c8e1f751f8a5b3236ce8991be727688f54bbb28c547cde721d6caf884eaa9	python/include/python3.13/internal/pycore_object_alloc.h
f	1c79c831bba6073bc4b27bdf276b48c425051486c8287888b62c189620df3dff	python/include/python3.13/internal/pycore_object_stack.h
f	1d7e48df791c38f16c5968a7e31c0a4b29c2584f9d5a74453c5723c010a6773c	python/include/python3.13/internal/pycore_object_state.h
f	cea9c3058208409c24464d06caad24e804502efba07d6c020adda4e9b00352bc	python/include/python3.13/internal/pycore_obmalloc.h
f	f366f43db42c6ffc83c577471abf5ee86e7b45152b68c30e790f658d96365da6	python/include/python3.13/internal/pycore_obmalloc_init.h
f	d2c33fe54ba2416e5badcfc95a940dd1be0be09e27f21756f7009ba630776cce	python/include/python3.13/internal/pycore_opcode_metadata.h
f	35ab2c39a3af117574a43cd46b9334c9bbd763069cb7c7b73ce24fa156db3553	python/include/python3.13/internal/pycore_opcode_utils.h
f	e0a0338824bd6366c02624ba6b29329605d86a01c1b1de891b342ac1be561274	python/include/python3.13/internal/pycore_optimizer.h
f	0fe81f0cc38137be9fdaf5d7f2a6388ed5950622547a68a61b9a16ebe5de0d32	python/include/python3.13/internal/pycore_parking_lot.h
f	c4e65eb9c19656617ae34b8f4c270df28a91ac0b21db0522a4955a3518116389	python/include/python3.13/internal/pycore_parser.h
f	2a0abe4fa70d962f7892268c9bf152ca216693e3bd1d67f6390c49eecf7a1d30	python/include/python3.13/internal/pycore_pathconfig.h
f	8dec8d01aba6deb373d2d9ace50eec2bafc6a374faeaf865930371e8cc779bb3	python/include/python3.13/internal/pycore_pyarena.h
f	4924b0ac06f490dac9c50fc4fc91e019960f0621ec4c0cc51b0de3cf2336f3af	python/include/python3.13/internal/pycore_pyatomic_ft_wrappers.h
f	13b283b1f74547acb651269824a74afa5609e3810f0c4df24e3c3b2dd86675e1	python/include/python3.13/internal/pycore_pybuffer.h
f	dfe7cc1e099c2c0f6b3d708b0753f0d336844b52517f461106d7dbcca0af62a3	python/include/python3.13/internal/pycore_pyerrors.h
f	634568f4621a1093dc2b78d96bc64f42042929c7f8b661ecc9358fc072c97c37	python/include/python3.13/internal/pycore_pyhash.h
f	4207ed597dfb7e67628a7eb72418a07d6632a5f3a2dfe21e9456358daa716470	python/include/python3.13/internal/pycore_pylifecycle.h
f	219b7572878b72ed9ee77a55b66479ae24837bd4381dcdae617304e515023aea	python/include/python3.13/internal/pycore_pymath.h
f	f4994ac3e88080b4b37b3c3e5afefe44d64384d832b592bf446d5fd253e4eec3	python/include/python3.13/internal/pycore_pymem.h
f	4ae10b0219f344489a26529af382313877ca6868e6789480b08d85f09b6dd0ac	python/include/python3.13/internal/pycore_pymem_init.h
f	10ca4c722ea98e0e97a8518cdd03017240595f9b6dc7660970e6f8f79a037794	python/include/python3.13/internal/pycore_pystate.h
f	113c35a2e6fa63e7d86a2855747cc78098d14f488b34ebf32cb1f2c64bffbcbe	python/include/python3.13/internal/pycore_pystats.h
f	9ee1aa515f9994f1384efbdd3d4aacf1c9471ea031192d9dd5f799e74bada042	python/include/python3.13/internal/pycore_pythonrun.h
f	cf77bb5d64c82e91a9db4b47ed20f6122c65ddeb1b0f92725adf10c30b361652	python/include/python3.13/internal/pycore_pythread.h
f	fb644dfbe2ef15a407f17d265a572637e22817d04ed773cf7a8160accb779a76	python/include/python3.13/internal/pycore_qsbr.h
f	824c5023a85a9c1c2dd50fecf442d12c7b2966e0e71a2d291f6f17f7fd8c29bc	python/include/python3.13/internal/pycore_range.h
f	57d14e298552196af799dbc40b2ae7cbafae1401376ad92f951e8b88ae37cd43	python/include/python3.13/internal/pycore_runtime.h
f	231a4bd4b7d12c23497cd896df7b1190e4a6a7c9a8e1884490eb05b8ba4b4f48	python/include/python3.13/internal/pycore_runtime_init.h
f	4a5807429e804ded40b925ce8eea81d522573c1f09a536b2b440685ab96b2335	python/include/python3.13/internal/pycore_runtime_init_generated.h
f	3d23f5af351f7b90d4123322eb29390a79df61cf3be055ba1ab6fe99c902766c	python/include/python3.13/internal/pycore_semaphore.h
f	4bd757533b6df23d95b7aac61b66a99b468e1e53d899339b548b3aa1aecc26b3	python/include/python3.13/internal/pycore_setobject.h
f	041dcd91514f60d35e085f2748512e3d0260eea0518d8e3c833fe6a08608f33b	python/include/python3.13/internal/pycore_signal.h
f	9f8d742a301f670d4ad00ffc7a346fee9cfb27e668cffe5d4c1e0f2374e96e3f	python/include/python3.13/internal/pycore_sliceobject.h
f	0fb688365c7f5199aab7bba233b1bd1c43a378c39d3aaa214af1f4ce132c9770	python/include/python3.13/internal/pycore_stackref.h
f	dfa41f1a6954e18e030b6e17d61b2ad8ad54bb4e7eb9726cbfcf59a979436e13	python/include/python3.13/internal/pycore_strhex.h
f	25688c8033e1aafaff08126fcb0ba9c7da5e30b49c85047c4e224f8a026d8377	python/include/python3.13/internal/pycore_structseq.h
f	db4bac0b2ea2c6e13bf5d5f4b0f91685c3f10db003ab568418b740305db4639f	python/include/python3.13/internal/pycore_symtable.h
f	4e7020e63ae60fe5776442acbce42b93c4bf7525a687fa7fe334bc9bf1eb94d7	python/include/python3.13/internal/pycore_sysmodule.h
f	fb3be916a92c3055ea346e599a63c3e81bc1e46a1fddd4736b06f09b3567862d	python/include/python3.13/internal/pycore_time.h
f	87efdf8b87d8a8494939bbaff70e0134215a731cc5457d06d405eafada6fb5a5	python/include/python3.13/internal/pycore_token.h
f	6cb8f89d7bd074627034ec39484f5835dc8d39efe195e3fbcb3f0bf43e57568f	python/include/python3.13/internal/pycore_traceback.h
f	b70c3b455d2e634f94e5a62ee1be64f88f4f964e897e472dd40f555851aa0aa6	python/include/python3.13/internal/pycore_tracemalloc.h
f	b4ab6c2f46eb1bb7db5b418c782850b8ac6398542fcaad2bedb4928f69797727	python/include/python3.13/internal/pycore_tstate.h
f	8f6394f84ab6eb2b4740e7e7a15e91ef05e9ee5cde9c73e76d4f61847b6b66c4	python/include/python3.13/internal/pycore_tuple.h
f	a2e4c6db7ec6e66f5677c27619dccb61c7f99ff9d2d36907e51c3072b00d7231	python/include/python3.13/internal/pycore_typeobject.h
f	6bfaf3e54f7c5f53dd17d83e2384d3b630eac12d0fd014a718eefcce3fe956ae	python/include/python3.13/internal/pycore_typevarobject.h
f	4e61018a9052a35db8aa7e775d08e64a24eb7f6a9484cd32587ebd1c87c33d0d	python/include/python3.13/internal/pycore_ucnhash.h
f	3faacaae4e1d55db7f408124c44f876bac5cba69d59ef414068911470d68b49b	python/include/python3.13/internal/pycore_unicodeobject.h
f	60ef7560752de34dc6adbd7c38450f3f26a7e9bf4a7bf24bd763759ba3cfd08a	python/include/python3.13/internal/pycore_unicodeobject_generated.h
f	8e52e7836d0ccf9ff52f3fa48685ed7230b5cbbb77a563f1c61bf032e6aaf360	python/include/python3.13/internal/pycore_unionobject.h
f	9a2c5612e0ef0c5f7b2dfbd7bf38ab609523ef28f5e7148393397e7e83821458	python/include/python3.13/internal/pycore_uop_ids.h
f	92fdf92a0241feca429070567bc16351d792ff9c6d207efed3369dd85defa784	python/include/python3.13/internal/pycore_uop_metadata.h
f	38d453fe9c93267464026648fa5a60532d41b3bf23c1b445bf146609b86f3377	python/include/python3.13/internal/pycore_warnings.h
f	555e1b5ca414e0935dca8f1aaffb3248547dca4ac82e7df5731e0773cb1f2693	python/include/python3.13/internal/pycore_weakref.h
f	183ae11868134ae814fe3573ccb9bead1979e4621d593d329a41e9c7d88c52fe	python/include/python3.13/intrcheck.h
f	f3c85f5be9f42892850cb5ac3318105db1c4a247ffca7d5eed940288894416c9	python/include/python3.13/iterobject.h
f	c71a1640948e376bab4e6ca2319aa20381ada60b1e31bf901dfe2e7ad157f043	python/include/python3.13/listobject.h
f	6521bb77dcf73ce3fd634a51b76389599e1beb2ac798a096a8062932f26b9984	python/include/python3.13/lock.h
f	f884d7f6d4403908e12bf0b7c68a69cbd3f25da323dede4dedb27edc89687d8c	python/include/python3.13/longobject.h
f	d7f5760ef6496776cee99aca5491789f6ab261a78b156b5758538ea15e1827e5	python/include/python3.13/marshal.h
f	efb734845a1366d77f6351cbb954c08681d4acfe6a53e41e82dd45fa881e0090	python/include/python3.13/memoryobject.h
f	8977b9c434d144eec178d230610b0090d5ef3c3c5681833a0457fd1b8b734026	python/include/python3.13/methodobject.h
f	edd955c6f21f5d5a61a95d08772b1a197172f61dcc41fc5b98024bc9c696b065	python/include/python3.13/modsupport.h
f	22293594f99694a131af7593b6d5db15c587ebca54672fc36fe54294a29fe81e	python/include/python3.13/moduleobject.h
f	3a24d21fd89c93f6d739beb93bea118e94e973f37e34eebb284d7d4c6fc3871c	python/include/python3.13/monitoring.h
f	8e9deae73c87d404205a50f4735e51d975514ab515ff02b638553bc03cde0f02	python/include/python3.13/object.h
f	df98be98c62ce5363d59d087363ebadd71088c333df072ca49fd00016f5a5384	python/include/python3.13/objimpl.h
f	3d637ade602d5fe1d22d3b85ebfb205688b8e1680c1780fb6a396f82aded9b71	python/include/python3.13/opcode.h
f	e30e7b48f764be2bf4530a931ea5a120d4d91d1427a31c5979206a98fa672ca1	python/include/python3.13/opcode_ids.h
f	5b1de1c314448fc27f0c6b2acfef060506dccf926faa88a9a7d77d27b7d54cc3	python/include/python3.13/osdefs.h
f	c013935b48f48ca8ce249a4d482c55e3fb6f1cfe786c5a32a57969bb74a779d9	python/include/python3.13/osmodule.h
f	fe193cc6d1c016cf6baaf60c4e7d26a4fdb8eb85d5d4e9c883de5b2808cea4ca	python/include/python3.13/patchlevel.h
f	9ff462ccb8a90bdeaaad4362a2e2e875687a6f41b86ba715da8c0593ff864002	python/include/python3.13/py_curses.h
f	6b90d21219d5a30fbd98560d2104fe42b07b645450dafc1704b52f47f125f1e5	python/include/python3.13/pyatomic.h
f	c95edd830772e922f60f976ac0d98470b48a443ba198b0866a4096003c0740a4	python/include/python3.13/pybuffer.h
f	2205c7567f8472b55a6a829544f6c5d27083221050eecc6a64036709d0858cfc	python/include/python3.13/pycapsule.h
f	f764a07a8d6515ee5a7c585f998cf82c310c503b9ceb0abc7e33183195249e25	python/include/python3.13/pyconfig.h
f	7ac591e56e12936a32e3b0b85dae803f8f00bdc91abe01799ca2e4ce69548555	python/include/python3.13/pydtrace.h
f	d7947aded270de2b45a9cdfa2e3d523d46655f0d8edad3ce69d405e0d9f51d1f	python/include/python3.13/pyerrors.h
f	d3564a35c027eb7a0e4ddbf8659769bf4be61b0c39666c79c555249fa8b0d099	python/include/python3.13/pyexpat.h
f	58513e7017805ee5c49a329a552f72a6be6d88ce2bcfa344f5130582fa75ecb6	python/include/python3.13/pyframe.h
f	d4f266b6e36fd4364b7945994f9d2046206e8ec660e37e557f7d1d79a9806a94	python/include/python3.13/pyhash.h
f	2a05239b2e57efefe32fad328c5f567a4712db4ce8610c9d39ba0df25ce51cdb	python/include/python3.13/pylifecycle.h
f	5ff2d69456b1787ae4ec286b787553868586a08888180fa789df8765c16ab424	python/include/python3.13/pymacconfig.h
f	584006167853a7727d4e73d84ecba9d7e640bb1b751c283e80587236b8200e04	python/include/python3.13/pymacro.h
f	eeea8396e1acd271ba83a568ba572ead47493e492ce998756fe1256bf917b3f9	python/include/python3.13/pymath.h
f	0befb603e8866a0ffbb76674b47e02b08ab23ed20feb6d098e163338d18170e6	python/include/python3.13/pymem.h
f	443c79ce1c94f7cc98e53fd8ee7d1adb3732d827d5933b61f9fab1a2428f5f6d	python/include/python3.13/pyport.h
f	61828936a0125ed7a714656667374a12897d891e2d4ff5680131892776c6a75d	python/include/python3.13/pystate.h
f	56b68bb1d9d528d3a6e3987fe1384ff695a502b2021f2f2c1c81b62889d45a25	python/include/python3.13/pystats.h
f	f401d8338fb6ecf5f12768ee95cd09c262f880b2ee522ca344b890dbdcde4c88	python/include/python3.13/pystrcmp.h
f	149e766acebff1a90933d53bccb62e12d128d82a40b5c156b81b1847cc9a7a3a	python/include/python3.13/pystrtod.h
f	4749ef95e910632a1d04b912c4f1d615c9d10567cbaf52a2ab2c68c7c3a38d94	python/include/python3.13/pythonrun.h
f	d73aed0d780a4d486f6499e770f1e99aa7bfcbe7ed7b973368dd0e43a016cfd7	python/include/python3.13/pythread.h
f	26d09a78c44998e8c0a74ed2d14e5346e4b922892eb79288049b7ac5b6a1e751	python/include/python3.13/pytypedefs.h
f	36547ab5862e82b09cbed7b786a4cfc86af1dec5a3778c50825bb266c9a6aec9	python/include/python3.13/rangeobject.h
f	7ff1b984647598b19ff593b0fa40d44cf5d7bc37d386dd9fac059e560f4a31ca	python/include/python3.13/setobject.h
f	c98fc4aad428ba54ad2c8aaa95230e4b0f7ac85cce996448b04b9c3d7fee14ab	python/include/python3.13/sliceobject.h
f	9d4c39dee96e228f60cc8a6960b9e7049875ddbee15541a75629c07777916342	python/include/python3.13/structmember.h
f	a59f666cd0c6a2f9f15930fa09ae0bbe6952c22e8d16fc3eae9b2daa5e997d18	python/include/python3.13/structseq.h
f	097128c9795b5dd7952ab51ee3098ff8d377210325eeb052264003bc710d3bb0	python/include/python3.13/sysmodule.h
f	ea59d511687f7f8643c7b8b0996e26f2c92bcc954639c6f98d08f6564b61d06d	python/include/python3.13/traceback.h
f	d8de8d64e4b5c466c3bdd04f5664f0eba64a9198b30b5a29409d74a5b5f1def7	python/include/python3.13/tupleobject.h
f	77fe4a71f5e5974c40fd3485d3c9aeb8b7ccf33969cd26feb58c64eda5f86f1d	python/include/python3.13/typeslots.h
f	55c5cc24f0882eec2addc14ccb5e0e49af40787d4bd64c607c9682ff2e48f2ea	python/include/python3.13/unicodeobject.h
f	18fde34b12247460de805fc259ea7f14305fce4779d244c0a7bdc7c73b8f6b51	python/include/python3.13/warnings.h
f	3d0163335ea4391775c7456306bd9ff2d10bd8b3e4889ad8374e753f2a4b8d7c	python/include/python3.13/weakrefobject.h
f	75db5e1e5695215a6cf0b8bd241c984b575c4493747eef9a8c307513ca7832c4	python/lib/itcl4.3.8/itcl.tcl
f	7c02788468a3c9ca443feb49fadf32dda28f1690695d8644bf80a1fbd6fbdd5d	python/lib/itcl4.3.8/itclConfig.sh
f	015378168f4431e23ef8df19ff4f03d1e772a91b02e625e584da257d4ae6fad3	python/lib/itcl4.3.8/itclHullCmds.tcl
f	cfe9a5eb616e1a8d5c97d5ff1ebdd6a69e0a033c6b9b05a8ce371f41edd38c92	python/lib/itcl4.3.8/itclWidget.tcl
f	1d41c00c561818ecc6932df513bf08771aa66bd7c817b76abf65ee2982b4143b	python/lib/itcl4.3.8/libitclstub.a
f	4e7887e19ce77972e9f65ee358cdb126e18ac863e65abce9fcf4f526ac5e7c44	python/lib/itcl4.3.8/libitclstub4.3.8.a
f	66199cfa23868e31c61fec1c5dab28a720515e74b883ff229078956522615f70	python/lib/itcl4.3.8/libtcl9itcl4.3.8.so
f	41b9e5f541106593a92eee84d5f39888d862f5c40737e57e89a81a286498aeb3	python/lib/itcl4.3.8/pkgIndex.tcl
l	53154b112810adf2afdfd18d42aec196f13bdcfa9ecdb164649822d01206c396	python/lib/libpython3.13.so
f	3824e0fc5717829320841c5c00224e74b6e222ea54bbf5ae71d04484e15ec125	python/lib/libpython3.13.so.1.0
f	1ca691ed38dae9cacc05737189fe0f46732008859435793850b6b44ce5395d17	python/lib/libpython3.so
f	5f517c3a3eed58df53c6cd405fb035315edbad08e32178032f7a3683a064382d	python/lib/libtcl9.0.so
f	f177b1c446832c93178784bcdcfcd29bb7d41826fb7f34c4f64186ab7a1cff7e	python/lib/libtcl9tk9.0.so
f	2f400da468be00f5307c8f320a8b81989eb419a518a07a35c9b64f780073d412	python/lib/pkgconfig/python-3.13-embed.pc
f	080224cfab88845b5b560fa4cabfb23a8ef5f6c564a9e4eba434d6f069b01e81	python/lib/pkgconfig/python-3.13.pc
l	986d2d83b8634512af10b2d380ebe284f30f037d0d572852b85cf907aa94ff9b	python/lib/pkgconfig/python3-embed.pc
l	6e12719f882a384318ba9f6f27a97aacab7a67bd8d9e70ad39bbda3c22f03310	python/lib/pkgconfig/python3.pc
f	78b12c3a81360b357002334f0e70ea0e92eebf7a9b358805c03c48484945f3bb	python/lib/python3.13/LICENSE.txt
f	981d4c398849f9ebcab72300d9c1fe288fd6d7f28957b3b3fa3a493a5836d95c	python/lib/python3.13/__future__.py
f	a8ce70b199497950f0f06def93115a6814daf1f961934457f59046909901487f	python/lib/python3.13/__hello__.py
f	56f7ed595e767c558ded05def14b682893105daf504500c3443b458ca2431bc6	python/lib/python3.13/__phello__/__init__.py
f	56f7ed595e767c558ded05def14b682893105daf504500c3443b458ca2431bc6	python/lib/python3.13/__phello__/spam.py
f	0982f187c62fbfc1e8d368c8eb4104b56df71009a6b2823565a699e7b4cd945c	python/lib/python3.13/_aix_support.py
f	2892865f6914f27885d4290d71690336f13210fb1465ae7e47ae1cb3e13c0a5e	python/lib/python3.13/_android_support.py
f	3bde7533b66dafa0c755c92bf09b30932a723ca58905a3fac670d53e3149f47b	python/lib/python3.13/_apple_support.py
f	87601195497fde3b7cea03bce396e1b713c17af3d273298d99d3bc0147f745b9	python/lib/python3.13/_collections_abc.py
f	0d0c7ff11790f420c2a4d1c0c17bfe0f797b273e7e79e5c598ef17d1df0f2eaa	python/lib/python3.13/_colorize.py
f	028d2d9845d7acac2e1ceb565aacaee64e3f8019fba96174d65eff1609b50cd0	python/lib/python3.13/_compat_pickle.py
f	3ad5d60627477a60939ee44fc1bb3a05dbe8fb52f0f75039b8f5d8f1a278b981	python/lib/python3.13/_compression.py
f	9ea3cf1835d877cdc944c7167e5460d9f8174c1aa4a601e0afa40dc894bc92ea	python/lib/python3.13/_ios_support.py
f	cb14dd6f2e2439eb70b806cd49d19911363d424c2b6b9f4b73c9c08022d47030	python/lib/python3.13/_markupbase.py
f	9a27d5830732442110b5945ddac1668db17abb51c44882ba9d4a8536bcc0ea1c	python/lib/python3.13/_opcode_metadata.py
f	363d3240acbba18a270bd3161f1ddb478f8492dc14fc451b2dc314db5c5ee09c	python/lib/python3.13/_osx_support.py
f	1cb1d58564945345e5dd6c8efda3c30022c43c90d465a742d79f99ce35f691d8	python/lib/python3.13/_py_abc.py
f	9a6652ecbdc8bcb9774136febc36b13f99aa926c7b42c19ac77e6c84128560a4	python/lib/python3.13/_pydatetime.py
f	c65bff8ef6f98ab99bb3d6a476fbf5cbb8f8bf150d4888906ebcdd7b2d76ed5d	python/lib/python3.13/_pydecimal.py
f	e1ccee5180b737fb9cc078a24a2c3f95698d507df3d070b5fd26345458392bd3	python/lib/python3.13/_pyio.py
f	2d078829f36ba378e879fcac388fec443d5dfee7e0061a2656f8703bec124dbb	python/lib/python3.13/_pylong.py
f	f2de534027869b0b5cf0f9a62d3d0b53e62688b483ef0d8b351257e07f255165	python/lib/python3.13/_pyrepl/__init__.py
f	3b207710ddae4728028d57c550d4315f88a626f06265cb719dd29f7b04977685	python/lib/python3.13/_pyrepl/__main__.py
f	ee998275d81433a49872666837fcbe37922008845c57c63d0c1bdd3508a92a34	python/lib/python3.13/_pyrepl/_minimal_curses.py
f	fa38840e7d147f5969bc76e2269ccfeb6ab4e64350845a6b34f9df576a04d7fe	python/lib/python3.13/_pyrepl/_threading_handler.py
f	4ec1110f52ccba2e4e751e8c0fc0f6842ea2b67c2458b8639cc62c068f6e11f1	python/lib/python3.13/_pyrepl/base_eventqueue.py
f	0ba4cea1386c591c90cc72e03349fdc4af516c3d0be8022fb7e36f2dd1336a2d	python/lib/python3.13/_pyrepl/commands.py
f	8cb06da6e9bd16653c7b79da72301cd4c8cde2faaafdfe1b49efd606c3b0badd	python/lib/python3.13/_pyrepl/completing_reader.py
f	d695785757543e0a3947f485c27f806a5b4d2475718fa45bd941d7bef5c84414	python/lib/python3.13/_pyrepl/console.py
f	216acb3e10c36d702c49c0b1a309c27d0c9c7508a6dc914b2418d939a86bd50b	python/lib/python3.13/_pyrepl/curses.py
f	a9228c28fb0bbbcd55957945e91aab7e7e97a0e4cb6ea79dd1cb71e03ce8b8b3	python/lib/python3.13/_pyrepl/fancy_termios.py
f	cab5c4ab74ffcd5ad413b3e8e3b557064db24545bdd16abe0cdd242a75e1b799	python/lib/python3.13/_pyrepl/historical_reader.py
f	182bf1a99c86e95798e443de79f0f02a0b7d6e5bd2b8d51015dcfe64b5267ab3	python/lib/python3.13/_pyrepl/input.py
f	167ed21f970855b32baa438967c3e36b42f1d4effe4225037c771ca4a47a5295	python/lib/python3.13/_pyrepl/keymap.py
f	5b00541bb7976a4937aa2c22a088ef4cc5aff10987035f996db9e2bff9dc6c1a	python/lib/python3.13/_pyrepl/main.py
f	031601420323bb94aca7befe8dad6e9d2af13fa6994ed98c3a93ac84890a499e	python/lib/python3.13/_pyrepl/mypy.ini
f	00226d6adb0239a8d7e708259d864345c068ca1e67c60d6b4371679d065db5fb	python/lib/python3.13/_pyrepl/pager.py
f	ee2168bf802a3838063578e65ec96b2716b43b3addbc2f70ce228b359dd0a9fd	python/lib/python3.13/_pyrepl/reader.py
f	5dda9809b3b13317737367209973508a9f71a1a0a3c75fa4e353818a69912da3	python/lib/python3.13/_pyrepl/readline.py
f	8eadcc9a56dc6ec3c71907c7e3ea291d32a8f8189bdd6084086bceb8be479fc2	python/lib/python3.13/_pyrepl/simple_interact.py
f	ca77b0434f88d35f9b2a1796ace7a412e358c37a830fd93d90b3955146618d02	python/lib/python3.13/_pyrepl/trace.py
f	f7aa0bd36205ea53a7c4237df213767a177d683887f467e06b6e4b31c48f9aa7	python/lib/python3.13/_pyrepl/types.py
f	b0299e98a428e7ff473b8b9ba1b3b03ad172c7f42d85509607092ecb7552afcb	python/lib/python3.13/_pyrepl/unix_console.py
f	5977a73d6364d17e7416f91adea640feea5cd4864de1275fe17ac7bb080add4f	python/lib/python3.13/_pyrepl/unix_eventqueue.py
f	60301bfe8fe6199354f2b7dc6ff616b08d539251e8041c4c257c73aa683182b0	python/lib/python3.13/_pyrepl/utils.py
f	2a7a6569137f06bae626e9101863a7de017a08f9ee614f1b23e3ef923760d5a6	python/lib/python3.13/_pyrepl/windows_console.py
f	ca39efc778d55c97357fc8b95f25f1c9301f79f487ee7486f24bf872a87c3aa7	python/lib/python3.13/_pyrepl/windows_eventqueue.py
f	f688c89b860d5839aff1047d4f3df6c9695f136e2ae8a167bbbfa51846bbdaa5	python/lib/python3.13/_sitebuiltins.py
f	42ace512e928d00bf6642f322d6ecae9112412f9b4d2d73ab89f8db3a79d0598	python/lib/python3.13/_strptime.py
f	81321718848620da0e5fe639606fe59afabc3b270ae4054848fbbf29e21b4e10	python/lib/python3.13/_sysconfigdata__linux_x86_64-linux-gnu.py
f	c28a8fee862741e9173f5a76f0c680761b5f61e1dd9f2ca479b02c69c9ada4e7	python/lib/python3.13/_threading_local.py
f	91895a451d06e9f521a1171b31b9b19bc9740f35af00d4fa106338ab7167c9ac	python/lib/python3.13/_weakrefset.py
f	e558702a95cdce3febd289da021715d2b92bc43995b8a1bc58dfa1c3d8010287	python/lib/python3.13/abc.py
f	8a5ee63e1b79ba2733e7ff4290b6eefea60e7f3a1ccb6bb519535aaf92b44967	python/lib/python3.13/antigravity.py
f	51d0cac86f746dccdb2488515ee0c2ad0969c599a0e2d6006cdbbce5cd00b3cb	python/lib/python3.13/argparse.py
f	7514eb7df98b1b76eab160ca2a83e6e9a9f3219a4659808cd9fd278b524ede1b	python/lib/python3.13/ast.py
f	61102f2b5f8fb832f0558cb66391f227970b3dd34ea2a621455587b4295e89a1	python/lib/python3.13/asyncio/__init__.py
f	8e6fd483a8f281654ba95314647e6d5e8c6f36ff1627f9f35db72284b81cf8b1	python/lib/python3.13/asyncio/__main__.py
f	8bde9b41993d4d903675fd6b74593568aa0e0d695c62138ce26fe4a2fa32234e	python/lib/python3.13/asyncio/base_events.py
f	2f3798c4b82f5ac77647908b157c924f734f36871d98970e72849ea9a9a07856	python/lib/python3.13/asyncio/base_futures.py
f	19c9694a4b774d409da84fc992419a6f523dcac42170f8a385b2b3add010de10	python/lib/python3.13/asyncio/base_subprocess.py
f	56efac65b63db927af336fa55eb5bda93c97a2defa4734ea8d695ed20fd6712a	python/lib/python3.13/asyncio/base_tasks.py
f	873fc2f9e66313c3c19c337269e704f204b59f9e91d6ecbec59f68335484d338	python/lib/python3.13/asyncio/constants.py
f	2feec17557c230a80cc2a6391bbb1c44b9f3341820b05667e36a4eb12b749436	python/lib/python3.13/asyncio/coroutines.py
f	c017571fec58a3f291da00ad160cd015612f90b1bc76407ed7ac1e36dc7a3110	python/lib/python3.13/asyncio/events.py
f	a5971f88be14cd1417d59adf539ae48c5d818f95362a4e0eb00017e3690ab37b	python/lib/python3.13/asyncio/exceptions.py
f	c02f2f8c1e2508ddb2f8d8c1bef452be1f6b9a1d2a998b89a56d153e42a5f1ef	python/lib/python3.13/asyncio/format_helpers.py
f	9ff946bcd5e008d89efca2140a400edc5ca808f7f4b89430e8222157e0118412	python/lib/python3.13/asyncio/futures.py
f	c26af87d900bf8e7f8ac686a65cc547f205c2a8cc6ff895150f56b213059f420	python/lib/python3.13/asyncio/locks.py
f	80e4cc3ded4b138baba486519e7444801a23d6ac35f229d336a407a96af7e8d2	python/lib/python3.13/asyncio/log.py
f	8f4a3e16eca845ebfba422550cbcee7340ec8166d2bff6b750a8ed0de6b9ae3c	python/lib/python3.13/asyncio/mixins.py
f	a99400596b3148ed08a3d20754c43dbc4efbee95492889410f928ef58c427895	python/lib/python3.13/asyncio/proactor_events.py
f	1d1b49988c338b4ef06e30f9e92d9db2e00080c341f0a3f573bb8312deb8aff6	python/lib/python3.13/asyncio/protocols.py
f	9ce87bf63f113509d479ea25fecd25a705766d750c304a180d1bff02a0fe6f6a	python/lib/python3.13/asyncio/queues.py
f	6b95ce20871b9e39c260c95d51a5f21153bbf8ca8cfe2b53156b6261620652da	python/lib/python3.13/asyncio/runners.py
f	1938ac8e095741b3c1237c6d7b72ede732b9dcbbe7452d81c171e2e9e48bb259	python/lib/python3.13/asyncio/selector_events.py
f	b33d2f13fc373b7220402c4358dc96c770cea14489f5570b49774b37f9ac052f	python/lib/python3.13/asyncio/sslproto.py
f	3998d04fcff2c8052af03f3f34dbd3bd510b2dadddd5f2629a2c1cccbecd136d	python/lib/python3.13/asyncio/staggered.py
f	4d10a2e227daf0ba928828c31399e1f55b7a44a50d6d2bc6e2271f9c4fa90909	python/lib/python3.13/asyncio/streams.py
f	7b70605716334f63cc482123b2aaa3b7c5bb7138eeab63a037bd8068d43307c1	python/lib/python3.13/asyncio/subprocess.py
f	393b513584475ef6607a62d6951730a36c641bc8020d62694494a6099a971368	python/lib/python3.13/asyncio/taskgroups.py
f	a3d11a934e769de1156d65bb84fc08d2b3113c7632a010b4c7db4bbdd32c65b6	python/lib/python3.13/asyncio/tasks.py
f	95877db9bf2c36ce9e630780ae145627f1401b95a9e8ee101b018df2898e8072	python/lib/python3.13/asyncio/threads.py
f	2ae184db5190da7a7dee453557f71a8d3eb3dc2b9f3b2fb57ee658216c3fe6e2	python/lib/python3.13/asyncio/timeouts.py
f	bfd414b25979e07b74081140bf91332957a9bf8b5aa5a0c7ff0d779d93eada21	python/lib/python3.13/asyncio/transports.py
f	c0eac37debcc51b702b808f6b7ed3e417343f5ff5f57125dad600a27eb082328	python/lib/python3.13/asyncio/trsock.py
f	64b1574995db94abc82553b12e271f4de179b1563fd2aa798ee2810755792b2d	python/lib/python3.13/asyncio/unix_events.py
f	8209631826ac4a8ff6f43e27eecb584a391b54e671a05b6938bf4ad58e6273e9	python/lib/python3.13/asyncio/windows_events.py
f	b9c40e077d5c00dd22a1058ffd3fad8e21c8753b0710f02d97ade7bfdad03493	python/lib/python3.13/asyncio/windows_utils.py
f	a80fc2454f7a0ad644f02259184de5b52084392ddb8b41c1ce372e50a09f3993	python/lib/python3.13/base64.py
f	af6be2c34a735f34d33bbf6b45582a08d333c7937363db5dc451be6c69f0f46d	python/lib/python3.13/bdb.py
f	f1cf7b85fc36b5da249813fc5ab97d9464f8cc1bc817f7146206fa2713e35999	python/lib/python3.13/bisect.py
f	b217459e4c74ccb3da3a44b51dd335cfddcbe9d3014b3279dda1c1a7ca448c08	python/lib/python3.13/bz2.py
f	7834ef85dff0d2563a968da9d1a61d9c36687820b47a557fcb8ad577b71aef52	python/lib/python3.13/cProfile.py
f	519c59b7a52e45f9c8056ed8cc8cede5be4bfa16d2179c1db1b01688ac1935b3	python/lib/python3.13/calendar.py
f	f591b34e16dc6616da89eb79b650e940d6e8b377a898d353ee26cdfcb4d9a033	python/lib/python3.13/cmd.py
f	f68cb3730f2ae7d8bfda0121c0af196707d7e5f33876ca0712f7194dfea0af30	python/lib/python3.13/code.py
f	2f278497548b8313580b247a1097a0a304e5087a355ebb11a92ec685fa9e63ff	python/lib/python3.13/codecs.py
f	ad13dfbb20a67e3cf82a8dd70f425559fbadf7c740208feb400635ee19b9745e	python/lib/python3.13/codeop.py
f	f1bcb4869aeb72253315fcf04646eb3a87e7140afec65bda6500aa609fc2f641	python/lib/python3.13/collections/__init__.py
f	65e3dfbf7bad61d4d7d7731a69dd7e75a347fd350d91327a51010a94e6fd2f1d	python/lib/python3.13/colorsys.py
f	561b6427a811ab4060bf16b35f3755ac88a0869ea523b380173ddeeebea8eef8	python/lib/python3.13/compileall.py
f	87ad5c8954dd56fbbca04517bf87477ff4dce575170c7dd1281d7ef1f4214ac8	python/lib/python3.13/concurrent/__init__.py
f	9b597f6de7da771109ca7bf96a1af5ea4d5fda69b27b39312d34966d987f73cd	python/lib/python3.13/concurrent/futures/__init__.py
f	6ca5d2bb59aa23af56d95dcdd31728fda687f7727e79f4465236d1f65c06b053	python/lib/python3.13/concurrent/futures/_base.py
f	5713a14c1f478945cf0d3b4f8185f8d6232983093b2cebb1fda340c1cfff0b51	python/lib/python3.13/concurrent/futures/process.py
f	62e194f69dcd39919d8c06d0abee8b92c6c3d3c71229d7b55e151005e2960a76	python/lib/python3.13/concurrent/futures/thread.py
f	16c1fd98d5cf62437fbed0ec287fc140c915ea720fa2e2d3130885d91aa87a31	python/lib/python3.13/config-3.13-x86_64-linux-gnu/Makefile
f	51026e035ea4237ab9ca2d06a5a016aed05d88ea9c67b3c8fc6957f77b457bce	python/lib/python3.13/config-3.13-x86_64-linux-gnu/Setup
f	bf5882e6137281d7e48a9aaa36445f24b4d41cd46d940e569552dc7dcce47b0b	python/lib/python3.13/config-3.13-x86_64-linux-gnu/Setup.bootstrap
f	8c03004119e62316021dac8c6bade1629a66e119eb3ab5fcb6268de4fa808dea	python/lib/python3.13/config-3.13-x86_64-linux-gnu/Setup.local
f	f76cd7560571283ae07c923257700c965d866873ad8dc3da8d09d2022f323580	python/lib/python3.13/config-3.13-x86_64-linux-gnu/Setup.stdlib
f	ffe060463ae66b1a5d2a9d3f72fa67083ee44cbe7705cf7ab4cc83950e2d6018	python/lib/python3.13/config-3.13-x86_64-linux-gnu/config.c
f	3b762c1ca93511eca2deb923f4632d708ec8f11f5d75e71bf2ec3cad84e69c03	python/lib/python3.13/config-3.13-x86_64-linux-gnu/config.c.in
f	3d7488bebd0cfc9b5c440c55d5b44f1c6e2e3d3e19894821bae4a27f9307f1d2	python/lib/python3.13/config-3.13-x86_64-linux-gnu/install-sh
f	4eab8e9e6fd4e31b3235018ad0ebad75546e85cfb4ba96877f03dad30a7746da	python/lib/python3.13/config-3.13-x86_64-linux-gnu/makesetup
f	8ddfb4e21f9ec84c56c6da6ec1896550595ec0170ccb2e23f06ea5179a5a47fc	python/lib/python3.13/config-3.13-x86_64-linux-gnu/python-config.py
f	ae35e1b5a3d5d6810136fb03455eb2aea3f5e7643a907d9994e3f187f4e1b264	python/lib/python3.13/config-3.13-x86_64-linux-gnu/python.o
f	17735be1286d689b6002c51b6c493187bae76fcc6222e6b7386d53b7cb367e3a	python/lib/python3.13/configparser.py
f	c1e0d67b2007de11ae93cd36cf6faf38d9ab32656a832d592a49325eec579f96	python/lib/python3.13/contextlib.py
f	5ed260be8d1f4fe92261b7810b4bb1e8539c42093d7493f677d076e1a87f459a	python/lib/python3.13/contextvars.py
f	d6b858961b91b48a4bf5a115b0420c890d677bdf058ab2323a8a75298eed47db	python/lib/python3.13/copy.py
f	c8eda41f05c6bf95a4da4726a530409d2485ae060b8d019b3a8034389a15d3e9	python/lib/python3.13/copyreg.py
f	0e14d96b675980e1f972e069083994b13164d05a9d84817c8bb9fefcb13c65c3	python/lib/python3.13/csv.py
f	f9ae3729cdf1792f614f47b1008d82216f7db824cb26a01134de40a20aba9106	python/lib/python3.13/ctypes/__init__.py
f	540e2821fa36981bde5c6ffb8f972474b06db4a37c1854c0e0e379b75d2b0fa3	python/lib/python3.13/ctypes/_aix.py
f	499773a028a41ee18153fedfe0a00a26efb2a650f568b9bc17e2f3a914a23468	python/lib/python3.13/ctypes/_endian.py
f	dc29d1da83b6a0a09a41647e4111eee878ed079c2d6b54a98fd6d8b88dd581f2	python/lib/python3.13/ctypes/macholib/README.ctypes
f	1e77c01eec8f167ed10b754f153c0c743c8e5196ae9c81dffc08f129ab56dbfd	python/lib/python3.13/ctypes/macholib/__init__.py
f	eb8e7b17f1533bc3e86e23e8695f7a5e4b7a99ef1b1575d10af54f389161b655	python/lib/python3.13/ctypes/macholib/dyld.py
f	f19ee056b18165cc6735efab0b4ca3508be9405b9646c38113316c15e8278a6f	python/lib/python3.13/ctypes/macholib/dylib.py
f	a9f6faacdb1aa00ac2f68043cd445171de9639a732b861bd5e64090a2865ab23	python/lib/python3.13/ctypes/macholib/fetch_macholib
f	7497fbdbb98afca4ac455e3a057c59bcdebaf1280e25c94741dc301f05cb53e5	python/lib/python3.13/ctypes/macholib/fetch_macholib.bat
f	302439e40d9cbdd61b8b7cffd0b7e1278a6811b635044ee366a36e0d991f62da	python/lib/python3.13/ctypes/macholib/framework.py
f	7ea62c89cdcfb3e9921dc2aa327883fcd3d7fa2651f0ddfc778a7ca1a4350d5a	python/lib/python3.13/ctypes/util.py
f	5c4d9ba1a21683838ed1d1f007b6038304e42aacf34c576e820311d26cb243f3	python/lib/python3.13/ctypes/wintypes.py
f	d8730e360dd00ec046bdd85cae41fe83c907c6ae3716a964158fce8f31ab28b0	python/lib/python3.13/curses/__init__.py
f	780dd8bbaf0ee7e832f164c1772953e694a9cd1031d1ab1471af65344d3645e6	python/lib/python3.13/curses/ascii.py
f	15a052812d9ae80124bb25b3f5b9ffae38e2b03073774e163abf3d773140cfb3	python/lib/python3.13/curses/has_key.py
f	13ef404a30da1825a612ca3e453db88c305d45deef4441c4c9e2ef7ee0ef50c7	python/lib/python3.13/curses/panel.py
f	a62185f0041a70132426f7d1a2660c1d1b76da2f314d644b310697182d06d343	python/lib/python3.13/curses/textpad.py
f	71aef7961f18bacf223566a83730def028c7fd3d6854b2d27ee23732f3d10f83	python/lib/python3.13/dataclasses.py
f	ef20dc6b3554cd585dddffdc573f1f9a7a54c522f2a3fb4576c44edbb1e14238	python/lib/python3.13/datetime.py
f	64576a77d107294ffcb7be37049c2bedb6b61d102526d31e5ca1d8d5aa138459	python/lib/python3.13/dbm/__init__.py
f	7e18577a32d85827efd72c5da14709b9f3fb7fe0eed86abf74b5f6df54acecb3	python/lib/python3.13/dbm/dumb.py
f	36cd4904f50e00c4df4ad9d450b3970e150957425f47c00cf979ba73eff49778	python/lib/python3.13/dbm/gnu.py
f	1bcc2d9b2fad1901f3421a174eeecb5b8ccc6763283b87bbe0705b404c71904b	python/lib/python3.13/dbm/ndbm.py
f	3905182669ce20ffd109b6bfdf349d161747d328976bf1ac687d843d1d62d32e	python/lib/python3.13/dbm/sqlite3.py
f	ed070025c9742f71f7ea92ec1a3d24f85b3199dd79b9d15a141716154e647989	python/lib/python3.13/decimal.py
f	1593ae08143632f4f81fea3beeeb279d803f8a9be922b12fe79664d78bba879d	python/lib/python3.13/difflib.py
f	1852129bf55039f192d90174334fbe459d5f982cae33a04e700fe7cdb2748a51	python/lib/python3.13/dis.py
f	d7a1346f9c2b81b3722521b2716993a83a699d2654eca57a2f724d96e6d3d28b	python/lib/python3.13/doctest.py
f	e4f46e3414c4602c9abb8b404a45e84412fc49dbe38a3d163f9575132dc7c93e	python/lib/python3.13/email/__init__.py
f	a3c3de0ee744eef46a351d6b1eb21abd6c47aa1a534a52339bca4c6100c357d7	python/lib/python3.13/email/_encoded_words.py
f	7beea37afd292ebc963afec0efb6e003638ec93d894dbd2ce631fd989c5106b7	python/lib/python3.13/email/_header_value_parser.py
f	4ffb36796b7c44165ed1b5562c24e32dbaa8b937eeb0171cacc2549c96ffc375	python/lib/python3.13/email/_parseaddr.py
f	00074ae864bf436b89afbe35179126b9d27f875f2e731616a8be1056a6101625	python/lib/python3.13/email/_policybase.py
f	f2b2ba7497fd02d13abcfc2a98099283a94b09e8b4f2c1c822ecacde3bec3eae	python/lib/python3.13/email/architecture.rst
f	e2b4b87a5f42a8c5780e343f675513bbcc6abdd23fa14f8f1a7d4f7d72304770	python/lib/python3.13/email/base64mime.py
f	622646159b595f777fe1579e34ad55c38193afcb8b842b9ba0f36877a77951cc	python/lib/python3.13/email/charset.py
f	7adceb38c576ede32ef02c6736ba1e0a1b0a76229d2e398e18398f56c3d869b9	python/lib/python3.13/email/contentmanager.py
f	690b275529788cc48e8f541a2aef321dc31e92f75764ac7924896db72d8a9555	python/lib/python3.13/email/encoders.py
f	dbfb4bbfc85e9d556d3385dc6356518846d8a122bc643b171ea61b6e8dc42c8b	python/lib/python3.13/email/errors.py
f	1c50d486f2bef9b18debcb06ff552f45c83ec6c9a47b4ef257eb0f1f58b3f6bf	python/lib/python3.13/email/feedparser.py
f	401e38402984d7c0dc6feac4fa35663f100c20097bb89ed4d28739550bc0f74d	python/lib/python3.13/email/generator.py
f	730f58dbc596e9e984dd0f5765667f8609462e9905f3c0200ba14c8cbcbf9c45	python/lib/python3.13/email/header.py
f	48e7496d406346a7032107f3d8682e87c709d83ae7dede3c7d23970538c7161f	python/lib/python3.13/email/headerregistry.py
f	1080a2d03779176d6d45f6ecd976dbe69f5579f7e4e83b75224c3f92fd258102	python/lib/python3.13/email/iterators.py
f	3f56f7a4f21362122cd53c38fb2ca6280e21970356fc64f536e3b5ce0caa3871	python/lib/python3.13/email/message.py
f	e3b0c44298fc1c149afbf4c8996fb92427ae41e4649b934ca495991b7852b855	python/lib/python3.13/email/mime/__init__.py
f	b82a944ccba03e7e7eec46232e50ffe4ce2c32f4b0e26662e6bde30d533584ae	python/lib/python3.13/email/mime/application.py
f	542038f257c2111cf9c74c2be89e417c05400922128c504dde9dafbccb7352b5	python/lib/python3.13/email/mime/audio.py
f	9a7b36653b5657525a0aeeaa72d4a0b09f598e6edc29c139c2dc2612b7d29fb8	python/lib/python3.13/email/mime/base.py
f	460be5b50cfcaab8e72a73f24f14ab062cedf1a40a775b8b0d80c13aed44bb5e	python/lib/python3.13/email/mime/image.py
f	30fccea73b874b5ddaccbd3c64936833749ff039f08d40524c1b0b25b8e8e2b8	python/lib/python3.13/email/mime/message.py
f	8bf2beca6de95d66f12968380a428d3bb0a28a8a6ea2078da521511e1ed80a38	python/lib/python3.13/email/mime/multipart.py
f	4eb9ad32603d66fc9d55aebcc4d3cf759edd9e95a591d38690659afb2e57b050	python/lib/python3.13/email/mime/nonmultipart.py
f	71c56a41675a36801259c9946f7b7bf838e6c29c453ba8c34d89401f2b972d6c	python/lib/python3.13/email/mime/text.py
f	2c0e94c075ba4c46b64d51483d7a89e01cb10940d4f06eb06969d8d5a014a63c	python/lib/python3.13/email/parser.py
f	9377071663d07120114252853acaaf1cd6956c7a171785a03cea46238f77e1ca	python/lib/python3.13/email/policy.py
f	3bc8333228477e379fe87c276a9c9223ba0c8ab15e468503cf7eefbb9f66898a	python/lib/python3.13/email/quoprimime.py
f	6ca3d1b53285ec267213476a8403dafb554bce4d271b53a73e34019cb44b8cae	python/lib/python3.13/email/utils.py
f	3a8c3b489e90381552e06171f4a03e4097b77a675795974e9b0d10338729003e	python/lib/python3.13/encodings/__init__.py
f	11a55010c4b67dc758bfe4f53e5cd1f69cce2f6265c30b2f32a72273cc7cef02	python/lib/python3.13/encodings/__pycache__/__init__.cpython-313.pyc
f	0fe8a11abcd1b2508220be8cebbc7543bbcecde2b3365d72da3ffa85582bdda1	python/lib/python3.13/encodings/__pycache__/aliases.cpython-313.pyc
f	5d72aa6fad08792b00d1b294c23615c5ed9d9e9e6bbbf93e891f686caffe3ea2	python/lib/python3.13/encodings/__pycache__/utf_8.cpython-313.pyc
f	368bf46e530f71d2defa1e2ff305f7d887584898e624cd36c75413fa23d5b333	python/lib/python3.13/encodings/aliases.py
f	578aa1173f7cc60dad2895071287fe6182bd14787b3fbf47a6c7983dfe3675e3	python/lib/python3.13/encodings/ascii.py
f	cf9ac7a464f541492486241d1b4bf33e37b45c6499275cc4d69c5a8e564e5976	python/lib/python3.13/encodings/base64_codec.py
f	98fac6f86a20dd05da197e2058176ebfd47edee7074c3248f5f48fe0fb672d7c	python/lib/python3.13/encodings/big5.py
f	21d051a00fb5c6a86ba187e0c50e811d659ce00991fd5f5b408f71ebb2ef0f16	python/lib/python3.13/encodings/big5hkscs.py
f	1181a2a89102a2b1d2b2f1f4473236d5d1ececdd0be8fdaa498a3dbe21a185ab	python/lib/python3.13/encodings/bz2_codec.py
f	1b8b5fdb36ce3becc62a6115ed904a17083949ec8aaef5a80f7078cec232f43b	python/lib/python3.13/encodings/charmap.py
f	fda6ca994d710e4e0c760e0204c29a4273fc0f14ebe3169306d2eb54c9953f58	python/lib/python3.13/encodings/cp037.py
f	eaded38b427841bdf280e878f1e26da506e743eaa9429075332af60cce429473	python/lib/python3.13/encodings/cp1006.py
f	f5227237dd7ce5005b16a8e4d8342f0d193193c878e3cf35b9305d22b3b1aaf9	python/lib/python3.13/encodings/cp1026.py
f	f84c7d30ce222e6a50cff1a4c9737173411da108cbd2c9bb57c854480103c470	python/lib/python3.13/encodings/cp1125.py
f	3379d78b244aa905ffe1171a968caaf41b9a0154d1ddc76c05a2abaca2b289fd	python/lib/python3.13/encodings/cp1140.py
f	ebcec1adf9167863fb0bab29708c546300c80a77ef07838c9e0437a59e265970	python/lib/python3.13/encodings/cp1250.py
f	d57f8cfa34494c5acb6692ddb31f616ae2dd89a075d2af6d36b0b7ec2ffe7af1	python/lib/python3.13/encodings/cp1251.py
f	19aa5bee667f5fb387924a813aec9fa1dda47769d09e8483a748bdb202be6a84	python/lib/python3.13/encodings/cp1252.py
f	8c27696dcfb6894b378869bc89f113703fbd1e9b13a83934463d5999b055d1e8	python/lib/python3.13/encodings/cp1253.py
f	06517ec2f74f1c6562d0a1a500c48ba43f2e6e9d0c3d28356d747f274f1a4c8d	python/lib/python3.13/encodings/cp1254.py
f	54a1b5087578fa78e5bdd0afa6a9e80e8c5467c1e4226cf6e586cfe7a674a653	python/lib/python3.13/encodings/cp1255.py
f	ad3768ac2fef2a646b3301c20af705f4d4a1544f22fa8a84241bada27ab84133	python/lib/python3.13/encodings/cp1256.py
f	d9149d2925b3f719809ef2297e541461079f15c658af207a3e498be314ab2c6b	python/lib/python3.13/encodings/cp1257.py
f	672e05b51952a82c8dbd5603769195fcedf565e457bb86c0d5bae04955d04630	python/lib/python3.13/encodings/cp1258.py
f	6c6aec3b213ea3aebc2c526dd4d121c95d4a25a2fc928a87cd80f8448988185f	python/lib/python3.13/encodings/cp273.py
f	30414c2186ea0802bbf3db034122ddec1f8a10061b97c50871e14b74ee36d0ca	python/lib/python3.13/encodings/cp424.py
f	5c2a5015cd36cf7f561269f33dec4c323093d3d88b0673969accdabdcb9ce2cb	python/lib/python3.13/encodings/cp437.py
f	630f503f9110d98ea3e1529f2f965ebc275a2f78d3de47f8e9b69d35589d764b	python/lib/python3.13/encodings/cp500.py
f	395496001271b92efe5df07fc0ae7c3410d1dd2bdfebbd3e4d8e806c8166beb0	python/lib/python3.13/encodings/cp720.py
f	be3ca1785a3970ec62310710eaf7de82932181b04d06fe4528f8adaba9fb8c4b	python/lib/python3.13/encodings/cp737.py
f	e0dba85b99329d7f16907e620adada06be5216abcb964406c827b569b2cf1aeb	python/lib/python3.13/encodings/cp775.py
f	257e29f235e2a8790dd68cee45668776648bab809ce8584f893cdd8fd007993c	python/lib/python3.13/encodings/cp850.py
f	cc6faaa9dc4a933127da0aaacd1dc7a44c09266051af56bfe3215ff228636b6b	python/lib/python3.13/encodings/cp852.py
f	7b25c61c9e8c47b218d3fbb801541a2861926ac712843d2113fff90e2074f5ba	python/lib/python3.13/encodings/cp855.py
f	2e52ec5cb1eafa6739b5569b0b98ee89df5f7358b84ccdc8da64e86f017d359f	python/lib/python3.13/encodings/cp856.py
f	8d1b769058bfccdb3c6c70c49a104f5081a2fcc9fad68f7b5eb3e4f67f0b33da	python/lib/python3.13/encodings/cp857.py
f	a24930c4a6ad0ff66dde9a69f2027e4b92c2c9c61dcda2992e940654c606577b	python/lib/python3.13/encodings/cp858.py
f	2dfae7e31d3d9aa3013cff44a4d7ad842f257ac63765a9998436701b629cd86a	python/lib/python3.13/encodings/cp860.py
f	701930d77a2177497586e99bc3fe60f2d4beffb645608f167c76874a72ff405e	python/lib/python3.13/encodings/cp861.py
f	15a2844b6ed9544c6400cf7299b42d0c2bef93c9bee70a9e89f66b8610ad6d6d	python/lib/python3.13/encodings/cp862.py
f	a3d57f61fce1b98fc81ea8e4ebebaf402fae40bbcdd35d4b8297b9bb49a79aa2	python/lib/python3.13/encodings/cp863.py
f	15ad8f1fdfdd842c7522241372e7eddda7df687e815692a89157c5f256f21a08	python/lib/python3.13/encodings/cp864.py
f	bdbaded987242ed2a8de7133ec2f61ddcc1c2e9de27816ab7cd0a4c678a3a907	python/lib/python3.13/encodings/cp865.py
f	9efcc8e85bbd1687272a0991f6d0429a4c06679db2d114b2ac95db27a70f9d13	python/lib/python3.13/encodings/cp866.py
f	52582d9fb769b24eac7154f18d7dae856588297d6da98f37fb5efd8da883826d	python/lib/python3.13/encodings/cp869.py
f	fe4752fa2e65741e08a563a31ff914fe71068942ce9c6f4070b1dfd7b25e5e7f	python/lib/python3.13/encodings/cp874.py
f	2fe72632015db2cba2bb4367055551da6fe22051b96d170c7b96fa271c46b257	python/lib/python3.13/encodings/cp875.py
f	99748e28113d2d49f5d666b49b78accd2c6e10a7852f7dd6dece9b5b71aa83c4	python/lib/python3.13/encodings/cp932.py
f	950a7d29467ce0590b4a1137830d43d88d8f20e4035dcaaa8b2a5c3c3f1de962	python/lib/python3.13/encodings/cp949.py
f	27811178b450731fc955b1247656a605d04e5ee98e0d585e4596b94b703a27f6	python/lib/python3.13/encodings/cp950.py
f	9fa426cd9f17629f6320700ed18baa94839304cf1bcabbee7edb501747dc055d	python/lib/python3.13/encodings/euc_jis_2004.py
f	e28315910da20218dae8b7d5becd81de1e283dfd8b0415a4980d67065de73a0b	python/lib/python3.13/encodings/euc_jisx0213.py
f	b453a439787b0efa031e43416a7d852a6be705c985e1200693eb96d87ea79cdc	python/lib/python3.13/encodings/euc_jp.py
f	633a1a5504bfad04b1ec9c96d44d4ebb3bb99066a218318e7d67d866e20887a6	python/lib/python3.13/encodings/euc_kr.py
f	6c10b4dc49bc63724e539137ede6936304fcca1c97c28d16d89f381e10849521	python/lib/python3.13/encodings/gb18030.py
f	3d2d567d8d079b78f3f3b566ed52ad2f38af61bf832b7dc28858b0039a032d6b	python/lib/python3.13/encodings/gb2312.py
f	eff9b8cbc9ad2ef2e10e96afa83d3db1f775ea044aed275b7a35574ae0d8645b	python/lib/python3.13/encodings/gbk.py
f	fc5f0a31b59efe990b86efb98936769f33dd91d912ce55b49a5a4cfc516cd047	python/lib/python3.13/encodings/hex_codec.py
f	c43cce763d12e8f71a63dbc16641bd87147eaf5f9d9054ea856864b216b2735b	python/lib/python3.13/encodings/hp_roman8.py
f	025a9531e3046e52d3e039c0be04f9a5a74651d7683a13c7c7ebd4c7dfb5996a	python/lib/python3.13/encodings/hz.py
f	ea8d7f01422af0ad138e4bf58d4ae63112f3ceb68833c486d6c4d18252610fd8	python/lib/python3.13/encodings/idna.py
f	461a0e7f72eccb8b29f351c4e7926cfbda58e0edd6d0770bd82e0b36c5febe77	python/lib/python3.13/encodings/iso2022_jp.py
f	63bacad13a979a5519fcaa4f1e1e07b2c7415005167fac3a689408c7d886fabd	python/lib/python3.13/encodings/iso2022_jp_1.py
f	5d4248181548b0fc89a9f5ee9cf52ebecb235708ba87d47896ad14130884ef9f	python/lib/python3.13/encodings/iso2022_jp_2.py
f	b4d1468bcd608b46f38cb0c6ef115510dcf9aa0f71e590792f407efc6e165164	python/lib/python3.13/encodings/iso2022_jp_2004.py
f	3aceaa5661909de14e2861d864443b8472460ce39b99cce5c6965346d47aa5ac	python/lib/python3.13/encodings/iso2022_jp_3.py
f	f4c9ed8f3031995faa224bcb10153d2b6144944477d1f27d1a6cc4a879fac34c	python/lib/python3.13/encodings/iso2022_jp_ext.py
f	1c86362e17944f0bcf68db02f4995bdeea605867795fff7ab4079073f96705e4	python/lib/python3.13/encodings/iso2022_kr.py
f	b5cebd515e057d670bf54e10b8a6f162ef3daa7f21b146aee3249160caf3c32d	python/lib/python3.13/encodings/iso8859_1.py
f	54c886b41819ebb7f4fb34b8dbae1c45f4fc0864f019ecd772676ccfac5fae7b	python/lib/python3.13/encodings/iso8859_10.py
f	ed5a964470a241b4da7a6cfb718e4149d09644933af38f0497602baab6e563ef	python/lib/python3.13/encodings/iso8859_11.py
f	7312237e8e5d201d920b4130f057cfdf1b0be9baafaa246826e6d93204fcc206	python/lib/python3.13/encodings/iso8859_13.py
f	82778b995a0ee87c5f1180fcc52900359eee15bd9a6e3a0e25f0d963e0b2a343	python/lib/python3.13/encodings/iso8859_14.py
f	01976a81811873dc9a0c79db9fc00d1c30103487f3c6bc3a6d81b4043cd48e02	python/lib/python3.13/encodings/iso8859_15.py
f	b5ac8f5a5d8f84c0f903b2b7c342184758d590d8bcf810d561f942fe5b372d66	python/lib/python3.13/encodings/iso8859_16.py
f	2b57cab6111cae9021505e3ae1b2adbbfc344ec48165fda322f6b069fbb18adc	python/lib/python3.13/encodings/iso8859_2.py
f	4ffdf89004bf0c5230caa7079f7ca3142fc112f8b923ddb2c7358369d2d3c242	python/lib/python3.13/encodings/iso8859_3.py
f	87bd130daa0eaef3e4cb465e10cffb2bcd194ff74097e0c186b4b8eb7be41ac5	python/lib/python3.13/encodings/iso8859_4.py
f	9961d96cc7b9fdf011ebcaaeaeca7b50b8670fadbd7b75fde66192f8c1f68f30	python/lib/python3.13/encodings/iso8859_5.py
f	4840e68014346517680f593ca22f67133c39ba7e46f34b9be62c980a728448c6	python/lib/python3.13/encodings/iso8859_6.py
f	b352eca3b819488f64fb3338fd93f39c1e30f32bb13f2f9c577925e58f2960e4	python/lib/python3.13/encodings/iso8859_7.py
f	4cf9e8a8bbe04accb1c1a80853efb19ae0772d18f81e270adefc1b2386cb368e	python/lib/python3.13/encodings/iso8859_8.py
f	84d9b15263e81685f7513c5ab45caf80b2f73c301c68e659f7162c1b1882d359	python/lib/python3.13/encodings/iso8859_9.py
f	9586615917afd3d848c1c4328656603b2834af6115f2aec932fccc935e1a60fb	python/lib/python3.13/encodings/johab.py
f	4d4e353aee8039bb71e2145a6e68fe1e6833a1b4250b70ee0ac5ec70bbb8c51d	python/lib/python3.13/encodings/koi8_r.py
f	9c9043814abdbe7dc39ff98f3857d5d110a84c978ad2304158d810a4e9eacef1	python/lib/python3.13/encodings/koi8_t.py
f	d449f9858e357fa8c2edbd4b9fe739337e9f201cac3ded20f99bfcecd4970ff7	python/lib/python3.13/encodings/koi8_u.py
f	76beb30e98a911f72f97609a2373782573c17c88a5fb3537db338aa382979ffc	python/lib/python3.13/encodings/kz1048.py
f	b75503e532a27c636477396c855209ff5f3036536d2a4bede0a576c89382b60c	python/lib/python3.13/encodings/latin_1.py
f	5eafd9a3136abfbd8ed52df9c90203c7a283e7429ed60502a87a02511e0fb777	python/lib/python3.13/encodings/mac_arabic.py
f	a880cd05c82a8d11a29c65ee86a396def3344465dd71441b0bb4a73826024953	python/lib/python3.13/encodings/mac_croatian.py
f	83616786a1c6308b03a0dc82536908d24d0974b2248d67393d613fe558cea4bd	python/lib/python3.13/encodings/mac_cyrillic.py
f	f5763c38fb4ab0423fafe2fdca34d6f9932ac7f1a74c0cd8109d60234c7dc624	python/lib/python3.13/encodings/mac_farsi.py
f	63016a323ddf98cb3aa9cfa78f3bab4768bedbfe9a5262a36a5aecb13d291f6e	python/lib/python3.13/encodings/mac_greek.py
f	753cc1ac635caa7e1b4630fbcebef8db8db332c098154a5b11f652912bf64f37	python/lib/python3.13/encodings/mac_iceland.py
f	31670da18ce8b5394cd53fe6bf216268e7e8eae4c0247532e420e2e103727d50	python/lib/python3.13/encodings/mac_latin2.py
f	230367d96aef8e8d7f185b4acfb84923714f39ddbcbf9cf38a06bf6f5d621c22	python/lib/python3.13/encodings/mac_roman.py
f	49630cf035c19e896a123ed6e5fee18b5e485123daf2f15da38bf727ff387bee	python/lib/python3.13/encodings/mac_romanian.py
f	99758a5cad2825cb3be3fa5d031e0821e4eba910a46f417fd890207b9b6be77b	python/lib/python3.13/encodings/mac_turkish.py
f	f6ed445ed537c9f856d8defe8b56505727737d0dc9348d0a877abedab4bdd864	python/lib/python3.13/encodings/mbcs.py
f	481656d3a35f792d0e5109e3f821e6dbfcf097163a19b0cdfcbff3b3db99292f	python/lib/python3.13/encodings/oem.py
f	79b4edcfaede8f7deb25b278d60e472217c0ff55e830ef1ccd2c408413742fa0	python/lib/python3.13/encodings/palmos.py
f	0eabcb2c287d335e86b71b0abe5718bd6ddc9aaee234f0f0f2363845d2926d8d	python/lib/python3.13/encodings/ptcp154.py
f	1e8d57e06e9b527009c35f2a1486ab56b51540e817f5bd8f239dc71e3fc0b014	python/lib/python3.13/encodings/punycode.py
f	502a213c34c05a94ed063ee03f47680bd6efbb35036e06fb4dc809bf398cfa64	python/lib/python3.13/encodings/quopri_codec.py
f	fa6328486b8f5a5cbd10e377e80adb8cf94acbbe19c38b4e1bf708d831a80a3a	python/lib/python3.13/encodings/raw_unicode_escape.py
f	14767f475acdc0bf48e6272280dd15b80efaecafb93c06be21136f83dd1ee7e4	python/lib/python3.13/encodings/rot_13.py
f	ad4ac50ebf58294304e412cc0f1b12980988dd6edc414e4110029c0a1abbe966	python/lib/python3.13/encodings/shift_jis.py
f	d21c5930f21063ea78fea3b0f76dfb8fd92858d2a4a200064a52126a43dd1a99	python/lib/python3.13/encodings/shift_jis_2004.py
f	2c8d0b93bb36edf31c1236b1b4d1c0008553868bd2fc9137570115b96b834f2e	python/lib/python3.13/encodings/shift_jisx0213.py
f	647c4719e2c1a7375105e15a89b377c66f6b699977dcabbb71d923a4607b7902	python/lib/python3.13/encodings/tis_620.py
f	0e1e3e7c1dbc4690b71494099541e73de23c9010a54b6822f3867aec35a74a62	python/lib/python3.13/encodings/undefined.py
f	507e7ca8f18df639fd823d7cc23ce4028a3550ceefdfa40b3c76f81d1a94531d	python/lib/python3.13/encodings/unicode_escape.py
f	08437559c8d255a5ba1449c1c75beaa62b0834fe4259d161ecf8699381e4c8e1	python/lib/python3.13/encodings/utf_16.py
f	3357196f3fa52433326a6626880e34964e00c5570aee50e9a0a0a7c6d86f6e4f	python/lib/python3.13/encodings/utf_16_be.py
f	3aedaf3eb49769282daef1eaedfd4fa1c31fe5eebeff67fe2307c89dc2e2fd80	python/lib/python3.13/encodings/utf_16_le.py
f	6c235e377e1e277cde5f684cee6f6f8da4c73d153a21891df0cb834f17cd2b6f	python/lib/python3.13/encodings/utf_32.py
f	cbba20e1f6d0879c7c4293446c371a9f79e7c90bf3c78a77a9b8fc72b18915dd	python/lib/python3.13/encodings/utf_32_be.py
f	9134b91047d85b442898d59effe23e7e0cf4167ca341ae31119a731dbf880a7b	python/lib/python3.13/encodings/utf_32_le.py
f	9ff32314f4f1fa074f206bbf7fdb851504e5313128636d73b4bf75b886e4a87d	python/lib/python3.13/encodings/utf_7.py
f	ba0cac060269583523ca9506473a755203037c57d466a11aa89a30a5f6756f3d	python/lib/python3.13/encodings/utf_8.py
f	1ef3da8d8aa08149e7f274dc64dbfce2155da812e5258ca8e8f832428d3b5c2d	python/lib/python3.13/encodings/utf_8_sig.py
f	45ba92000718abf85f158563c755205e100356ce1b4ab9444b4d0a3d21f061a3	python/lib/python3.13/encodings/uu_codec.py
f	6ef01e8d3a5fe1cc52f7b5ae008df12f1dbce7304111bf8d4758f1bfc0115759	python/lib/python3.13/encodings/zlib_codec.py
f	ae1246b1800cd6483a1e9c298bd9d2154e3f60203189fb46877719417514e768	python/lib/python3.13/ensurepip/__init__.py
f	ee735f518d0fc4dfec81f7aa3da1e052372ed4202c0da4eddd2587840beaecd7	python/lib/python3.13/ensurepip/__main__.py
f	71138adf1f4ca900cdb7d289c21b7494329f2332b6d85f0e1c42108c0384ed3e	python/lib/python3.13/ensurepip/_bundled/pip-26.2.1-py3-none-any.whl
f	3a6e95d01c45e2e47c05df3c81073b895c97c1eb0e5b90ab175d6d9263fc81f2	python/lib/python3.13/ensurepip/_uninstall.py
f	e191c67b2e1e9bce063112e24b957fadf42960a2f633d4f77436074c18930fd6	python/lib/python3.13/enum.py
f	f895d4defb64409dd31f860e8af58f3d2877bfc17aed4f93217d1417c791c28a	python/lib/python3.13/filecmp.py
f	c28f39e002286c3e822e7a0767d2db0a04613d5ec4f65599bccf29654a4dff3b	python/lib/python3.13/fileinput.py
f	95391dac2ce9f60084d65eba2f4b9d9735e28136d55b684e1fde7d6342555963	python/lib/python3.13/fnmatch.py
f	0669c58fc593177e76f879e92598886747dc69747223bf7f54a9c405aa91286d	python/lib/python3.13/fractions.py
f	fb32563e0157d25e1a4b72cdbb5607893014d1accc2dbb986b2e3a61aebfe26e	python/lib/python3.13/ftplib.py
f	c95756a4d9bfb159e9cbda243f9d62b0d10860bb68f9a5a37880d3cae44b2175	python/lib/python3.13/functools.py
f	cdac5a68dd738051e0d66fc81d5947d6a1776248fc6fe862253477608d870ec4	python/lib/python3.13/genericpath.py
f	0ce875700c8798193b8e2748f7a27fc542cc4d525a1e6fc403767450ec92be99	python/lib/python3.13/getopt.py
f	e52ea266b79f3b4a83388093f387540ff36d51ff306dcbb6ca6de081cd28e718	python/lib/python3.13/getpass.py
f	7178d6ebdd0647b003da0ccdffb9431bc5fcf5c3822a247b578fdb745162865d	python/lib/python3.13/gettext.py
f	e6693972d5999ae0be42f49f6192e1c3d24f3f1e6eeca1f95dfa0b5dae74fe07	python/lib/python3.13/glob.py
f	2a29e0adee584dc76251afef1236d7bedf250aca27911f91a4d442133ce81117	python/lib/python3.13/graphlib.py
f	c397e928174259f77190fb7ab15421196eadec4c0b3f33ef1b57ec5a8052eb56	python/lib/python3.13/gzip.py
f	f129b330e6ab878a96085843b3606acd7d157b8fe6edfa15e37fa13988cef19c	python/lib/python3.13/hashlib.py
f	6d43277e5c76fc0f073cd388fcff852d14d068f6bb6d4886c340f8b75a1229a9	python/lib/python3.13/heapq.py
f	491f728b010a9a565da04911f89ff1b1f01b096bc18014e4ff8c06b5545ab0fe	python/lib/python3.13/hmac.py
f	923d82d821e75e8d235392c10c145ab8587927b3faf9c952bbd48081eebd8522	python/lib/python3.13/html/__init__.py
f	d9c65fb2828dbc1f3e399058a341d51e9375ec5bca95a8e92599c41bd5b78bde	python/lib/python3.13/html/entities.py
f	4274e9112adf3fa57c7f9afa7c9b5c631456b18b7403cc627cc5027d02cdd2ae	python/lib/python3.13/html/parser.py
f	d5747ca51f40e43b2366ce430154af22ce02d8d5972a6e81afb54ca946f684c0	python/lib/python3.13/http/__init__.py
f	d12e0060428b8389389db2244f9e1bd7fccae1450d43f74bce91b782498c300a	python/lib/python3.13/http/client.py
f	93dd0131a037149a6b921df4fd9ab5e885838d423dc70c929df0bd05c41b66f5	python/lib/python3.13/http/cookiejar.py
f	511f50cae03307f7a883fbc21bf1669766a0e92470c5e990f3d45bf467dfa101	python/lib/python3.13/http/cookies.py
f	932345b6f01a84ad7757a47c6b64017ea60712275fbf546d756887cfa955d402	python/lib/python3.13/http/server.py
f	3ed80cd2079b18e627b923f4ac4b64f200b880515b7fb3fa7a1d7fb16bd8dc5e	python/lib/python3.13/idlelib/CREDITS.txt
f	b7f42699e5e5a7c82ebdf2a2962946b7228c933ece0ea7c0d7789f21a7dd7e64	python/lib/python3.13/idlelib/ChangeLog
f	f3b9e95c798bc74f6e9d64f1207fa1ad076b8cd2446575a35a978b8d7107f888	python/lib/python3.13/idlelib/HISTORY.txt
f	3feadfa48fb8e9025fccc91bff9ac494519137ed4a7d9b8f4e6847165b43de4e	python/lib/python3.13/idlelib/Icons/README.txt
f	7c98d566a13fd599d1c11a375f387fef69b6c595c4f18c5d88c188a860be0e55	python/lib/python3.13/idlelib/Icons/folder.gif
f	7f13eeb5dca39d05e24b9eb069c6dcb2748633822d67288a8bf8b7e21cdddf55	python/lib/python3.13/idlelib/Icons/idle.ico
f	fe3af292b38660a8a58b1a8b4fa4240aa190602e7e9a700ea0536b3181fc968e	python/lib/python3.13/idlelib/Icons/idle_16.gif
f	78fb3fb0ec11f61bc6cf0947f3c3923aa18e1c6513684058ed0fa01ac858143e	python/lib/python3.13/idlelib/Icons/idle_16.png
f	a6f573efc06f2b2edce284c5758bd94344114547eb4c5e26baa8453eeaa91cf1	python/lib/python3.13/idlelib/Icons/idle_256.png
f	fe70991cfccd1267922e94d91e02e9a58d2d29fd3382a2f4975280b9023cb7b9	python/lib/python3.13/idlelib/Icons/idle_32.gif
f	797cd05f1964d57c4c6c248ac7f7ea6a38019ada32a9ab7e6c28d060f87b03de	python/lib/python3.13/idlelib/Icons/idle_32.png
f	37484901eb40eefa846308e1da3ff6f240ea98f769a2afc3cf4fdba00327ecbe	python/lib/python3.13/idlelib/Icons/idle_48.gif
f	a09f433197c8870b12bb7859cc4c3fe2068908cb1ddbd4880ab0f6fee91b6c23	python/lib/python3.13/idlelib/Icons/idle_48.png
f	efa5aa1d1e3439ab85425bd2aa3a25b9e6c21309e672690cfb32219e1eb7a7f3	python/lib/python3.13/idlelib/Icons/minusnode.gif
f	9a59e2abf1840156e9db8f85a38822fd56ab79a139eb95ec86f1fba1bb87326b	python/lib/python3.13/idlelib/Icons/openfolder.gif
f	6ace9e90a2bcb16d06c4d78837137f2c14bc26b3bd9f24b7b6afeadb689bdafb	python/lib/python3.13/idlelib/Icons/plusnode.gif
f	158c31382f8e5b41fded0c2aa9cc66a382928b003cdd8b5b0518836ad9c89377	python/lib/python3.13/idlelib/Icons/python.gif
f	7f16cb2e322891dbd9101302c09ffda0c2a3a72d053bb8c0927d507414c59cad	python/lib/python3.13/idlelib/Icons/tk.gif
f	719277815dfd96844558ed9a82cc1dfb814043cc7a22e9420d2b1f69c0821c0a	python/lib/python3.13/idlelib/NEWS2x.txt
f	dd43357bc5e4c9924240a752d2bc18b75874ef78012f4805c70c593039084f8b	python/lib/python3.13/idlelib/News3.txt
f	4f2dc8ffdbfc7837b60edc32ac2f593a220f4abf0ea00cc477382ad8ecf8eb3d	python/lib/python3.13/idlelib/README.txt
f	97a1d6cafad64ba55456ea99b46ebb3a1ef6af4babee8f3cc8877084c2e772d0	python/lib/python3.13/idlelib/TODO.txt
f	3f8058df4fec56eb20ff67ff84c86fd3d9697e2384c5a290ed696f6d3187aa45	python/lib/python3.13/idlelib/__init__.py
f	ecd5ce74c7f0184d409771df6e07e5abb1daeec64a7e49f670484c1d23f7d324	python/lib/python3.13/idlelib/__main__.py
f	753e0337f4f96c3ae74dc6175ba655da2479b439f57e7285630dc631762e581e	python/lib/python3.13/idlelib/autocomplete.py
f	91170b060749d0b3c8f2ab31499104028bedf971e5575155d43392d5c8dae5d6	python/lib/python3.13/idlelib/autocomplete_w.py
f	c8eb28ef7addf5a664a7e3addfbfebe29040a8695e1db515828305aacba2ee4e	python/lib/python3.13/idlelib/autoexpand.py
f	b607102a6e2ff7de241744008144a5480e2925098694be2a46003d8f60da0f52	python/lib/python3.13/idlelib/browser.py
f	3a723fdf88c0018dfadd19757142a643b01b785c6df17a50bbe21463663ab590	python/lib/python3.13/idlelib/calltip.py
f	077e9d0d95946296077d5c95f343e242a7d250a6efece4afc58759b5e984e6c3	python/lib/python3.13/idlelib/calltip_w.py
f	628a13325b3bf2f76dea9254b20178b3232261f83c660f0e33785e6215dd6492	python/lib/python3.13/idlelib/codecontext.py
f	ac460880b6024902a2e2457c0e413472467643879e932c4dd7b518684a09522e	python/lib/python3.13/idlelib/colorizer.py
f	e75df0b77ff61253be457af636d5eb7c55a3ff2b6a733beea844d2b294972ebf	python/lib/python3.13/idlelib/config-extensions.def
f	609eada44ff4aa9d5cd10ad8b4c29bb76db8ebc74912a0ae86f5ea3cd19b7547	python/lib/python3.13/idlelib/config-highlight.def
f	bee81ba5c5abec1e35e313268f8d8fe72d305d0ad73abfba3d2ea1e2b2308710	python/lib/python3.13/idlelib/config-keys.def
f	02e5473f5dfdf9264173286c5c5f8f544eae0330a837981b61c9062b98e80ba5	python/lib/python3.13/idlelib/config-main.def
f	bef479f02708ce5c2f5a4ce56b4b53dc0498e4239359777bbac89c7f90b48271	python/lib/python3.13/idlelib/config.py
f	856bd4b2c1fd7275856d3869cad8975f7770edbf021a93c64816a41c2322c2fa	python/lib/python3.13/idlelib/config_key.py
f	f17dd2391d85ddc4e655f44ae098f1803f9e36df24780180a395bb3a11599e82	python/lib/python3.13/idlelib/configdialog.py
f	55439579ba33224b2f1eeb2e3a012b80134d6d2094f12cf20e70f669962e6ec6	python/lib/python3.13/idlelib/debugger.py
f	ddc797740231f068ca7c7c8610e799d72ad11af670d9bc0b6f9e04fe2ba222d1	python/lib/python3.13/idlelib/debugger_r.py
f	aae9e2468a3d05366480864dc56689c65896757faf3b0364b8eef9feb4876a43	python/lib/python3.13/idlelib/debugobj.py
f	4e583b43fdf9bd4a731d70e074ee597aba03f3c8c36302bdc7e74650fb1fcc11	python/lib/python3.13/idlelib/debugobj_r.py
f	c2b31919d27056fc3aaa8f4ef798fbdf162665175fa9216d665f58ba2e4a464d	python/lib/python3.13/idlelib/delegator.py
f	29933f56722b2efb5cf451825a7fe50f357983e68f6a261afdf89b52f778e488	python/lib/python3.13/idlelib/dynoption.py
f	98e3ce925ec6ca25c97548a7bef5be8c357c4e3a4bc9330f1f442c4695a0762d	python/lib/python3.13/idlelib/editor.py
f	4b2c5af0c4f8e67f875b9f6a5a957b84a7b8732b73678953be4825232813a608	python/lib/python3.13/idlelib/extend.txt
f	bc6aa4d79a7d124f9cd10bc25c27314cd5cacc4e4991c52d41c665ca19aef623	python/lib/python3.13/idlelib/filelist.py
f	dc2b00fb239f38543bf973d94daef2c52457b905d4d89c640993823127b7923c	python/lib/python3.13/idlelib/format.py
f	787d780103f4fcedc2a6c435c93811a7b0687890a6620549729227ad6e08a69c	python/lib/python3.13/idlelib/grep.py
f	e6cc3258f861c1fc0098ecde30028f7fbff74a7157586099ff7d9cd3d47e7bdd	python/lib/python3.13/idlelib/help.html
f	e0297e2997764e6f4a39fa9abbea6d233ff5bb321efe512e5b53e63fc444917f	python/lib/python3.13/idlelib/help.py
f	2f89f495a3ed95143ce74ba380fe34f779daf4598fec4c775c46cb43745a4fef	python/lib/python3.13/idlelib/help_about.py
f	f91f1568d083bdbc856d38ef48493bcb138c6a492d523385b300a5bac30133e6	python/lib/python3.13/idlelib/history.py
f	bfb5a5914d02190b0779ca8a11c9276cb72130b59eddacecc7b6b079464e967c	python/lib/python3.13/idlelib/hyperparser.py
f	15a3977f0d2c6a8e87db2ef7050ea10afb3a88b064bf5ef95439924e42464114	python/lib/python3.13/idlelib/idle.bat
f	26d09fc3f018a92734a76867d18790e7dff9d02d3599e6de4ea78ee91f5a9d27	python/lib/python3.13/idlelib/idle.py
f	26101d297127132c5e9634499f41ad00e125ea308343a20b278bee9e9225eb5c	python/lib/python3.13/idlelib/idle.pyw
f	01225c2819a2dc118b252acef97df67d869d2826d25bf8340e51fd48864dc9a9	python/lib/python3.13/idlelib/iomenu.py
f	3f2cd04d8c1eb8f38936120825501a5cc754dde7981d778c96f5ee8ee0cb95fd	python/lib/python3.13/idlelib/macosx.py
f	092fad4454f593d7bf2e5e1e746acade92bb346d06476ba527f162f843ae3208	python/lib/python3.13/idlelib/mainmenu.py
f	af3680224f2144ffa8d21ea0232215b78b351ad7ace47cce48aced14cf9ec109	python/lib/python3.13/idlelib/multicall.py
f	28f496b3f684d6cba6e43773dbf1e4caab16517f06e328289680b181b2668610	python/lib/python3.13/idlelib/outwin.py
f	f122e13c385a135cbbbe8b1d87efeed43ddd3e0be9ddd8aa24b267b61fac4287	python/lib/python3.13/idlelib/parenmatch.py
f	42a4e008922c991049f1b42ca18700b65f2f8d0ab6dd12cc22671771e90c2065	python/lib/python3.13/idlelib/pathbrowser.py
f	42fe72c167eb3a2795cbe64c498d7cbe1de05132be29a99a58226ae83efb31d4	python/lib/python3.13/idlelib/percolator.py
f	806f725b36c780990f1683e0d15b8f05818bd3232eac9237f67dc408f7e5775b	python/lib/python3.13/idlelib/pyparse.py
f	4a14df81f623816e3841d168818a52b62fcdefc9151588b1a19435db785b6f5f	python/lib/python3.13/idlelib/pyshell.py
f	eed0bcf9fb6809c8b1b0f21fe6e8b908266e01dc3c496e5d3c88458da7ed7bf0	python/lib/python3.13/idlelib/query.py
f	991382556902d82e9a3df2b58c8c95e436387b3258f100f9a301871eeb289c43	python/lib/python3.13/idlelib/redirector.py
f	0a3cac807b68f95d38af8ca53fb4f8f95502e39fa01d4f5cbb7d30edc4fc0911	python/lib/python3.13/idlelib/replace.py
f	c48fd015bbb50acc4f7555374064cc045f74205a3c7ef05de06b1b162111078f	python/lib/python3.13/idlelib/rpc.py
f	702f1facff0e9794bcac2240b022f87cd630194e2039047fd81cbd7706a3c660	python/lib/python3.13/idlelib/run.py
f	7b8b2ee5626bcb6b9d720c3c569495fc9db07668cdb50e4d3d8851288442a437	python/lib/python3.13/idlelib/runscript.py
f	25b0ad247977f6079226052e2b76dd4c127bf50f2f5e8ffbd1fe10bc631bfca9	python/lib/python3.13/idlelib/scrolledlist.py
f	c53ff4d4814d97d0d95b7e15030d3ae8c732366ed84c2b300183e933270df724	python/lib/python3.13/idlelib/search.py
f	51a1fcc39c7a4b31200a7fb68709e2ea9a7507d4ecbf62ae0bb869da7aaf9efe	python/lib/python3.13/idlelib/searchbase.py
f	88f8b70f85d66dda42598f7f08c457296fa87ab3bea7f6bbc36504c13e1d81f5	python/lib/python3.13/idlelib/searchengine.py
f	dfe659f726f859dce721b36502a4d9768ce3b728d5586c98c8bcaa87c2d18ace	python/lib/python3.13/idlelib/sidebar.py
f	112221334fee94a88cba2ca7ac455e1bd6ab796397cbe036b1e8a98bc0787e30	python/lib/python3.13/idlelib/squeezer.py
f	eb633fa0328cb43ebb12116b45615f7940fe94323afa2536759bc232bdf50827	python/lib/python3.13/idlelib/stackviewer.py
f	3f4dc0f27b0c23e488d022abe8461529ce8a1b4eaf9dbfd97123ef2c502f684e	python/lib/python3.13/idlelib/statusbar.py
f	9bbd3038cd795a129e36108a0a2c0cdfcd832435ca922084c10a3db897da2299	python/lib/python3.13/idlelib/textview.py
f	f2779d85a9a1ddf302364e9087ceacf270938f24f3c13f3332a1bdda0414d296	python/lib/python3.13/idlelib/tooltip.py
f	d10f135a07270931306f8d6d2e8ad9bb412d1842fc605b0ba2997dc2ab810d7e	python/lib/python3.13/idlelib/tree.py
f	291fda98995bb4688fbe05fd3fa689e21aade3627c4c16e8971ed353f6cc3107	python/lib/python3.13/idlelib/undo.py
f	9452d3055ddcaa4e06125e5f06b10e91b4e9d791f685126a286797ef2c1a36d3	python/lib/python3.13/idlelib/util.py
f	9ece23e40e9764dcf4ecdb19bac5f84c7696527ca5be13f1153bcb284121d942	python/lib/python3.13/idlelib/window.py
f	5f6ff83cb0df3ee5e7d997ffe23efb341b994bfbaf00b79a4832d54231a095dd	python/lib/python3.13/idlelib/zoomheight.py
f	5e248f0ea4f35052d23bb2c43564aa567b8cebaf91fd63ba0be8fef2f4167945	python/lib/python3.13/idlelib/zzdummy.py
f	e0d90e196ef8d7bffb4e8e8a1f042137d2d702a905cc279d003020740cb9d971	python/lib/python3.13/imaplib.py
f	72b07de4133a7e39b2f6a7920465669aa04626f217e800779587bc0713fe002e	python/lib/python3.13/importlib/__init__.py
f	80aab7931dc999dee581c8b8b56fcd973fe156335a96ceeaf6acfc03cebf10e8	python/lib/python3.13/importlib/_abc.py
f	cec8963970494ea46eaa12073b8ba4c04963b1d1cf4329313c8014925ed0cb12	python/lib/python3.13/importlib/_bootstrap.py
f	283ca9ae00bd7758aa006df9be93f4b6b8d3228e3509f662cf54b1518797fbde	python/lib/python3.13/importlib/_bootstrap_external.py
f	4b60dae2e577064c376b1e594053909bf7fd790b4651f86d02c0915f327642ca	python/lib/python3.13/importlib/abc.py
f	2e558d293587d18a5919f7093f8c5c10ea54dd9336f6b2c4ed9d6233c114652a	python/lib/python3.13/importlib/machinery.py
f	5476c7c22a65f9e8b5a07b799336d87fa70e792758fd95b161b53b530e3b2654	python/lib/python3.13/importlib/metadata/__init__.py
f	c46791664cc0720374649414d0afdf24ca709580ce9feea0a25a4f76441677c1	python/lib/python3.13/importlib/metadata/_adapters.py
f	089d0e4c21c88d6034648552e2fa0e440b27d91e11d9c40112d3ec6442690126	python/lib/python3.13/importlib/metadata/_collections.py
f	3ec636fb8aeb297e1155e442d681a9d65075a660bd78a37cf3f7fe6c3f6e3a80	python/lib/python3.13/importlib/metadata/_functools.py
f	72faffdaff0145bc5c225e71e6575fa9d1e3848f188bcb3cca4e741bf9e6ea34	python/lib/python3.13/importlib/metadata/_itertools.py
f	9f167b0bc19595c04500a5b254e9ff767ee8b7fb7005c6e6d4d9af8c87ad0472	python/lib/python3.13/importlib/metadata/_meta.py
f	1c2b0592c66924b7933f734493f9e0ac079755146d4ebb7287d78e001a113f80	python/lib/python3.13/importlib/metadata/_text.py
f	9e4491322a309669212d884a86f0a0f60966b7fd750a8c7e1262f311ba984daf	python/lib/python3.13/importlib/metadata/diagnose.py
f	d0d57d118d64916f7e6edb04f8bd1a760a1abb879125899ef50a36d09ef54df4	python/lib/python3.13/importlib/readers.py
f	dc9fb6eb542ace0fb59017a7315b0eb2f268d7d11b52662a8c792b6568851ce3	python/lib/python3.13/importlib/resources/__init__.py
f	be9ac919b51e1db6a35fa5c2b8c3fa27794caea0a2f8ffcc4e5ce225447b8df9	python/lib/python3.13/importlib/resources/_adapters.py
f	f476de9f54ce40631f28b7175eef8f2d3deeac748ea77e2f9b10938fb31297e8	python/lib/python3.13/importlib/resources/_common.py
f	98b5380f04a587cff62175aac0a39f3d5c7246a004a41dc1e174df471af75f73	python/lib/python3.13/importlib/resources/_functional.py
f	7838ac57a46a88d64ea202d25dfe8b3861ce61cefd14680faca34bcc52e60ab5	python/lib/python3.13/importlib/resources/_itertools.py
f	a726c48590b21ba5532f0c654735991571bc0ecafe88145cb8891d82cd364e5e	python/lib/python3.13/importlib/resources/abc.py
f	f64855ffaa44f6c21ffc49e77b8cbfeeca37183bf7f7d3aecb30cb079ab45939	python/lib/python3.13/importlib/resources/readers.py
f	c099b6a8667d10c3c58512e22416bd126e6d54a6c3ed0f226d6b6de193605815	python/lib/python3.13/importlib/resources/simple.py
f	8e687aeeb1db537d2717cb0352c5f126ff7d4095c6de6dc7f00d5103f3009c40	python/lib/python3.13/importlib/simple.py
f	47eed68cfc84cdb4950edc092fc1a81abf37b47cadd6ff68d3460b1c9f536e9b	python/lib/python3.13/importlib/util.py
f	b56e92a94bd48d89e44b8a4cdaa3a16f4d69df06c8500fce737c7cc879b0c982	python/lib/python3.13/inspect.py
f	7cec3cb8ac004058dd0a5af246e6d950fb59c7ddd0058fda48bcb3fcb98d8822	python/lib/python3.13/io.py
f	00c4ce7f1b8ec798b7b3ebeaf5def4fa7b6e410172747f360b8235233eba56f3	python/lib/python3.13/ipaddress.py
f	43e38afede6d52ae0d602a42209b9959fc66d6020a25bcf15921446f5d1c262f	python/lib/python3.13/json/__init__.py
f	dc98d3e677612ea7311303f06a144cec6b91ebadc7ec037d1777501647578a07	python/lib/python3.13/json/decoder.py
f	bfaf651515edeb7b8c4d4aef5fcd2a650d817e47ec85ac4606e5be2e4dd5bbb4	python/lib/python3.13/json/encoder.py
f	572958017eae8842eeddd0e3d18d3c56cc0a197348224915e1d87ce937841764	python/lib/python3.13/json/scanner.py
f	64c02770e63ca360df426d28b003c087da34f1dc3fdb56e8ebc8710aff8cea91	python/lib/python3.13/json/tool.py
f	18c2be738c04ad20ad375f6a71db34b3823c7f40b0340f5294d0e89f3c9b093b	python/lib/python3.13/keyword.py
f	e3b0c44298fc1c149afbf4c8996fb92427ae41e4649b934ca495991b7852b855	python/lib/python3.13/lib-dynload/.empty
f	466f4373dc6aa768cb2088bd304da19ddfebe53af34e00f9a613ce489dc2c8ec	python/lib/python3.13/lib-dynload/_dbm.cpython-313-x86_64-linux-gnu.so
f	209332e30f78f7df625291437ca9a7ba42514006a00e0d406f2dfb5385e53788	python/lib/python3.13/lib-dynload/_tkinter.cpython-313-x86_64-linux-gnu.so
f	09dbf03f17d86d843027cb6465d058859591d18d6ee166149d26c00e7dc30e0c	python/lib/python3.13/linecache.py
f	cc50796e094fab09acd48b2ecc08826d0086da9c1c99dcbb438c104ca932e198	python/lib/python3.13/locale.py
f	4106cc3aa4e722116bbf0a3ffae3a8c7bc4981468ca7998ca35ed201a5605519	python/lib/python3.13/logging/__init__.py
f	1c0b326e23ac750978cf99601bed99a0b3f5b0b3e1fd3ec0092108cca98d636f	python/lib/python3.13/logging/config.py
f	cfa6dc4f3076ff84170ee02012c734e0c754d6604f03cb5db4da52d56a3ef5ae	python/lib/python3.13/logging/handlers.py
f	6a923ba49b33897152a9398d2a39d08670238290c90c050b8f4d838046339db5	python/lib/python3.13/lzma.py
f	78f75c4bce87eaa904c15ed2e337fca666a5560bce912157a2b3ea8d92d1840f	python/lib/python3.13/mailbox.py
f	c93ba3128380f6837691d523d22311f77fb6ece9a2d90195480b033ac65a1fa4	python/lib/python3.13/mimetypes.py
f	5447268e1fe922d334f59e2f370dae0130ab2b9eff48ca7bd71c4ec544443c8b	python/lib/python3.13/modulefinder.py
f	a5a42976033c7d63ee2740acceef949a3582dcb0e0442845f9717e1be771c68b	python/lib/python3.13/multiprocessing/__init__.py
f	aca73caa532de1213deecc87f72b574c4473df3f1dc31fc5a3cb3986db14730e	python/lib/python3.13/multiprocessing/connection.py
f	37f3fb05b0afd1d3d125654730762c0e732e16f1c56ba993891630b43338aa8d	python/lib/python3.13/multiprocessing/context.py
f	9127a40ea0ff342cb414383b5e7c594a05be2dd835fe246bd3bb0dc036a32a90	python/lib/python3.13/multiprocessing/dummy/__init__.py
f	d63dd1979fde9c133efe430ee870e6ba6de43c0a0513866ce3ce475791fe57ab	python/lib/python3.13/multiprocessing/dummy/connection.py
f	d81a1a7908cc4b86cc0c04a4345c1ff7bb3685ebdec23f5414ff3e0292ca28e7	python/lib/python3.13/multiprocessing/forkserver.py
f	f6bb79bb99b9ae484935f0d68822e9603a1622dd0b6c4966c79db232a93ba614	python/lib/python3.13/multiprocessing/heap.py
f	e053bb843df5300153074bd7ee8e310b92186bf0136e55e91fde95531e6d23f8	python/lib/python3.13/multiprocessing/managers.py
f	2b1e92bfc230007ac463aa0a3bd18c948a3c62f97e7e73858ae8b3f61dd13a6e	python/lib/python3.13/multiprocessing/pool.py
f	93fe4644c2495bd5616ef0f32d53aed3c4f9cb473c01d64128db9aa790c6dec5	python/lib/python3.13/multiprocessing/popen_fork.py
f	0588ad0e5a36718b4377dc2a2a97864a10986c25a33dc3bfed12595711b0cdab	python/lib/python3.13/multiprocessing/popen_forkserver.py
f	3738d2da3f5f57c83149232120a389a3b03cb4ed6f275957b884b18eb227628a	python/lib/python3.13/multiprocessing/popen_spawn_posix.py
f	c3be536c83f59c5c6b83bb78af06366307000be2a63b093767bd2cc732f82d24	python/lib/python3.13/multiprocessing/popen_spawn_win32.py
f	d3ea72a38a60590dbcd94772aa20cd257fdbdde8120d0198cbc2df3397255b3d	python/lib/python3.13/multiprocessing/process.py
f	d4c5b4199b4cd6f4b9726c84c7df92b05ff24408d85228e7557108684a431351	python/lib/python3.13/multiprocessing/queues.py
f	4999f8b9ae7b3e8a7f5de302612b4131498dc2e238a2c47f894905c1c63294fe	python/lib/python3.13/multiprocessing/reduction.py
f	bba3c7f2b76a9cf4e8ceb642801c405411da95adf91947d81b0043586038290e	python/lib/python3.13/multiprocessing/resource_sharer.py
f	77331c6317be7ae31aca7a2b91be8c439aaa345262aa617e99899c0103cad54d	python/lib/python3.13/multiprocessing/resource_tracker.py
f	e3116b9fe38affda4eda2819ca99d44c84c4a1ccbd137a41929fe728e952079d	python/lib/python3.13/multiprocessing/shared_memory.py
f	77ef522912474652490b7df523112858e51721e63dcf109b8567a35ce9b31b0d	python/lib/python3.13/multiprocessing/sharedctypes.py
f	e38307ad8d7a6107ca90a943e2d7a01c9a16fbe4cbac6d0f5087a8bfef4ebf2a	python/lib/python3.13/multiprocessing/spawn.py
f	78ff49cff58c0c590324e5097241371f25d61d592c598a8b2c2788f2de32a53e	python/lib/python3.13/multiprocessing/synchronize.py
f	da2518dcfe99306a49bc6eca3d639aa5ac6ccfe22cbb86c8796a72b80cd18aa0	python/lib/python3.13/multiprocessing/util.py
f	85bee1a174aa02a2d54214972e0e43e42535ca38787c4a34ef6df42f74b07c0f	python/lib/python3.13/netrc.py
f	724d595af8f305ffd58e957a4001bdd7ea1a407576731b496ab03b345762e515	python/lib/python3.13/ntpath.py
f	41b27461d79c01113649b231529393c35b5ec3eff3b7ab3b80c4d609537ac79a	python/lib/python3.13/nturl2path.py
f	e5e73beba4a7674bd5e9a881a202d403a0c3e2b59af4181699155ea4827a7561	python/lib/python3.13/numbers.py
f	aaf8e6e0291b6ff439c27ad1657d5b1d2fc738f961bee3fa4863a51e494dc843	python/lib/python3.13/opcode.py
f	c048f8a6852832d5fa750d6ae772d7658c52c3511d261cb902f7edfd262e9127	python/lib/python3.13/operator.py
f	07d224301cba312fa0697bff9cd5a4bb4f778a90629632091b3f4ae874d89af5	python/lib/python3.13/optparse.py
f	18560b0a37dfb90b4712fba97668d44a1328c5566b10deffaee292ba12cc21ff	python/lib/python3.13/os.py
f	07921047886282e3d324acf95f7d9f840faa806664ee7007e7333a7df4cdcaf6	python/lib/python3.13/pathlib/__init__.py
f	75e6bc728013d11446126d535f92b8907fb6dae7404df3d0268ac7b6865a2090	python/lib/python3.13/pathlib/_abc.py
f	0530b4186ec5845e000bedf5817ff1ac970b9a39a6891ba6789a1776abdea42b	python/lib/python3.13/pathlib/_local.py
f	86fc621a2a73fe4524eeca4aa9755010e7f7e68c5e692ca53ba86b87542d4205	python/lib/python3.13/pdb.py
f	ad6eaab0a45f576b8c578d06ce94009ef28efcef4349a82d5a429778554ae0b0	python/lib/python3.13/pickle.py
f	bf882fd005a822076a08c1cd3415b96a74d0caab7d69610f31dbe35346917233	python/lib/python3.13/pickletools.py
f	44300bc77f6f52ef2ad74d26e5053309c04f49eaa91c099356eb61426cde504f	python/lib/python3.13/pkgutil.py
f	75fe9b94662e55b91e19602bb75e6ca6132f7a53fb22844fc44a507a639127e1	python/lib/python3.13/platform.py
f	ef6aa8c7a473ac55794937b095d46dd0f7fb5c26ec79c58ae1c37760af4cb04a	python/lib/python3.13/plistlib.py
f	527e714523264093910a0a0b1a55c6583f952835c89061537fc40ad98c347056	python/lib/python3.13/poplib.py
f	69acb9e294987cd6056a2237048373cf8d6201faf1e43a49c38889b47d2fb28e	python/lib/python3.13/posixpath.py
f	1585c8d74d7f485590db2af46680ae0a73737ca9fb66022b2bcbbc4c4925e203	python/lib/python3.13/pprint.py
f	20de245bd1ac2702ee67d064584ed9153b2ea6df8597fb696a02952e34173877	python/lib/python3.13/profile.py
f	6e80c883f5cb958926e511b38bb0c328a15ae7e2480722e5c0fceb32f18747b8	python/lib/python3.13/pstats.py
f	ddbb1749387539c2929957c7ec1235fd201d7ec15d285fe5246e88b35c722a4a	python/lib/python3.13/pty.py
f	3464f04938b57a7aafbc5c394ccd4c46823ee607f7fe36b48b91ecbc30ff4e48	python/lib/python3.13/py_compile.py
f	e8ca09333701ba41244e20b8c2c37b7ed0499b88c4b2ca82cac51ef89ca9e647	python/lib/python3.13/pyclbr.py
f	36468beb62549bdbedb88686da9b0575f4a2278d1657e6b3e7e80e6506d71fd6	python/lib/python3.13/pydoc.py
f	e3b0c44298fc1c149afbf4c8996fb92427ae41e4649b934ca495991b7852b855	python/lib/python3.13/pydoc_data/__init__.py
f	038d4bf51b4d373284640f3658d70eaa856def24d8d02b8e29b289beaabf1cc9	python/lib/python3.13/pydoc_data/_pydoc.css
f	74a3f835746703d17f9ab43b89b285697af00269b406249bc87bc4d8d45b5c0f	python/lib/python3.13/pydoc_data/module_docs.py
f	cd2e7395d5991767f74fd99b1e4d7c59dbca9a04e945d1fb794026adf81ee0cd	python/lib/python3.13/pydoc_data/topics.py
f	5a368568f849096d4b619503389e3832a1a0b9a8c053f87e29da7f47db753a23	python/lib/python3.13/queue.py
f	a1cd7f3b22033d32151209886cc855d4b71cc4c83530769f920097582339013a	python/lib/python3.13/quopri.py
f	fb2625eb54412c880e8f1af449785a74e125556159fc7997814e51dd054cc5da	python/lib/python3.13/random.py
f	dbe158a677c6aaacf717ea2abc23c56233453d38024aef75b7c3d93612cabb93	python/lib/python3.13/re/__init__.py
f	1b12d9136f23db6c3f6f26053fefc15ca964b886838c7b9c1fabf8d2efc1e5c8	python/lib/python3.13/re/_casefix.py
f	83537237a82294d084d40abaa42e86149be33eef338a5ef028a7fd2fad0dafd5	python/lib/python3.13/re/_compiler.py
f	1dbe236d34fa934e3e7172ba9d6b0dcfab338ecf7717f370f1fd4a9d24b2ecdb	python/lib/python3.13/re/_constants.py
f	c7a6c80b3b448f50684c320265a7b5efb5d0b1daf0a36fb5dee8dd83628359d7	python/lib/python3.13/re/_parser.py
f	76003eea30d186a99d125decc9def6ae32c7b389d3db00f91aaf02229bf2714f	python/lib/python3.13/reprlib.py
f	3c39c907c5d69a505c8b9900a22c6b8915ba32d019f7055de729d949af89fda3	python/lib/python3.13/rlcompleter.py
f	c5c5418c0a8caf915ca0c98619469227e390cb581f39494f2e368ec3b246c94b	python/lib/python3.13/runpy.py
f	56588f00a68ef953014f41baf36e0dbb7ed7793f8aa883ebcb1a8bd3787c06a6	python/lib/python3.13/sched.py
f	277000574358a6ecda4bb40e73332ae81a3bc1c8e1fa36f50e5c6a7d4d3f0f17	python/lib/python3.13/secrets.py
f	4b8a60cfbb619d080f87dffe1578372e56e8c0ac826f043224a154cf7b77606d	python/lib/python3.13/selectors.py
f	6a10724762dea768c4348bcf8f829cea8cf683c8bef2cb5874cd0583c59cc80e	python/lib/python3.13/shelve.py
f	f927227de5ba5b1b2bdd75e3d9c8cb72b602b3bba3cc8edbf8fb554de0dc1fd7	python/lib/python3.13/shlex.py
f	11c32fd568588e38463fdf281caa7ef0edbf3d64daf7961f0e7e68d779528731	python/lib/python3.13/shutil.py
f	0363c964c90ac0b3e515de5749205e6e6454051a1211058375d84d91eab6071a	python/lib/python3.13/signal.py
f	cba8fece8f62c36306ba27a128f124a257710e41fc619301ee97be93586917cb	python/lib/python3.13/site-packages/README.txt
f	ceebae7b8927a3227e5303cf5e0f1f7b34bb542ad7250ac03fbcde36ec2f1508	python/lib/python3.13/site-packages/pip-26.2.1.dist-info/INSTALLER
f	3a561005822841f2c45f442f6c7a7505172c8c376c9fe274d876c8ac912968cb	python/lib/python3.13/site-packages/pip-26.2.1.dist-info/METADATA
f	928a794d816f1dfbae0b35f40a2b0d4fec6167bd33475b8043feeee02ae854ab	python/lib/python3.13/site-packages/pip-26.2.1.dist-info/RECORD
f	e3b0c44298fc1c149afbf4c8996fb92427ae41e4649b934ca495991b7852b855	python/lib/python3.13/site-packages/pip-26.2.1.dist-info/REQUESTED
f	1b68144734c4b66791f27add5d425f3620775585718a03d0f9b110ba3a4d88db	python/lib/python3.13/site-packages/pip-26.2.1.dist-info/WHEEL
f	561f8fd1b8a0e3cd74338a0e04ffe90451199f1b4455e239013d0b5fff47b401	python/lib/python3.13/site-packages/pip-26.2.1.dist-info/direct_url.json
f	5617fcb34218817dfb9ad778bc62fbdc13dcc5d2a7a9e0853f3079f9ddf4c7ca	python/lib/python3.13/site-packages/pip-26.2.1.dist-info/entry_points.txt
f	4eb1fb1705e2def898e81bcba19c3aac80620d27ba3569d6a6df7b4629d1b5c2	python/lib/python3.13/site-packages/pip-26.2.1.dist-info/licenses/AUTHORS.txt
f	634300a669d49aeae65b12c6c48c924c51a4cdf3d1ff086dc3456dc8bcaa2104	python/lib/python3.13/site-packages/pip-26.2.1.dist-info/licenses/LICENSE.txt
f	86eeee87be2a43f3ff1f56496f451f69243926f025fedbb033666c304c4c161b	python/lib/python3.13/site-packages/pip-26.2.1.dist-info/licenses/src/pip/_vendor/cachecontrol/LICENSE.txt
f	e93716da6b9c0d5a4a1df60fe695b370f0695603d21f6f83f053e42cfc10caf7	python/lib/python3.13/site-packages/pip-26.2.1.dist-info/licenses/src/pip/_vendor/certifi/LICENSE
f	808e10c8a6ab8deb149ff9b3fb19f447a808094606d712a9ca57fead3552599d	python/lib/python3.13/site-packages/pip-26.2.1.dist-info/licenses/src/pip/_vendor/distlib/LICENSE.txt
f	cb5e8e7e5f4a3988e1063c142c60dc2df75605f4c46515e776e3aca6df976e14	python/lib/python3.13/site-packages/pip-26.2.1.dist-info/licenses/src/pip/_vendor/distro/LICENSE
f	1a9a4f0e3d479a27240ddd59a9137a66ab4a0f9dfdc8ca6188cc0bfd85187f04	python/lib/python3.13/site-packages/pip-26.2.1.dist-info/licenses/src/pip/_vendor/idna/LICENSE.md
f	492dedba85da5872f78e6091bcd1fea474d660d35acb4dee964b8aab3f007427	python/lib/python3.13/site-packages/pip-26.2.1.dist-info/licenses/src/pip/_vendor/msgpack/COPYING
f	cad1ef5bd340d73e074ba614d26f7deaca5c7940c3d8c34852e65c4909686c48	python/lib/python3.13/site-packages/pip-26.2.1.dist-info/licenses/src/pip/_vendor/packaging/LICENSE
f	0d542e0c8804e39aa7f37eb00da5a762149dc682d7829451287e11b938e94594	python/lib/python3.13/site-packages/pip-26.2.1.dist-info/licenses/src/pip/_vendor/packaging/LICENSE.APACHE
f	b70e7e9b742f1cc6f948b34c16aa39ffece94196364bc88ff0d2180f0028fac5	python/lib/python3.13/site-packages/pip-26.2.1.dist-info/licenses/src/pip/_vendor/packaging/LICENSE.BSD
f	86da0f01aeae46348a3c3d465195dc1ceccde79f79e87769a64b8da04b2a4741	python/lib/python3.13/site-packages/pip-26.2.1.dist-info/licenses/src/pip/_vendor/pkg_resources/LICENSE
f	29e0fd62e929850e86eb28c3fdccf0cefdf4fa94879011cffb3d0d4bed6d4db6	python/lib/python3.13/site-packages/pip-26.2.1.dist-info/licenses/src/pip/_vendor/platformdirs/LICENSE
f	a9d66f1d526df02e29dce73436d34e56e8632f46c275bbdffc70569e882f9f17	python/lib/python3.13/site-packages/pip-26.2.1.dist-info/licenses/src/pip/_vendor/pygments/LICENSE
f	1b22b049b5267d6dfc23a67bf4a84d8ec04b9fdfb1a51d360e42b4342c8b4154	python/lib/python3.13/site-packages/pip-26.2.1.dist-info/licenses/src/pip/_vendor/pyproject_hooks/LICENSE
f	09e8a9bcec8067104652c168685ab0931e7868f9c8284b66f5ae6edae5f1130b	python/lib/python3.13/site-packages/pip-26.2.1.dist-info/licenses/src/pip/_vendor/requests/LICENSE
f	f388fd38cad13112c1dc0f669bbe80e7f84541edbafb72f3030d2ca7642c3c9d	python/lib/python3.13/site-packages/pip-26.2.1.dist-info/licenses/src/pip/_vendor/resolvelib/LICENSE
f	deed7c17a4318158190a3ea239cc879a5a50271cebb98ae7025f48fbe58dca15	python/lib/python3.13/site-packages/pip-26.2.1.dist-info/licenses/src/pip/_vendor/rich/LICENSE
f	b80816b0d530b8accb4c2211783790984a6e3b61922c2b5ee92f3372ab2742fe	python/lib/python3.13/site-packages/pip-26.2.1.dist-info/licenses/src/pip/_vendor/tomli/LICENSE
f	b80816b0d530b8accb4c2211783790984a6e3b61922c2b5ee92f3372ab2742fe	python/lib/python3.13/site-packages/pip-26.2.1.dist-info/licenses/src/pip/_vendor/tomli_w/LICENSE
f	33be7b7e8fa4fd19b1760e1a8ed8a668bdab852c91b692dd41424bcb725a9fca	python/lib/python3.13/site-packages/pip-26.2.1.dist-info/licenses/src/pip/_vendor/truststore/LICENSE
f	130e3a64d5fdd5d096a752694634a7d9df284469de86e5732100268041e3d686	python/lib/python3.13/site-packages/pip-26.2.1.dist-info/licenses/src/pip/_vendor/urllib3/LICENSE.txt
f	04aa76ceab0f4341e292daae35637f2f8718b183313cc2fb588d1304cb9c0443	python/lib/python3.13/site-packages/pip/__init__.py
f	ace651b6b5e30c1cd8db89e26b14e777d6471d62fb07411ac1574ba09de723a7	python/lib/python3.13/site-packages/pip/__main__.py
f	ef6d0cb7a874ed471ee76bfcd04385fff2586aea0bc3d6fb3dfb3fe41f758ac8	python/lib/python3.13/site-packages/pip/__pip-runner__.py
f	4bb8bd0e7f5a4994b4306fb65abbdeddd57d4c898fcef427e638e1a7db7fb9fd	python/lib/python3.13/site-packages/pip/_internal/__init__.py
f	008e71d8a7efd5ec46d486ec347b885756a0a8d82cb538ff2d6a5bc162eaf289	python/lib/python3.13/site-packages/pip/_internal/build_env/__init__.py
f	ed11d6e57f9049558778aeffe547a2f466ead2ad690171c5f6dabb323df0b53b	python/lib/python3.13/site-packages/pip/_internal/build_env/base.py
f	78c532b5009d06243d4e091a19e4c0ceafc8541a8b1f20fd389fe43532238dc3	python/lib/python3.13/site-packages/pip/_internal/build_env/installer.py
f	15793d6454d3374b3571e71913ac9c3766739c187be4e93623741717c1d3a3a2	python/lib/python3.13/site-packages/pip/_internal/build_env/noop.py
f	3ec0e5d0fa6607d8d135a21ac21cba5e4f51f16718a00a202d2d9a7e667d0107	python/lib/python3.13/site-packages/pip/_internal/build_env/venv.py
f	1ec551cf3860046cb2d3a0d90683b43d6ff790811a732f52e132391f5abbd879	python/lib/python3.13/site-packages/pip/_internal/build_env/virtual.py
f	7aa31055fa43f31ec67023b4574cfbde69e33c8b926a9305a10fd6444ee22d8f	python/lib/python3.13/site-packages/pip/_internal/cache.py
f	22a83fb4a03bef55ee30ed4fe2dfec0c79d228fce451bf43d03aae9c09b0fe4a	python/lib/python3.13/site-packages/pip/_internal/cli/__init__.py
f	805b6688584771c8b3cb1e093c99c42a293eb9fb54ee4c2b52f9bbd9c4853c72	python/lib/python3.13/site-packages/pip/_internal/cli/autocompletion.py
f	c85e7f990108acb1b61b49efca6652d272e18838380744fcf56e625fbf07e79f	python/lib/python3.13/site-packages/pip/_internal/cli/base_command.py
f	681371688cb8615e007e302aac6f11a1915cbfb9305b3440ce0e669d998e183c	python/lib/python3.13/site-packages/pip/_internal/cli/cmdoptions.py
f	926bb711665b7c17a06b5a036a69c625303f51a7a384840db8c8f609598c5eed	python/lib/python3.13/site-packages/pip/_internal/cli/command_context.py
f	fd0cdcf681e706eb55bc3d30c587077ded2e259a9158eb488391da4299d235e3	python/lib/python3.13/site-packages/pip/_internal/cli/index_command.py
f	3b5d20bb306a176332900699628eacb9ad3dedd5ea0b79e8ccaa1db533a91c37	python/lib/python3.13/site-packages/pip/_internal/cli/main.py
f	ecf8447d9f005e2594a537c1fca24c9e0236b05f17217979d9a948d4b67f7bf3	python/lib/python3.13/site-packages/pip/_internal/cli/main_parser.py
f	5af447b88d8c745a75f3b056ad8fc3d7b2f4d9ab2af639829e783cd5a7f9d924	python/lib/python3.13/site-packages/pip/_internal/cli/parser.py
f	d77537018dc36307442303d82ed527e41e107292540292d60a47c9faefcfab36	python/lib/python3.13/site-packages/pip/_internal/cli/progress_bars.py
f	c16fa645c3ea3dccdeab1a7d490ff287761fad101802510065ec6d94b7036d47	python/lib/python3.13/site-packages/pip/_internal/cli/req_command.py
f	109cd921937252d2658e9dfe5a372cc88aeac56f8752c7d6ce1b96f389ff4eac	python/lib/python3.13/site-packages/pip/_internal/cli/spinners.py
f	f5084d7ba847aac8b0e72e70b9f88d2813a02635741c5dc8dcfd8adb59e3f8e3	python/lib/python3.13/site-packages/pip/_internal/cli/status_codes.py
f	68d7826d0bab1968a17e142aec1a9a2d71ea5834348b7234e0e4bb9312baa654	python/lib/python3.13/site-packages/pip/_internal/commands/__init__.py
f	60b66b2d636f0a1974a489819284991860f77dbd8c7dd606a58178274690b3ac	python/lib/python3.13/site-packages/pip/_internal/commands/cache.py
f	85514141ecd0df38f813276859b1508ff69f3d4a6932deebf493c0958db653a6	python/lib/python3.13/site-packages/pip/_internal/commands/check.py
f	2e3bd1219e905220d724bdc838c15e0fefc9f7b1df8cc1a0124d23dad586bb55	python/lib/python3.13/site-packages/pip/_internal/commands/completion.py
f	e4ce8a337d06de2ea830702c5544963f813dddc492250a09e9ebd4442ef9e04f	python/lib/python3.13/site-packages/pip/_internal/commands/configuration.py
f	b42594384cb3d877652c64efccda926480094244180b2e7ccc14dd7c85b2cd2a	python/lib/python3.13/site-packages/pip/_internal/commands/debug.py
f	72e5c48fd3e6a19e240acc66fc1699fce92622c57f825b8b88e552b8e3b6312d	python/lib/python3.13/site-packages/pip/_internal/commands/download.py
f	2e0f043a89319d166bc1d2d62602e9056c4d52defe1eb9169440b4e5efaf070c	python/lib/python3.13/site-packages/pip/_internal/commands/freeze.py
f	18ef6944ddf05c2da441aa2f2b9ed368b60131cdc896d387f763ba404c3a604d	python/lib/python3.13/site-packages/pip/_internal/commands/hash.py
f	073dcb7233505e4cf80aefffa4be0267cea8e3e1cd2d98f535959d949863baed	python/lib/python3.13/site-packages/pip/_internal/commands/help.py
f	9f2fe11b35ee647ce3b2ae0220987fe987d9195266ec6ecba9041d29389b27f4	python/lib/python3.13/site-packages/pip/_internal/commands/index.py
f	8a200cf89b8bfd9d7e40fdf8720025a193d2af9d0c73bc00bee1434731d0ad09	python/lib/python3.13/site-packages/pip/_internal/commands/inspect.py
f	0d11142c0f9319b08a86a0412e4adb0cacedc90e79ed06c37ba649518ba1db29	python/lib/python3.13/site-packages/pip/_internal/commands/install.py
f	5be172c574eb1c986a465e19a2a169ebcff9180c02f4662e63a7e115325d1f35	python/lib/python3.13/site-packages/pip/_internal/commands/list.py
f	561a4d45622d2ddab2c12388a97837bee2327f9f5ca33874f7e67a67d70c88b3	python/lib/python3.13/site-packages/pip/_internal/commands/lock.py
f	cdb32c5ff6004a3ea45c0e972018130efd1b18ae75c46f825772329d925c13e7	python/lib/python3.13/site-packages/pip/_internal/commands/search.py
f	f75fd79638421d6c8235fa0505ae1775a71bba6420a0d6e191c1c793f81c5bd6	python/lib/python3.13/site-packages/pip/_internal/commands/show.py
f	0ac3a286abdbe9903a3baecbef4a177a82c778e7cdccc33cf07f60fbd6a8720c	python/lib/python3.13/site-packages/pip/_internal/commands/uninstall.py
f	e66dcdbd529ab6a2c3395a02ff858e1620c3aef4118c1e768e46efa5b640a6e8	python/lib/python3.13/site-packages/pip/_internal/commands/wheel.py
f	d1e11d875c5394e1e1a02ad3b701d83390c48fb05b4e684868268d363decac13	python/lib/python3.13/site-packages/pip/_internal/configuration.py
f	1eaea4b7a8170608cd8ade614d358b03378234e2a807e374a46612a9e86b962f	python/lib/python3.13/site-packages/pip/_internal/distributions/__init__.py
f	06361ace0d8485b120aced56fc90fa8c46480d5954a40fd6664a94f8dbc20644	python/lib/python3.13/site-packages/pip/_internal/distributions/base.py
f	40f0e10aa73e1931a259900038569528c1138359bf918b9fe9104ef596650ea6	python/lib/python3.13/site-packages/pip/_internal/distributions/installed.py
f	8687fce556ee5dafcdc9dbc5663eb33ad9f1b8f635e6db2e089562acbb8d4fe5	python/lib/python3.13/site-packages/pip/_internal/distributions/sdist.py
f	a8e315633293ded26c3b442e9dd2e3003705896fd1383ba2e0ae755d1a8caeef	python/lib/python3.13/site-packages/pip/_internal/distributions/wheel.py
f	65dbb5ee955b0f5788ff28e0e7665dd32800583cbc2ed5d2d40b5fbe7d693edb	python/lib/python3.13/site-packages/pip/_internal/exceptions.py
f	b73c0c1ff7e141eb9bc0ca877528af6ac83571181349b360d8288c567ccc9b25	python/lib/python3.13/site-packages/pip/_internal/index/__init__.py
f	6eef8d0554e821ec9811b72fd3f82d227031b022b7134c88e897bacb10301399	python/lib/python3.13/site-packages/pip/_internal/index/collector.py
f	46858ae6b3e439c98e7625845e19e4f5a6850e06a3e10104ef415e42892a65fe	python/lib/python3.13/site-packages/pip/_internal/index/package_finder.py
f	7eaa95962f772ebf87364fb0143ebbcb27d9cd2e96783912646bf5445c3add01	python/lib/python3.13/site-packages/pip/_internal/index/sources.py
f	88ff725599ffe223ee35c694361d80fef24b72f519fbccb8cef28b0d512a68cd	python/lib/python3.13/site-packages/pip/_internal/locations/__init__.py
f	8e9163e15d34ac3f48477bc0f53aab1a4c1c74d545739f0bb028596af81ef496	python/lib/python3.13/site-packages/pip/_internal/locations/_distutils.py
f	1e8658435b15403dc8469402a784e975340b36b0c517323dcd18d7ad36272566	python/lib/python3.13/site-packages/pip/_internal/locations/_sysconfig.py
f	e6655c5e1f639d27a910edb9686d94faa65682ecdea0e3c86d3d264620430cc1	python/lib/python3.13/site-packages/pip/_internal/locations/base.py
f	d5c1ea8ec7c50ab3057f7079b70ce87314c951d1cc2e85d4a72e6526816a522f	python/lib/python3.13/site-packages/pip/_internal/main.py
f	be9f8903189683ffa5e45f004f425c7b2ef6b949e1f020f0c2897df8a92d1d9f	python/lib/python3.13/site-packages/pip/_internal/metadata/__init__.py
f	84dbe73073972c0c8d9738ab5a13cbf4dc760af0aa6b589199ae8eb2ad587d5f	python/lib/python3.13/site-packages/pip/_internal/metadata/_json.py
f	fe8f653321e689ae046bd7e171ec81f6ba778d4514f24ec59a585707b37dfed3	python/lib/python3.13/site-packages/pip/_internal/metadata/base.py
f	8d4522768c671dc7c84c71da0161b51b68b97dd058925bffb89723a36c7b5581	python/lib/python3.13/site-packages/pip/_internal/metadata/importlib/__init__.py
f	b27795878ffa5b14192b8963765df2955b8ffaad2db52a9b825f665add079ce8	python/lib/python3.13/site-packages/pip/_internal/metadata/importlib/_compat.py
f	6a45f9c622c1ff776f6de6f68072fc8bbc0e462d35fc29edcb41e72854001746	python/lib/python3.13/site-packages/pip/_internal/metadata/importlib/_dists.py
f	ba50910c45d87a29f04b90172fe42e8fb0b812b936d241e12300661363f70580	python/lib/python3.13/site-packages/pip/_internal/metadata/importlib/_envs.py
f	34eefa66b7d1dbe2ca253c9a5eb990a0686624c02b00bbda72b9591d58920d3f	python/lib/python3.13/site-packages/pip/_internal/metadata/pkg_resources.py
f	023982101c57fcc1fd7ff8d58c818d08524a60261e4847b5f32caf371e2e44a4	python/lib/python3.13/site-packages/pip/_internal/models/__init__.py
f	32f00d649887930e98e13fa861233cef5d06eb2601e3f0f0a1fa03ec1026ae73	python/lib/python3.13/site-packages/pip/_internal/models/candidate.py
f	f514b74d0017927c0b77c24e3995a56c157a59916cf6a9fe600624d1543c47f4	python/lib/python3.13/site-packages/pip/_internal/models/direct_url.py
f	3f07a6606d4bdbb04cd1fd4a3fad6b9b6e304a110d172c6a943d535aedf86a57	python/lib/python3.13/site-packages/pip/_internal/models/format_control.py
f	b589cbf28c468b8692356babd261bc0c03fbac2eb2ba16bf33024ef31c3472b2	python/lib/python3.13/site-packages/pip/_internal/models/index.py
f	5383255d6141fbc7afff285eb8c3bd4f69bfcb96f80be84ecd56a81d5a1b977f	python/lib/python3.13/site-packages/pip/_internal/models/installation_report.py
f	4925ed14edd802b794618d91d0faad2976c07b5bd5f41aade6bfea3cddb5f331	python/lib/python3.13/site-packages/pip/_internal/models/link.py
f	df5261f991ec4c80592defbbb8f36860b8914965c08c42358c6371c2a2ca7780	python/lib/python3.13/site-packages/pip/_internal/models/release_control.py
f	1be3bd28495a6dc5ea6cfc1f13feba9735f97c66a18771aee83024cfff59849c	python/lib/python3.13/site-packages/pip/_internal/models/scheme.py
f	fe2f868ffc3f170640bd3b3b5a18ec9410c3ef427ef219887635c1c88f2e1194	python/lib/python3.13/site-packages/pip/_internal/models/search_scope.py
f	d2d79e930495c56e4c3a4d163c6e4da2fc39abf5c98f18a371def99193ba13d8	python/lib/python3.13/site-packages/pip/_internal/models/selection_prefs.py
f	2347854be7a26b793086b3af82ca61159b4d001d88c1767d4abf5fa7a22304fe	python/lib/python3.13/site-packages/pip/_internal/models/target_python.py
f	d5275f0ef37b00b4ec6f267d10eb0dcb518f8ab3f59fa1231f2ccfad9c8b4a1f	python/lib/python3.13/site-packages/pip/_internal/models/wheel.py
f	14ccb4e8ffffcba8cc8d473ccf765c41d285fa9999db3335e3fbc17873c68542	python/lib/python3.13/site-packages/pip/_internal/network/__init__.py
f	4c1a707bbcdc68fb8174195d8c039985fdb496691a729220180f80a8b72bf1e5	python/lib/python3.13/site-packages/pip/_internal/network/auth.py
f	e8394c5c9ee96f7e4cd6f82d4cad3e2ff9221c91717fbb7dceb7de27dbea3b7e	python/lib/python3.13/site-packages/pip/_internal/network/cache.py
f	495ae629aa39ebb95fb3c45a09dcae3a2b73211099a7d45fdd17038ffa3cbe48	python/lib/python3.13/site-packages/pip/_internal/network/download.py
f	cbd81592c7490928e72df633b3f9b70d8500b65de173f93ec453c305df4380eb	python/lib/python3.13/site-packages/pip/_internal/network/lazy_wheel.py
f	d8aa8cbf91eefcf1516119030614a321ba9bb01a74957bf8b6aa0b2a73362baa	python/lib/python3.13/site-packages/pip/_internal/network/session.py
f	393035bf016dbb611ed735aba8bcac0694501938ef5f10892544c4ab2ee135c0	python/lib/python3.13/site-packages/pip/_internal/network/utils.py
f	ffe467937bce7dff2e17d8401a64fa48b00b7e563580c05c6c6c12d767dbfd8e	python/lib/python3.13/site-packages/pip/_internal/network/xmlrpc.py
f	e3b0c44298fc1c149afbf4c8996fb92427ae41e4649b934ca495991b7852b855	python/lib/python3.13/site-packages/pip/_internal/operations/__init__.py
f	e3b0c44298fc1c149afbf4c8996fb92427ae41e4649b934ca495991b7852b855	python/lib/python3.13/site-packages/pip/_internal/operations/build/__init__.py
f	5b76f972690c58f684e902307f3b136b2268efe3a5c451d60f17cfb9ac7529c1	python/lib/python3.13/site-packages/pip/_internal/operations/build/build_tracker.py
f	20d1da7a245f3a22d80970297c3351a3d0b0db12385704dcd0a22dbdf75f3a39	python/lib/python3.13/site-packages/pip/_internal/operations/build/metadata.py
f	a16b9d32c9e3cb89683bf272ee0e0df67c6c9da117fe20e5551802cbba6ed6bb	python/lib/python3.13/site-packages/pip/_internal/operations/build/metadata_editable.py
f	ddb3fe9cd889e12f09bcc6819f27acb17414061c53aadd46071e8343588f2436	python/lib/python3.13/site-packages/pip/_internal/operations/build/wheel.py
f	ab791f12572533a16eb556c5c04f3b24e4e9556b798b10dfdff5241c02157f3e	python/lib/python3.13/site-packages/pip/_internal/operations/build/wheel_editable.py
f	93b9938cb6f9c996e2758c3c36df6fbbbfeed4bd5e90b3b350409e378a9c36c0	python/lib/python3.13/site-packages/pip/_internal/operations/check.py
f	3c3758fb2fd9b596492c029c6963c8191280196ec35d1e3c7f468c454d23ec10	python/lib/python3.13/site-packages/pip/_internal/operations/freeze.py
f	6a4f941137103ca94565a5a860a5aee505576e9141be0d2c5dcde2d0ee2f4986	python/lib/python3.13/site-packages/pip/_internal/operations/install/__init__.py
f	aa11702524a12e6e2ab98f3322cb3fb7e6df7f4615e3d1d334029fbb87d2a627	python/lib/python3.13/site-packages/pip/_internal/operations/install/wheel.py
f	ccb9153120eef5c511d0a9c39b76d9dd0bc879a12b8492abaf5d3d5320cc94a4	python/lib/python3.13/site-packages/pip/_internal/operations/prepare.py
f	27eb135aa0be5dfb0a420cfd9b56f2a4c5993c722db121f320dfcd59e2119a13	python/lib/python3.13/site-packages/pip/_internal/pyproject.py
f	c77b81ed95be97f30e3e6f25745f068b4761e42f16db7741ff0387d8d996a457	python/lib/python3.13/site-packages/pip/_internal/req/__init__.py
f	7f020b8373a220afdfd77454197e73432cf861ab14329ecc0babbdb8fbe81b3c	python/lib/python3.13/site-packages/pip/_internal/req/constructors.py
f	26c1b5a7709a55c5bc7237250f69038fb77daad56b35069ebd8fd49ca874d2d9	python/lib/python3.13/site-packages/pip/_internal/req/pep723.py
f	3eb58ab65c08f316d69d610a8d7b3d464ae9431dbf874d8005e7d84f465d7908	python/lib/python3.13/site-packages/pip/_internal/req/req_dependency_group.py
f	7661814b167d763d5e3aad8d5eff786e8af4bb59fc3f8f80be624bfaf63322c1	python/lib/python3.13/site-packages/pip/_internal/req/req_file.py
f	af6f3dfff58d55a4f1a51b4b154cf716936f746bfcc986bcec6f9090fe43b097	python/lib/python3.13/site-packages/pip/_internal/req/req_install.py
f	6b092a2179d80383eb9ac8f441bdf386a75b61499777ed68d0ff8a6779af450b	python/lib/python3.13/site-packages/pip/_internal/req/req_set.py
f	b791d262e2e82f19c5ee3adc2010e34c43feb238ebf0ee1f668b84a8e91533f7	python/lib/python3.13/site-packages/pip/_internal/req/req_uninstall.py
f	e3b0c44298fc1c149afbf4c8996fb92427ae41e4649b934ca495991b7852b855	python/lib/python3.13/site-packages/pip/_internal/resolution/__init__.py
f	27d16ade414e8c58fd8014a1610b6574414fad11925adb29fab3bdac87385b88	python/lib/python3.13/site-packages/pip/_internal/resolution/base.py
f	e3b0c44298fc1c149afbf4c8996fb92427ae41e4649b934ca495991b7852b855	python/lib/python3.13/site-packages/pip/_internal/resolution/legacy/__init__.py
f	d8254b2192e6fe75e47c94ede512ad21b231bc2927f466af7f8629f5cd488c35	python/lib/python3.13/site-packages/pip/_internal/resolution/legacy/resolver.py
f	e3b0c44298fc1c149afbf4c8996fb92427ae41e4649b934ca495991b7852b855	python/lib/python3.13/site-packages/pip/_internal/resolution/resolvelib/__init__.py
f	7e8ee88e842d8239901f971add5c8a2403b7a79b079e284c0f0efd67cff7d7e5	python/lib/python3.13/site-packages/pip/_internal/resolution/resolvelib/base.py
f	484929107e93eb397b55eec3c3da084bab674448fed54feae14fb6c441f42127	python/lib/python3.13/site-packages/pip/_internal/resolution/resolvelib/candidates.py
f	aeac270f819611d5601bb9c63fa3868f8f77ca2196ea366bd1c5bf9ac30e2bf5	python/lib/python3.13/site-packages/pip/_internal/resolution/resolvelib/factory.py
f	179e58b577a42946d5c298655ec91ad352e4753195831d6a38d94b2bb057f873	python/lib/python3.13/site-packages/pip/_internal/resolution/resolvelib/found_candidates.py
f	364c78035e8c380c630a3f63166f309a5324e5c6d687560adbe518593284242c	python/lib/python3.13/site-packages/pip/_internal/resolution/resolvelib/provider.py
f	b440bb305f08a865385b0f6deb56157cd14ab68690a5bebe0302d9a6d273d551	python/lib/python3.13/site-packages/pip/_internal/resolution/resolvelib/reporter.py
f	23397d9fc9dcd7cf250350523d2f10c5fb9d7c340f1e09e0c3e8a3ea15edd274	python/lib/python3.13/site-packages/pip/_internal/resolution/resolvelib/requirements.py
f	c0cdc27114d83dd8e74356a2dd83fa86d166904df6a35c71d9182353eca40237	python/lib/python3.13/site-packages/pip/_internal/resolution/resolvelib/resolver.py
f	f57c4e5cfaac66529c7933f6b594bb23bad78e8767a9ddc6ac843c534fcbf013	python/lib/python3.13/site-packages/pip/_internal/self_outdated_check.py
f	e3b0c44298fc1c149afbf4c8996fb92427ae41e4649b934ca495991b7852b855	python/lib/python3.13/site-packages/pip/_internal/utils/__init__.py
f	335e6e50f221e4da4fd6d754181c516aeeaad59004b48f3e5f22c4113b1c15f1	python/lib/python3.13/site-packages/pip/_internal/utils/_jaraco_text.py
f	fa31cb384fd31da673e4115c0a7a122fd11802d2749d77a6e3db3da1fe23bcac	python/lib/python3.13/site-packages/pip/_internal/utils/_log.py
f	2ebcc33d930a561d2bb9bb42c7dbeedd79596cb092ba0e954a3e10b2fb7ae810	python/lib/python3.13/site-packages/pip/_internal/utils/appdirs.py
f	8b62546571aba8ff99a03f2de20c1c90103729835458296ebd10d749cb6ce5f1	python/lib/python3.13/site-packages/pip/_internal/utils/compat.py
f	0e23522eaa6eaee5d46a6190c0e2765990720c62d319a5e2f4ef977fc7ce8b7e	python/lib/python3.13/site-packages/pip/_internal/utils/compatibility_tags.py
f	92e24e7f5996f06e6d44537a8d66ab75d752fbda92691e7794ad639b1dcd4d96	python/lib/python3.13/site-packages/pip/_internal/utils/datetime.py
f	21016e9996be5d62775283e75f876ec1b7fbf424f33990ff564d4f922bc0bb88	python/lib/python3.13/site-packages/pip/_internal/utils/deprecation.py
f	58208f2679a83c7cfb92261e3eb11c5407a7da50e9093f56415226a071d608ef	python/lib/python3.13/site-packages/pip/_internal/utils/direct_url_helpers.py
f	6167ecadb99f72b7d682a418cba3ae223b326fd21f2f5abfdafe33b26b355a32	python/lib/python3.13/site-packages/pip/_internal/utils/egg_link.py
f	b8f8c0c9284a39b768b63423254ce9ad0eabdf142f0c86705187c71ea67b0e89	python/lib/python3.13/site-packages/pip/_internal/utils/entrypoints.py
f	82283bddb38e4b53670c1f781030ef7439c78d0a1e473fd395f40f88257b31ed	python/lib/python3.13/site-packages/pip/_internal/utils/filesystem.py
f	b0431adfca9aaa3bf1d5989ddce0805236b7d4138153e512b9230f06f537ca3a	python/lib/python3.13/site-packages/pip/_internal/utils/filetypes.py
f	b0487c44924b612751bd3a803b84c754f3c0f9848354b0f8488f52a3e6f15f55	python/lib/python3.13/site-packages/pip/_internal/utils/glibc.py
f	dfcf9b08e2521e2a6943bafd46db6b307c5bda6bf710046dd46c3c905996ef78	python/lib/python3.13/site-packages/pip/_internal/utils/hashes.py
f	8464e306e223359c72755eafb38c28c406e190723c2fef6e08ed78382bcf940f	python/lib/python3.13/site-packages/pip/_internal/utils/logging.py
f	dbc2d6405bc55a6ae926a31c574b2889fd719e5dff81bdb9077806fe2539ce13	python/lib/python3.13/site-packages/pip/_internal/utils/misc.py
f	b39b6952616e9b05741fd2524f3af2ac863827040cf29686b7b4a6ede370b766	python/lib/python3.13/site-packages/pip/_internal/utils/packaging.py
f	5d04d9d60821ef27e91df45d6ef8d201ed6978eb60d99db116b51e67bc25e13b	python/lib/python3.13/site-packages/pip/_internal/utils/pylock.py
f	a0e2b754680a44ac529170cf0117fbddc9d04b7843b6713df9f7808380253591	python/lib/python3.13/site-packages/pip/_internal/utils/retry.py
f	9ea373da9dc6e1000d08205c68992a210bd0518039d13c23667a188e2c8fc6cf	python/lib/python3.13/site-packages/pip/_internal/utils/subprocess.py
f	4c388bf41cc4a767876a540b1f4ae1c8cde6db1bb274483d73ab758786d3e65f	python/lib/python3.13/site-packages/pip/_internal/utils/temp_dir.py
f	e62f529fffd2344961a025e72edd92bd0690f929d3cdc51a0c7d7f248d531d4c	python/lib/python3.13/site-packages/pip/_internal/utils/unpacking.py
f	2505ab440a171c1a4fb18f408a3eb56ec6633102c272ecab50ed51e96fc1c08a	python/lib/python3.13/site-packages/pip/_internal/utils/urls.py
f	f687782ec71e0f29d44ac2d31175e0b6e9a5510f15bcaa7ce9bdb1ccad18bb78	python/lib/python3.13/site-packages/pip/_internal/utils/virtualenv.py
f	61d46e8fa322706f90f4c834dc56d4bf55932da9ba2dcec08228d8e2fa15ca2b	python/lib/python3.13/site-packages/pip/_internal/utils/wheel.py
f	500aafce96e2d156d9a3751beac904799030fa8a08651fb35ff5a909bc720a85	python/lib/python3.13/site-packages/pip/_internal/vcs/__init__.py
f	dd6d5e1e3918c76bdce9ba1e6f634187823fae51805ccfafaf37cd84b9b54718	python/lib/python3.13/site-packages/pip/_internal/vcs/bazaar.py
f	2f9daba8937ef8aab4923011f3ff528bc44911c36550b25d93a562a60f1995f0	python/lib/python3.13/site-packages/pip/_internal/vcs/git.py
f	c3564958b2aa34fd689c48e47e39700559cca8f64d488111f1aca341c9d3ab8c	python/lib/python3.13/site-packages/pip/_internal/vcs/mercurial.py
f	b9481d3efc66bc407c430b63af41dcd178058db88d8b971bbc8e2f0112ce257a	python/lib/python3.13/site-packages/pip/_internal/vcs/subversion.py
f	26c5204c6e770e424fcb99975411fbbaa78543268bebdef4ee26edb39b820580	python/lib/python3.13/site-packages/pip/_internal/vcs/versioncontrol.py
f	91d3ef01cc5f92703c07fe20ea13c38c1ec2e2eccbfdc57955d7b63a3d88a739	python/lib/python3.13/site-packages/pip/_internal/wheel_builder.py
f	b7b2229e36a2bb0521f35d9799502940725bf294f0df753c03d511ab2e86945e	python/lib/python3.13/site-packages/pip/_vendor/README.rst
f	5b3bac3d319620c790416495274876ada7c69154daf56289d874fedbe12866b5	python/lib/python3.13/site-packages/pip/_vendor/__init__.py
f	797e200aa7fff16fad9fb2deeaece50a2b2bec623eb6c3759176eee6cee19328	python/lib/python3.13/site-packages/pip/_vendor/bom.cdx.json
f	86eeee87be2a43f3ff1f56496f451f69243926f025fedbb033666c304c4c161b	python/lib/python3.13/site-packages/pip/_vendor/cachecontrol/LICENSE.txt
f	1b1c11926fd3401b4f6697e954af6be92f5d032d835675600d51c929388f6759	python/lib/python3.13/site-packages/pip/_vendor/cachecontrol/__init__.py
f	8a2b2dd84a7326f0d5221300c57abc8859d306c89901dea2a65c5f98d6e83729	python/lib/python3.13/site-packages/pip/_vendor/cachecontrol/_cmd.py
f	5be1d6fa5d358320ac9f190ec826eac7bb31ad662805b2ab0ec2a455540de8d1	python/lib/python3.13/site-packages/pip/_vendor/cachecontrol/adapter.py
f	397c2fec59f60309ca3626a12479e3b6f68a2e776f54bbfffb33be96d955f6a2	python/lib/python3.13/site-packages/pip/_vendor/cachecontrol/cache.py
f	76daebae82b90670034751968c2675f5a674b45b0c7ef141b4b410535b29fda8	python/lib/python3.13/site-packages/pip/_vendor/cachecontrol/caches/__init__.py
f	77cba9166cbfcf06829a56d61150652d715d76df19c3c739485a7178e66c75fc	python/lib/python3.13/site-packages/pip/_vendor/cachecontrol/caches/file_cache.py
f	f6b9aac2d62efe58d5916ebfa0ba9b0bb11a5ff6bc613ff22ee9daf9e4b4760a	python/lib/python3.13/site-packages/pip/_vendor/cachecontrol/caches/redis_cache.py
f	c416ae0bebd44aee46b09b310f8f96f8968aaaa6c1cf430de99bfc3c0d8df212	python/lib/python3.13/site-packages/pip/_vendor/cachecontrol/controller.py
f	0e1c42feb4a4f9b78a75bb1885fbc1503a2f4075fdaf78071ff8cff7eabf98a9	python/lib/python3.13/site-packages/pip/_vendor/cachecontrol/filewrapper.py
f	82a31753cc34810b8442249dbb7620fb4bddf645bb9eb58a6cb71aef9ae17861	python/lib/python3.13/site-packages/pip/_vendor/cachecontrol/heuristics.py
f	e3b0c44298fc1c149afbf4c8996fb92427ae41e4649b934ca495991b7852b855	python/lib/python3.13/site-packages/pip/_vendor/cachecontrol/py.typed
f	1d0776225950d391f33e454b3174c5dae5f99a31108c3064c42a94254383a599	python/lib/python3.13/site-packages/pip/_vendor/cachecontrol/serialize.py
f	86c19cee0f101904d3fb87fcb60cf700ce6ac12720e853b405274b491744be95	python/lib/python3.13/site-packages/pip/_vendor/cachecontrol/wrapper.py
f	e93716da6b9c0d5a4a1df60fe695b370f0695603d21f6f83f053e42cfc10caf7	python/lib/python3.13/site-packages/pip/_vendor/certifi/LICENSE
f	f96d51ff2f1609a4a44f5b5d8eec47ff34c1658d581fac5081d3759db05a8ce1	python/lib/python3.13/site-packages/pip/_vendor/certifi/__init__.py
f	d64dc2afde6f0b1c464460e58eb5b7c0c76965d2f73617f4bb59fe936a9db026	python/lib/python3.13/site-packages/pip/_vendor/certifi/__main__.py
f	bbc7e9c01d7551bb8a159b5dedd989b8ee3ce105aff522b68eb1b01bf854cab0	python/lib/python3.13/site-packages/pip/_vendor/certifi/cacert.pem
f	82efc40952359b746ad32b69b0d13ad6181019c29a380b7d46cf46f0ab1308e2	python/lib/python3.13/site-packages/pip/_vendor/certifi/core.py
f	e3b0c44298fc1c149afbf4c8996fb92427ae41e4649b934ca495991b7852b855	python/lib/python3.13/site-packages/pip/_vendor/certifi/py.typed
f	808e10c8a6ab8deb149ff9b3fb19f447a808094606d712a9ca57fead3552599d	python/lib/python3.13/site-packages/pip/_vendor/distlib/LICENSE.txt
f	b66613841d719a07d18d1b72cbc60fd22d329ab1769fa795b307302ba3986dc7	python/lib/python3.13/site-packages/pip/_vendor/distlib/__init__.py
f	1d3ce1398f7c73f7f231513bc6d56e659f80564378f9119eb3e8569afbb0aae9	python/lib/python3.13/site-packages/pip/_vendor/distlib/compat.py
f	c19b7f024a3c4d8f8be9920098fe3627b30d5f45d3105ea090cd0e9b917b50f6	python/lib/python3.13/site-packages/pip/_vendor/distlib/resources.py
f	ad59b803e61f1900e9b0e4703b2ec0c1ea724536b2bb2eab73e32768230101c3	python/lib/python3.13/site-packages/pip/_vendor/distlib/scripts.py
f	6b4195e640a85ac32eb6f9628822a622057df1e459df7c17a12f97aeabc9415b	python/lib/python3.13/site-packages/pip/_vendor/distlib/t32.exe
f	ebc4c06b7d95e74e315419ee7e88e1d0f71e9e9477538c00a93a9ff8c66a6cfc	python/lib/python3.13/site-packages/pip/_vendor/distlib/t64-arm.exe
f	81a618f21cb87db9076134e70388b6e9cb7c2106739011b6a51772d22cae06b7	python/lib/python3.13/site-packages/pip/_vendor/distlib/t64.exe
f	9f64035ef0745edc2bb5e872827c1d2e02e42e26b9f2c663ce064f2b20faac01	python/lib/python3.13/site-packages/pip/_vendor/distlib/util.py
f	47872cc77f8e18cf642f868f23340a468e537e64521d9a3a416c8b84384d064b	python/lib/python3.13/site-packages/pip/_vendor/distlib/w32.exe
f	c5dc9884a8f458371550e09bd396e5418bf375820a31b9899f6499bf391c7b2e	python/lib/python3.13/site-packages/pip/_vendor/distlib/w64-arm.exe
f	7a319ffaba23a017d7b1e18ba726ba6c54c53d6446db55f92af53c279894f8ad	python/lib/python3.13/site-packages/pip/_vendor/distlib/w64.exe
f	cb5e8e7e5f4a3988e1063c142c60dc2df75605f4c46515e776e3aca6df976e14	python/lib/python3.13/site-packages/pip/_vendor/distro/LICENSE
f	d9f1e317e49f80fbe3c8d67588787fc23a96751fd8a393831f0642d232c13e17	python/lib/python3.13/site-packages/pip/_vendor/distro/__init__.py
f	6eef5ddd389fa0a72264572a441bb2815dc64ae4e19d50ff9b620ae1ccfde95b	python/lib/python3.13/site-packages/pip/_vendor/distro/__main__.py
f	5ea6de7da7008434f8cebfedae76c0d79798f2f74ae064e08609af506ac433fe	python/lib/python3.13/site-packages/pip/_vendor/distro/distro.py
f	e3b0c44298fc1c149afbf4c8996fb92427ae41e4649b934ca495991b7852b855	python/lib/python3.13/site-packages/pip/_vendor/distro/py.typed
f	1a9a4f0e3d479a27240ddd59a9137a66ab4a0f9dfdc8ca6188cc0bfd85187f04	python/lib/python3.13/site-packages/pip/_vendor/idna/LICENSE.md
f	30fa8d0cb65b5ea19a35d5f1005862a853ca1105e3bb68cd42109ecbafb97893	python/lib/python3.13/site-packages/pip/_vendor/idna/__init__.py
f	e0930aeba5a3e2e2d94ca6c5fac4f72c0c4eb2be9bba283becf98e909091471c	python/lib/python3.13/site-packages/pip/_vendor/idna/__main__.py
f	b30a892cc35cf14ceceb42b388da5b5a71eeaa51b75914302526e8e27f310c0a	python/lib/python3.13/site-packages/pip/_vendor/idna/cli.py
f	2516e8f9fee91242dd59e887f3d67bd94478541621bca0c5ad005e357eac4431	python/lib/python3.13/site-packages/pip/_vendor/idna/codec.py
f	01ea40dfd71e447c647c73f8d7e16f296e4a8be7f83df519f7445432508d766a	python/lib/python3.13/site-packages/pip/_vendor/idna/compat.py
f	49f3abd713b73e8134443631edb31c8809e38b28c93db3f0ffddc007921460ec	python/lib/python3.13/site-packages/pip/_vendor/idna/core.py
f	01ffa6a3c5819a48402ba4f25ca3901fcf0e5f49903432ad74bed45ad429a699	python/lib/python3.13/site-packages/pip/_vendor/idna/idnadata.py
f	838f6c70b4a4a89b4084b98e3836bb8551eb8928e66fad2d893b04a287097412	python/lib/python3.13/site-packages/pip/_vendor/idna/intranges.py
f	4de23de04a8014015a5df049c2c38f50c2e7dbdebdba2acf6be0da79a71e0325	python/lib/python3.13/site-packages/pip/_vendor/idna/package_data.py
f	e3b0c44298fc1c149afbf4c8996fb92427ae41e4649b934ca495991b7852b855	python/lib/python3.13/site-packages/pip/_vendor/idna/py.typed
f	8ee8cdcf942a58c7097fe5d82efe17d6306f6f9165234b7af9ed6620bb206cf9	python/lib/python3.13/site-packages/pip/_vendor/idna/uts46data.py
f	492dedba85da5872f78e6091bcd1fea474d660d35acb4dee964b8aab3f007427	python/lib/python3.13/site-packages/pip/_vendor/msgpack/COPYING
f	440f2072a2b5ed8a64c419cdc172556b5a1ad8bca058381f1759c0d4d3f0de6a	python/lib/python3.13/site-packages/pip/_vendor/msgpack/__init__.py
f	7424d67a2f1da64accb100dc8d093be004e5f47b08047d326edf3338f36a3187	python/lib/python3.13/site-packages/pip/_vendor/msgpack/exceptions.py
f	92d789bf4de7f6d633779a28df1628a554e8e2f45a031a27050409857a21659a	python/lib/python3.13/site-packages/pip/_vendor/msgpack/ext.py
f	d20d4fce9d2fb66044989e70f45decffe24c55444ff114b81b571ce5345a02c2	python/lib/python3.13/site-packages/pip/_vendor/msgpack/fallback.py
f	cad1ef5bd340d73e074ba614d26f7deaca5c7940c3d8c34852e65c4909686c48	python/lib/python3.13/site-packages/pip/_vendor/packaging/LICENSE
f	0d542e0c8804e39aa7f37eb00da5a762149dc682d7829451287e11b938e94594	python/lib/python3.13/site-packages/pip/_vendor/packaging/LICENSE.APACHE
f	b70e7e9b742f1cc6f948b34c16aa39ffece94196364bc88ff0d2180f0028fac5	python/lib/python3.13/site-packages/pip/_vendor/packaging/LICENSE.BSD
f	42130474fbb65e882b2735774b42964bab7b97423d93c11e0d1265e1f9f0f3bb	python/lib/python3.13/site-packages/pip/_vendor/packaging/__init__.py
f	fac2a4a6d62acd8c36fb1dd007225ae66078adf3d6bb5a719191d1c755801426	python/lib/python3.13/site-packages/pip/_vendor/packaging/_elffile.py
f	1dfea707470eadac84b3debea77a085c08069c5aaebf6d033b997ea36fd79efd	python/lib/python3.13/site-packages/pip/_vendor/packaging/_manylinux.py
f	67ab308c7dcc03b5d2dea5e798c37b40f86a3f77e7a18234790d7c7bdf878001	python/lib/python3.13/site-packages/pip/_vendor/packaging/_musllinux.py
f	29fda7b03c38739e17f36a58f1b6b8174d81bdee8eca018c0232fe05e82a71ec	python/lib/python3.13/site-packages/pip/_vendor/packaging/_parser.py
f	eb48d16c5efca7ccf930a9cd77a700a6b80e69d0891d5d03966526441a8565cb	python/lib/python3.13/site-packages/pip/_vendor/packaging/_structures.py
f	b455365abf996497406e45cb109a3ba9440325a2247dfb7d0ea6a27e210d0fb0	python/lib/python3.13/site-packages/pip/_vendor/packaging/_tokenizer.py
f	5d92005452bdb871b84421a9ae6267dd522751631eb3185afe4cad26e30ef5e6	python/lib/python3.13/site-packages/pip/_vendor/packaging/dependency_groups.py
f	78a99b0e23cfd6c2d5e0c8ff902499aaa927ac8c953bd4abec9a45f0a0a3a785	python/lib/python3.13/site-packages/pip/_vendor/packaging/direct_url.py
f	ea17c461701ff2ffc817ae7e94569d24e30889e04fdb120ab721178c6d67188b	python/lib/python3.13/site-packages/pip/_vendor/packaging/errors.py
f	fc9c745d1883ff9f296a5b169f22eb2ee879f59a4608f20f5cb29d668f4e26f4	python/lib/python3.13/site-packages/pip/_vendor/packaging/licenses/__init__.py
f	596ec35e2ca0ebcba9fd8343ff0a51625af548786257815f24b41f7e08613314	python/lib/python3.13/site-packages/pip/_vendor/packaging/licenses/_spdx.py
f	422c4155c6fd0f61e3c04622ba1a4d91baa4f739cf45b53cccd5f4911d5122b5	python/lib/python3.13/site-packages/pip/_vendor/packaging/markers.py
f	72b021d04dc654656a3e5bba11d445b1a1be63a518ce74d4aa3b8629118fbfa7	python/lib/python3.13/site-packages/pip/_vendor/packaging/metadata.py
f	e3b0c44298fc1c149afbf4c8996fb92427ae41e4649b934ca495991b7852b855	python/lib/python3.13/site-packages/pip/_vendor/packaging/py.typed
f	1bfd609dc4e60db44b6358e8e150c8f54c3e6f9204ae1fd0f55fc16d5253983f	python/lib/python3.13/site-packages/pip/_vendor/packaging/pylock.py
f	43e05d107556e4aefce46057b7b45c3f8504b1d20a5a8585aa5ac78d1e16579d	python/lib/python3.13/site-packages/pip/_vendor/packaging/requirements.py
f	dd705c4ac966f984041043bfcebbf817a751e70471b3812b26f274be33417c63	python/lib/python3.13/site-packages/pip/_vendor/packaging/specifiers.py
f	00d607671610569f4194e41838753902b0cd548a53165e0a95ba1c6150569c5b	python/lib/python3.13/site-packages/pip/_vendor/packaging/tags.py
f	33bf8930a89cdac3f562d57ff1a5bb795181fb1dc00ee282892aec55e09dd94a	python/lib/python3.13/site-packages/pip/_vendor/packaging/utils.py
f	31cbbb4dfe98d62d20438157bf8b7483c71b2f98e8004b218e0229cffdaf2122	python/lib/python3.13/site-packages/pip/_vendor/packaging/version.py
f	86da0f01aeae46348a3c3d465195dc1ceccde79f79e87769a64b8da04b2a4741	python/lib/python3.13/site-packages/pip/_vendor/pkg_resources/LICENSE
f	bdb4c9d3faee5201b1423944aacaee16688d3d5ca1dadf6afb3c930d3d39df12	python/lib/python3.13/site-packages/pip/_vendor/pkg_resources/__init__.py
f	29e0fd62e929850e86eb28c3fdccf0cefdf4fa94879011cffb3d0d4bed6d4db6	python/lib/python3.13/site-packages/pip/_vendor/platformdirs/LICENSE
f	80198bfc9fca74f80a8b03377470a8fb2fbc09b4b4e9009ad5722127d6c881ec	python/lib/python3.13/site-packages/pip/_vendor/platformdirs/__init__.py
f	0d0d68d44d65d0686e8ad8f8b9024a00fc2470a6c6ce4cced2c6e1cddf516d47	python/lib/python3.13/site-packages/pip/_vendor/platformdirs/__main__.py
f	e70e92d3bbd569b1113a169407f5fb8b48662cd6dd62d0bd684bcf6ec1084bc3	python/lib/python3.13/site-packages/pip/_vendor/platformdirs/_xdg.py
f	0418f7c1fc3e75fb95c6c0ac2acbc5072295b2944381fbfc8302338691352514	python/lib/python3.13/site-packages/pip/_vendor/platformdirs/android.py
f	11a22c1605c6bbc7034dbe3558cde1b1efd2ac8a0e521b7cfd30a8e5774e3923	python/lib/python3.13/site-packages/pip/_vendor/platformdirs/api.py
f	3d6b9d78364063d52ec0b3ffe6b3777b149116d61d639e368438636a1e1d4960	python/lib/python3.13/site-packages/pip/_vendor/platformdirs/macos.py
f	e3b0c44298fc1c149afbf4c8996fb92427ae41e4649b934ca495991b7852b855	python/lib/python3.13/site-packages/pip/_vendor/platformdirs/py.typed
f	5fb0a2a75c4e1c53a7495bdea8a5b35353fb8e7e33b831a9460995c499e4e2f9	python/lib/python3.13/site-packages/pip/_vendor/platformdirs/unix.py
f	749bdd9bb2ffef0a1b11cc6b36826d1fb0ad998706fd5479c8d9ad06c849fb1b	python/lib/python3.13/site-packages/pip/_vendor/platformdirs/version.py
f	60e75218d85da719bfc9d66aeee1bbe22f665f6fd659b70c480e1fa1b5f02f43	python/lib/python3.13/site-packages/pip/_vendor/platformdirs/windows.py
f	a9d66f1d526df02e29dce73436d34e56e8632f46c275bbdffc70569e882f9f17	python/lib/python3.13/site-packages/pip/_vendor/pygments/LICENSE
f	5e777fedf254a94ffa0f46f15d6d2a4bd33f384f46e955bc60d3db18b5a82b04	python/lib/python3.13/site-packages/pip/_vendor/pygments/__init__.py
f	22a010ffcdfa2afd824f1f2be887ba76e450b9848f97ce6c6d8a2613022c635e	python/lib/python3.13/site-packages/pip/_vendor/pygments/__main__.py
f	0b5f3d240c210b5421d002a0b21cdbd70543cc5a819efd55678e644c40c83b7d	python/lib/python3.13/site-packages/pip/_vendor/pygments/console.py
f	d5d9db92ad80742dc0907b770da5f09ce91304b0a1975911ea76922f09ebfed7	python/lib/python3.13/site-packages/pip/_vendor/pygments/filter.py
f	3eb77ac542bfee4c34ad0bff3973d8dfcef5473c2d58a1a9fe0ed275d6070578	python/lib/python3.13/site-packages/pip/_vendor/pygments/filters/__init__.py
f	12e0173d7e9cdd74240adde50f456148f4990721bb61093c1eb0b0c657fe0994	python/lib/python3.13/site-packages/pip/_vendor/pygments/formatter.py
f	1182c30888011cbfc392e84d4506651e94b6fd4139f8c7ec18bd6131c39af79c	python/lib/python3.13/site-packages/pip/_vendor/pygments/formatters/__init__.py
f	d42c37ec5b9094d69c9f144a9ad94f5f89f22e85fdfedb64a39670b1c354659e	python/lib/python3.13/site-packages/pip/_vendor/pygments/formatters/_mapping.py
f	c125c3cedd9f359252ae57dd21f9ca56585e469164b3390f9a0c0125ebdb04da	python/lib/python3.13/site-packages/pip/_vendor/pygments/lexer.py
f	b3c23fb55968b6b33c7054c69678f0e39518e6c8f98e10f0750cce3a387380d8	python/lib/python3.13/site-packages/pip/_vendor/pygments/lexers/__init__.py
f	c060188ce069ac3559034d5ea1cc1c2c9e8bf1b88cf6b3f68f1c2bd5b409f7a3	python/lib/python3.13/site-packages/pip/_vendor/pygments/lexers/_mapping.py
f	4eac9f40e3e10983f1df96a940beb90808fd93ee01c6eccbabc3037dd9b68ef1	python/lib/python3.13/site-packages/pip/_vendor/pygments/lexers/python.py
f	99ef20e6bc9289dbcfb4c04eac3cb63b5b0ca99774da5047318e4a0d979f530b	python/lib/python3.13/site-packages/pip/_vendor/pygments/modeline.py
f	3facc8c3ebe4490d24d56287af36c14e3a7094264f6d1fba41efdd3bd06376ed	python/lib/python3.13/site-packages/pip/_vendor/pygments/plugin.py
f	776853bdace5a30e73cd920e0959df7841b6098d06ad8fe2807d6409249fee8c	python/lib/python3.13/site-packages/pip/_vendor/pygments/regexopt.py
f	0eda0b8b5a4e2a936efba8e26a42694902d48bf7a9dbd490421bfba00c1858c1	python/lib/python3.13/site-packages/pip/_vendor/pygments/scanner.py
f	45f9699df5c1e2b64b63267e390fe2827b553a507c8c6e36c456201152321dff	python/lib/python3.13/site-packages/pip/_vendor/pygments/sphinxext.py
f	c094973978de84663123a7b70c6694b4e35e5ae8664dfb307e4cacacbf566acd	python/lib/python3.13/site-packages/pip/_vendor/pygments/style.py
f	91874218af2067557cc1f1501133b3a4f9994c9d67301d1bd6236553c74743d1	python/lib/python3.13/site-packages/pip/_vendor/pygments/styles/__init__.py
f	ea5a2f154136f6dcfa12c5775d8638860a3327bab524bedc7cedd43a58274bcc	python/lib/python3.13/site-packages/pip/_vendor/pygments/styles/_mapping.py
f	0d58a5e53da5b479138104d4632d5d32d8328a08dabc2b35ca913841fd82ac6a	python/lib/python3.13/site-packages/pip/_vendor/pygments/token.py
f	678c381df395521b9e09445191f840a90d9bfbaf54ce4858e31b877af604cb98	python/lib/python3.13/site-packages/pip/_vendor/pygments/unistring.py
f	ce4f77e6d252a70480f73c4d995d53ba17043f431f6e85e24594864272cf12a9	python/lib/python3.13/site-packages/pip/_vendor/pygments/util.py
f	1b22b049b5267d6dfc23a67bf4a84d8ec04b9fdfb1a51d360e42b4342c8b4154	python/lib/python3.13/site-packages/pip/_vendor/pyproject_hooks/LICENSE
f	70f07f6bd2d7cf9c6fb116d7d68daac807632dab5925d43f2dce4c70d5fe5fb6	python/lib/python3.13/site-packages/pip/_vendor/pyproject_hooks/__init__.py
f	8d8fab6b19e6c91c81e7baee022b6b25153311ec6e021193a6033282ac7aed9e	python/lib/python3.13/site-packages/pip/_vendor/pyproject_hooks/_impl.py
f	30934fa5f23170ef85821c6905bc641b5ac58907fa1ce51b5785399aad07167b	python/lib/python3.13/site-packages/pip/_vendor/pyproject_hooks/_in_process/__init__.py
f	a9c5cc866c7ffcc209ab5d201875b7980e1397c772f18cc731c7309cda0a970d	python/lib/python3.13/site-packages/pip/_vendor/pyproject_hooks/_in_process/_in_process.py
f	e3b0c44298fc1c149afbf4c8996fb92427ae41e4649b934ca495991b7852b855	python/lib/python3.13/site-packages/pip/_vendor/pyproject_hooks/py.typed
f	09e8a9bcec8067104652c168685ab0931e7868f9c8284b66f5ae6edae5f1130b	python/lib/python3.13/site-packages/pip/_vendor/requests/LICENSE
f	9c2d9ab6d17076860dfa813afaf416e1c8aebc8bbb2763ff4d4d6a4360dcb9e1	python/lib/python3.13/site-packages/pip/_vendor/requests/__init__.py
f	abba90670b0370a3dc40d97c2dea46a35d4bec941ff10d7c3cf3098ef04a17f9	python/lib/python3.13/site-packages/pip/_vendor/requests/__version__.py
f	4c7d8d132c9898fc7d715e473f3ac74785ddc4ab96d2c9240f87835dc6d981ff	python/lib/python3.13/site-packages/pip/_vendor/requests/_internal_utils.py
f	d06df79f54a279c0cc3faec596c446246d5ad14edfd529eb328defbd62a44a89	python/lib/python3.13/site-packages/pip/_vendor/requests/_types.py
f	e6448a857949b91fde9eb3a3777921486a51063d56a82874f10b2cbb408467c3	python/lib/python3.13/site-packages/pip/_vendor/requests/adapters.py
f	4d15480ac046f089209798e8650476ef4a28ebe6f81b400758f8ef42ec6b5509	python/lib/python3.13/site-packages/pip/_vendor/requests/api.py
f	e93951a552d4c3c5fd9b84a5e1d49b03caaba4723c4ff112da6053600ec85a65	python/lib/python3.13/site-packages/pip/_vendor/requests/auth.py
f	783d46d11a0c677900d25c9d930ee8a3496670aaaf0f5861cfac8e96048a9bcc	python/lib/python3.13/site-packages/pip/_vendor/requests/certs.py
f	d5485e146a2671e59eedacac81ba185b1704387fc7a501662a12323e201a9e88	python/lib/python3.13/site-packages/pip/_vendor/requests/compat.py
f	0a1ce6140f2b9420522c5080e356e689fa796c2522f55ca10826f5ed8e0a723c	python/lib/python3.13/site-packages/pip/_vendor/requests/cookies.py
f	026eb2e27728069b6999eb0e8d1c5ce628ae043623c7750dd684550653604721	python/lib/python3.13/site-packages/pip/_vendor/requests/exceptions.py
f	4d559e8e40913b029ec471c1e38282652afe734a395da90d2fb2d3d54265472f	python/lib/python3.13/site-packages/pip/_vendor/requests/help.py
f	ebd8a02475d31a0e473a8f553e9501ff43645b9563885ad52844e7a63f0d76ab	python/lib/python3.13/site-packages/pip/_vendor/requests/hooks.py
f	f7d77b585e29477e4d1e8f63adb1a2068719dcb08cb25a155340c0710e3dc774	python/lib/python3.13/site-packages/pip/_vendor/requests/models.py
f	fd94030894c9f123f79155ae9d2a81b1164d3f38f673558556a6ddaf4f29cf75	python/lib/python3.13/site-packages/pip/_vendor/requests/packages.py
f	e3b0c44298fc1c149afbf4c8996fb92427ae41e4649b934ca495991b7852b855	python/lib/python3.13/site-packages/pip/_vendor/requests/py.typed
f	96fbb30bbbf06a59a5268d13b57885149756aa3f31695b5c15e41dd7bb2f67a6	python/lib/python3.13/site-packages/pip/_vendor/requests/sessions.py
f	1950f47c89cf18019787e07d8ce48f66d6b38e622f7d94d70a90247fee6c040e	python/lib/python3.13/site-packages/pip/_vendor/requests/status_codes.py
f	ba9460c39078f25e6f1d2a24ac941ac6f8d2ee97197fa8c8d0c262d8a1e67a02	python/lib/python3.13/site-packages/pip/_vendor/requests/structures.py
f	bbb3080b2cd04ef7d46b76ac83d9c1bdcae785220f11ceaa8494b18861b04ce9	python/lib/python3.13/site-packages/pip/_vendor/requests/utils.py
f	f388fd38cad13112c1dc0f669bbe80e7f84541edbafb72f3030d2ca7642c3c9d	python/lib/python3.13/site-packages/pip/_vendor/resolvelib/LICENSE
f	ca85fe778493bf01860a24111397090bd0ad7abebd4a0560a82971382bd23fb3	python/lib/python3.13/site-packages/pip/_vendor/resolvelib/__init__.py
f	a485896c874927d185b4d6edc131f421ae37563ea16021098f60ce2ee7b5e453	python/lib/python3.13/site-packages/pip/_vendor/resolvelib/providers.py
f	e3b0c44298fc1c149afbf4c8996fb92427ae41e4649b934ca495991b7852b855	python/lib/python3.13/site-packages/pip/_vendor/resolvelib/py.typed
f	a4d25fe271712e901e2b1941522d86123d1ad888f59e2918d1469b4ca5deb13e	python/lib/python3.13/site-packages/pip/_vendor/resolvelib/reporters.py
f	ef6f0cdc4be69cf6d55d2ec4c5796fda432ee9bef012ca0fbad11f97eb9593f2	python/lib/python3.13/site-packages/pip/_vendor/resolvelib/resolvers/__init__.py
f	08d7903e7a40b9d63bee79b33a438d4a6020465cc87f4e97f97f66bd160e0e6b	python/lib/python3.13/site-packages/pip/_vendor/resolvelib/resolvers/abstract.py
f	95c9991afe6c2873a7143fd1cd9c2f9464a3d7d31e03ee6b08ca5d7f64a0c3b6	python/lib/python3.13/site-packages/pip/_vendor/resolvelib/resolvers/criterion.py
f	967fe3690b602e545448563adbbca21c6da00fb020697cd129a12515587b7c34	python/lib/python3.13/site-packages/pip/_vendor/resolvelib/resolvers/exceptions.py
f	dc9ff3916fac0f7118f8194d5e3ca59fffe78e9c87e67d146494fab95ec285e0	python/lib/python3.13/site-packages/pip/_vendor/resolvelib/resolvers/resolution.py
f	a6ef84262476201213af649078d3d16b4ad7863952b5f98efc6120021af7d34e	python/lib/python3.13/site-packages/pip/_vendor/resolvelib/structs.py
f	deed7c17a4318158190a3ea239cc879a5a50271cebb98ae7025f48fbe58dca15	python/lib/python3.13/site-packages/pip/_vendor/rich/LICENSE
f	751c6320bf926c5558d2adc88d232b7e00531eb9b52d90e02ceca0541c226197	python/lib/python3.13/site-packages/pip/_vendor/rich/__init__.py
f	7bf6950beb43cdaad6416f52b9932e0a006be8e0d5fe20cd5765a1db19313a5c	python/lib/python3.13/site-packages/pip/_vendor/rich/__main__.py
f	7db99ec9eb447478f313f571da5d6e2bbb673ce84cb365f59497cedefb0a0e90	python/lib/python3.13/site-packages/pip/_vendor/rich/_cell_widths.py
f	86ed552fd9db55da6926b5688a356c85195c4517bfbf7763bb7326776b0a65d6	python/lib/python3.13/site-packages/pip/_vendor/rich/_emoji_codes.py
f	9fe91c7adb04531d99526850adf78c35cfad79e1a1a6e490e45f153c1b32bc3a	python/lib/python3.13/site-packages/pip/_vendor/rich/_emoji_replace.py
f	448d3ca52ae6e6d052ccf32f9db4ea6c3f5621a95a3a837977833545398bab56	python/lib/python3.13/site-packages/pip/_vendor/rich/_export_format.py
f	5ede3b41a7022b062bbb38c38be80e06aef6e0945e0e3f429bdc548b97ebfb7e	python/lib/python3.13/site-packages/pip/_vendor/rich/_extension.py
f	1d66713f90b66a331b1ebcaf01066c79f9557d0a06cec28e1f3286b0b0fcca74	python/lib/python3.13/site-packages/pip/_vendor/rich/_fileno.py
f	44e4f43cb0b618c5a26a559992a2488e662aec83518a34109284a89164da0222	python/lib/python3.13/site-packages/pip/_vendor/rich/_inspect.py
f	d41c88d0f035669c5963708624e2b9e218e5ab85fe073fdba088c8a8277c2a7b	python/lib/python3.13/site-packages/pip/_vendor/rich/_log_render.py
f	855ffa08b7683e6d2f6b6d96a70e332aa334458b33dd36715e3d0fa12fbd7834	python/lib/python3.13/site-packages/pip/_vendor/rich/_loop.py
f	00318aa75cadfa4ef414c295ead9ea0aa79c07ead2273a7e590b03ecb3cbfa48	python/lib/python3.13/site-packages/pip/_vendor/rich/_null_file.py
f	71d7afd4940a67426f960b95f62a478339d3767be52335050c16f422dd8fce32	python/lib/python3.13/site-packages/pip/_vendor/rich/_palettes.py
f	7af0edf10378945e428b0ad421794e2429ed8ad0423ac23764b3c42005512c95	python/lib/python3.13/site-packages/pip/_vendor/rich/_pick.py
f	20eb65efcb1009866c987cb185ee3992b91bebcbbdc55cfbcc5b175490fe6f66	python/lib/python3.13/site-packages/pip/_vendor/rich/_ratio.py
f	536af5fe0ff5cd28ec8e251d00449cda200c7378b8ae2fd2f0f60fea4439cf52	python/lib/python3.13/site-packages/pip/_vendor/rich/_spinners.py
f	f82f0e2bbaf19f7b0851d570c59041a5e1e12335f4788f9533731e9987da5e6d	python/lib/python3.13/site-packages/pip/_vendor/rich/_stack.py
f	cde9716d3ea83c566736bc163e973592d51e013f957387ee15c4592d018bb4c2	python/lib/python3.13/site-packages/pip/_vendor/rich/_timer.py
f	05268344833004b2139ff9b499344b3ea304e6afaab8675232e60ca587982707	python/lib/python3.13/site-packages/pip/_vendor/rich/_win32_console.py
f	681c1a0ff4b9e926e0a2922f6b2566a64d18dbcbb06360b905a6f5c25dc1a7e2	python/lib/python3.13/site-packages/pip/_vendor/rich/_windows.py
f	b7be192f7c6e0c23f79e64e9f691f52f92e223671a909b9045095e1c225eae59	python/lib/python3.13/site-packages/pip/_vendor/rich/_windows_renderer.py
f	1654aca26e445f42d5900dca5b2df8c879c27cbb6a5fe6487a95ca87eef4ae97	python/lib/python3.13/site-packages/pip/_vendor/rich/_wrap.py
f	38df84f99a924a1799f3c56b297d8cdcf5e915b18451464f31afc07f497ee1fd	python/lib/python3.13/site-packages/pip/_vendor/rich/abc.py
f	760fbbb98d2e90c2cb95412c04344bbdadb6fec4202090f804ad1d9991c51ee8	python/lib/python3.13/site-packages/pip/_vendor/rich/align.py
f	02fb352c76d275cc8ebc339da442d952850b7018987b063be9e341a7ab85061b	python/lib/python3.13/site-packages/pip/_vendor/rich/ansi.py
f	95d6d51cecca24e9df95536ebf5c52ee0e9d2d7d84df03275e474f6e9cc94dcb	python/lib/python3.13/site-packages/pip/_vendor/rich/bar.py
f	9266af05cfdd9fbdcbfe0ffcbf1592c18243daecc15ce5054ed24e7e96dccdc3	python/lib/python3.13/site-packages/pip/_vendor/rich/box.py
f	2ab4248f9f8b821082a492d23502320198e775ce1b9c4a8e1268b962e67d5026	python/lib/python3.13/site-packages/pip/_vendor/rich/cells.py
f	dc74942d50e3eea4245d47455afefc24e8926737f2e72d6791c6219dadbde95d	python/lib/python3.13/site-packages/pip/_vendor/rich/color.py
f	de585091d25bbd63e82c33be0276089805a626f579765818342559f7b39168de	python/lib/python3.13/site-packages/pip/_vendor/rich/color_triplet.py
f	1d45f429c326f5db0a362d757d36e233f876883b65f3248269573195a944ceaf	python/lib/python3.13/site-packages/pip/_vendor/rich/columns.py
f	b7d6b366999131553972985505949284db26071776f880167134e5868afe135b	python/lib/python3.13/site-packages/pip/_vendor/rich/console.py
f	d5520fb82f0082d296adc9dc42b8c1758a80dc9556cacbba8d9a35aeb87b73b4	python/lib/python3.13/site-packages/pip/_vendor/rich/constrain.py
f	73fe7a4f171e74662a0dea4704c4ee65d5088a38ad010827a31f9075ed19d6aa	python/lib/python3.13/site-packages/pip/_vendor/rich/containers.py
f	1144d25052d06f163a666a3fb1d33ee4bb37db7bc81d305f37c4cfba5a9e1d46	python/lib/python3.13/site-packages/pip/_vendor/rich/control.py
f	921405aaa6a80ecddba6b32a5a91f0f273b95291b60cde90b6e4dde8bcd9c187	python/lib/python3.13/site-packages/pip/_vendor/rich/default_styles.py
f	7c99754c8b519f5f601b0a2ea9383ef333d45b762a401a8696dadf3d0b351fdc	python/lib/python3.13/site-packages/pip/_vendor/rich/diagnose.py
f	59de1b42e6d9752cbaf8fcab45036e307b67d959258caf6e3d93d596ed9c9b1d	python/lib/python3.13/site-packages/pip/_vendor/rich/emoji.py
f	e693f729ce5de1027f734285b31adfca18e23d57bb275ccea9215b140cdc57e6	python/lib/python3.13/site-packages/pip/_vendor/rich/errors.py
f	4e5f531cc0d9f8f9395a6f2c23580683f5390e1bac9b10fe159d1f51b714d16d	python/lib/python3.13/site-packages/pip/_vendor/rich/file_proxy.py
f	fe2cfd948a5182f5bb30d49e0999cb83e1f0cdb3f81844e0e78dd6a83f1216cd	python/lib/python3.13/site-packages/pip/_vendor/rich/filesize.py
f	1bfb27fbc0ca8ccd6c1232c6fe8738a2f9169a25295af8fc6d78b4c9e7762e76	python/lib/python3.13/site-packages/pip/_vendor/rich/highlighter.py
f	bd512829d6b0a094630056b23f05e43013cbcbb4524ecf9fe38c124034769c9d	python/lib/python3.13/site-packages/pip/_vendor/rich/json.py
f	432a0aa04ffc21d09baed8921e9f53b1348dc931d8d053b9c2113b8ce4ddf541	python/lib/python3.13/site-packages/pip/_vendor/rich/jupyter.py
f	6a3912140b4456ff44153705b3ec38b997dfb7b9c45e13732fb655760ad3e6b2	python/lib/python3.13/site-packages/pip/_vendor/rich/layout.py
f	b45dee90000967f37665b19c96a67e8b02e822867c7f41c7533efd8c0c89aa3f	python/lib/python3.13/site-packages/pip/_vendor/rich/live.py
f	22dff7f58773ac19bca372cbd24686a2b3c583e05f65601cac18cb8c5a246f1e	python/lib/python3.13/site-packages/pip/_vendor/rich/live_render.py
f	e4a68f3d230ff45c5c5cf05c28ce1c19dff35bbf0f3207fe61b3159ef7d2c34a	python/lib/python3.13/site-packages/pip/_vendor/rich/logging.py
f	ddeb8628fe6ce353424306928d39c9c6eb398993078f1a483345ba7c2c6b6b7f	python/lib/python3.13/site-packages/pip/_vendor/rich/markup.py
f	1e6ac8257f2c5914c76e087c33111acbff37564a8d5bfef4b3c68a3f965c608f	python/lib/python3.13/site-packages/pip/_vendor/rich/measure.py
f	295108ded3b0a3db202b560d4ae1fffccd7f8d45a62d9c11555fca98eb55cf23	python/lib/python3.13/site-packages/pip/_vendor/rich/padding.py
f	48efc44c114a6e0de7fc080ecd79b8d52bf7e98c57032237fd1f8a398dbfb927	python/lib/python3.13/site-packages/pip/_vendor/rich/pager.py
f	9489ef4753830d3d9fdd464c7cbd60aeaedd63fa4374a1f0e1b75480e19a3386	python/lib/python3.13/site-packages/pip/_vendor/rich/palette.py
f	f6c425d3484f22a1f91b68002d0a3835ea45c293f493dc13facfe03a6b39a487	python/lib/python3.13/site-packages/pip/_vendor/rich/panel.py
f	832dd2ef6bb8151836cada28ecdd590d60c8bc1e2e9dbcdde625067609bef1f7	python/lib/python3.13/site-packages/pip/_vendor/rich/pretty.py
f	09473696453e5f9f6655d19f8cc0819197a218f2f7bb174e36384d245d93ef06	python/lib/python3.13/site-packages/pip/_vendor/rich/progress.py
f	9994cfa4953071f71d8100934f3de4c98f9f73bf5d74bc2dc7a1a18717e8d3ae	python/lib/python3.13/site-packages/pip/_vendor/rich/progress_bar.py
f	974461414fb45154d5f5ed3cc56d416c88f426ad885f20a15f8942d2514dcede	python/lib/python3.13/site-packages/pip/_vendor/rich/prompt.py
f	e611c70c3347724764f22587e7311b8becee215485e616d4da3228e3b47b9531	python/lib/python3.13/site-packages/pip/_vendor/rich/protocol.py
f	e3b0c44298fc1c149afbf4c8996fb92427ae41e4649b934ca495991b7852b855	python/lib/python3.13/site-packages/pip/_vendor/rich/py.typed
f	acd4fdc59ad56536085d90b43589f8d42250c1835b47e29e70f3b14e042f07c6	python/lib/python3.13/site-packages/pip/_vendor/rich/region.py
f	e4c64966638d802ea4b9df905befe6d68917c0bd9a47abbacbea54714089cf6f	python/lib/python3.13/site-packages/pip/_vendor/rich/repr.py
f	d1f35a4bf68445add43117374f958ca4dfecba6b43c5f6a8af6cb7a1fd5fb419	python/lib/python3.13/site-packages/pip/_vendor/rich/rule.py
f	4cc514f2aa35eed872a9008faa30cb62983f514d64e6a55df96c2226f9c955ab	python/lib/python3.13/site-packages/pip/_vendor/rich/scope.py
f	628791784494871ef882ba9bd264926fd960861cac5a6147621b1b3154235cef	python/lib/python3.13/site-packages/pip/_vendor/rich/screen.py
f	a2d9ca78a18457e591950568b1f2557850dc0f100a1e9bc9fe12f34aee65ba63	python/lib/python3.13/site-packages/pip/_vendor/rich/segment.py
f	a27221a4a9658d11e9a5365ab313bc91782d632087524a5280a825449de8e758	python/lib/python3.13/site-packages/pip/_vendor/rich/spinner.py
f	9243e987761e019068f97fb8c0fa7c813a99c94e3ae8d2f06410383d94d37b0a	python/lib/python3.13/site-packages/pip/_vendor/rich/status.py
f	5bd09ccbc3f2f253480ad95f729fabcb3313b90686c405376afefe8397c7bb4b	python/lib/python3.13/site-packages/pip/_vendor/rich/style.py
f	799367cc6ac8e248bfe78a606373a3d13fb1de5c5d5d3621e3faf20c1db8c015	python/lib/python3.13/site-packages/pip/_vendor/rich/styled.py
f	78328847097ef9e6742f0a3675ad9146d7eeb5719abeb24eeb50a5e4e912e7d5	python/lib/python3.13/site-packages/pip/_vendor/rich/syntax.py
f	6664fb57b30c08e60ac3b4c663d4992f26037fa25d33e5957f4ec5755b958532	python/lib/python3.13/site-packages/pip/_vendor/rich/table.py
f	d63e7eb9f25f9ef940a3942c8bf0026625c39b0317cea826141c8e6d3f7ec896	python/lib/python3.13/site-packages/pip/_vendor/rich/terminal_theme.py
f	00eec93c2cfafa068dd6d8552d73019ed1260cf55816014d1b5a0ceb5fec6a75	python/lib/python3.13/site-packages/pip/_vendor/rich/text.py
f	a0dca15e119a82d0e56c3c9eded56eddeb16396934bcd92ec45c3efee9e568ad	python/lib/python3.13/site-packages/pip/_vendor/rich/theme.py
f	d318132e8cdf69b79b62d709b43742e50917e4855411abe2a83509261e185459	python/lib/python3.13/site-packages/pip/_vendor/rich/themes.py
f	7345a607f2f4e3f51f65b2daa07f7cdbf53fb3b7a8b3128c5220159833dd4585	python/lib/python3.13/site-packages/pip/_vendor/rich/traceback.py
f	c969d0eab02f446277a991aa06bc52d925b64ca05336b3f449d63c4313853eec	python/lib/python3.13/site-packages/pip/_vendor/rich/tree.py
f	b80816b0d530b8accb4c2211783790984a6e3b61922c2b5ee92f3372ab2742fe	python/lib/python3.13/site-packages/pip/_vendor/tomli/LICENSE
f	9eb042d7c0db5d14c2168ec4946e410de5a91c9cce86892f5e4db5e4633c6762	python/lib/python3.13/site-packages/pip/_vendor/tomli/__init__.py
f	a412234c86bf710b361e0943276961f0e25fa6d7c36ba7a0e7eec87a3e018c7b	python/lib/python3.13/site-packages/pip/_vendor/tomli/_parser.py
f	a12359fe294523a72112e434d58452a14c9d050affa2417f9927474e4166bfdd	python/lib/python3.13/site-packages/pip/_vendor/tomli/_re.py
f	f864c6d9552a929c7032ace654ee05ef26ca75d21b027b801d77e65907138b74	python/lib/python3.13/site-packages/pip/_vendor/tomli/_types.py
f	f0f8f2675695a10a5156fb7bd66bafbaae6a13e8d315990af862c792175e6e67	python/lib/python3.13/site-packages/pip/_vendor/tomli/py.typed
f	b80816b0d530b8accb4c2211783790984a6e3b61922c2b5ee92f3372ab2742fe	python/lib/python3.13/site-packages/pip/_vendor/tomli_w/LICENSE
f	d05f320ed5f1dd4ba7866f3be0aac070fefab2bb0cf7ccbb5b21d0c02ba565ba	python/lib/python3.13/site-packages/pip/_vendor/tomli_w/__init__.py
f	76c89f152db161fd62efa9a64727f3f72d76e710bb67f1d0f38e592a126c617b	python/lib/python3.13/site-packages/pip/_vendor/tomli_w/_writer.py
f	f0f8f2675695a10a5156fb7bd66bafbaae6a13e8d315990af862c792175e6e67	python/lib/python3.13/site-packages/pip/_vendor/tomli_w/py.typed
f	33be7b7e8fa4fd19b1760e1a8ed8a668bdab852c91b692dd41424bcb725a9fca	python/lib/python3.13/site-packages/pip/_vendor/truststore/LICENSE
f	06eee4aa49a9ba784bb23e710aef204ffdb992da0f5dc4a7c1ef151e4d46989a	python/lib/python3.13/site-packages/pip/_vendor/truststore/__init__.py
f	0982425790537edb5961fa98de6a2f74c044fbc6b3eee8444ff2d86ca4f6367e	python/lib/python3.13/site-packages/pip/_vendor/truststore/_api.py
f	9d994b90e9accd413483aaf2470055198e423b33f2b9d72c889b4359aacce4b4	python/lib/python3.13/site-packages/pip/_vendor/truststore/_macos.py
f	cc1f9242f272764b3bb50d32230acfe860f77d035249a3e2abbcf0e321794f8d	python/lib/python3.13/site-packages/pip/_vendor/truststore/_openssl.py
f	3540f87d529d483d36ae2efe75bd2d9ced15a8b3fd687bb3992b5c5bbb40974f	python/lib/python3.13/site-packages/pip/_vendor/truststore/_ssl_constants.py
f	ac01f22980fc33bb7e6d77c6f1580e55add3a5f85585bb78ad94253b8e58b8ff	python/lib/python3.13/site-packages/pip/_vendor/truststore/_windows.py
f	e3b0c44298fc1c149afbf4c8996fb92427ae41e4649b934ca495991b7852b855	python/lib/python3.13/site-packages/pip/_vendor/truststore/py.typed
f	130e3a64d5fdd5d096a752694634a7d9df284469de86e5732100268041e3d686	python/lib/python3.13/site-packages/pip/_vendor/urllib3/LICENSE.txt
f	24ca35b60d67215d40789daf10d0bf4f17e5d1ee61e86ce5f43195935ad645ba	python/lib/python3.13/site-packages/pip/_vendor/urllib3/__init__.py
f	1f37121077b1803ad152beb48cd9e20762908ddc3ded279d0f996e45f1ed0978	python/lib/python3.13/site-packages/pip/_vendor/urllib3/_base_connection.py
f	68e566da62a296fbaf4f579f006b6403ba62eb90b5342dc725fa45c6f6014bc0	python/lib/python3.13/site-packages/pip/_vendor/urllib3/_collections.py
f	802785f3948efd45385a83f0607228cffb70f9e33f1153a42c5a7c385b02ec30	python/lib/python3.13/site-packages/pip/_vendor/urllib3/_request_methods.py
f	fa032b2a1b0f88e8f45f351ecd515ae7d7754ba4204222a0413e601a0c8cf3ec	python/lib/python3.13/site-packages/pip/_vendor/urllib3/_version.py
f	668b37ab12835bdf8643a695a9f050551339b280742231f163fc575a925a1532	python/lib/python3.13/site-packages/pip/_vendor/urllib3/connection.py
f	b0616775d5d8c25c7b282e0908fd602af74d18b34af984c22437460021a3dd8f	python/lib/python3.13/site-packages/pip/_vendor/urllib3/connectionpool.py
f	e3b0c44298fc1c149afbf4c8996fb92427ae41e4649b934ca495991b7852b855	python/lib/python3.13/site-packages/pip/_vendor/urllib3/contrib/__init__.py
f	66bb97696295cc010976a347dcd121d26ac7af0fbed956586f4cd7d11a273590	python/lib/python3.13/site-packages/pip/_vendor/urllib3/contrib/emscripten/__init__.py
f	822125b01a14b0a55445b6736fc182ac99aa5b6dd79ef8f668dc90545e36b258	python/lib/python3.13/site-packages/pip/_vendor/urllib3/contrib/emscripten/connection.py
f	cf5937cd9e3f84329ddfeb4def0cf3f0b1e31c2da9c4dfeebbc07793d0fd0377	python/lib/python3.13/site-packages/pip/_vendor/urllib3/contrib/emscripten/emscripten_fetch_worker.js
f	e7171dfbebe217165dda7072d1a2bbdddb49f53b21d7261953f4945f09f089b9	python/lib/python3.13/site-packages/pip/_vendor/urllib3/contrib/emscripten/fetch.py
f	98bdbcb33cb52af137349856a2be633666aba7c830a650d4fbb8301996398344	python/lib/python3.13/site-packages/pip/_vendor/urllib3/contrib/emscripten/request.py
f	083a58d0616896e47723110290cda01f9b837d80ccd042f5156afb07beb0b603	python/lib/python3.13/site-packages/pip/_vendor/urllib3/contrib/emscripten/response.py
f	3e2feac2f765f37b4da6e8f5939a42a4ffe09b1964e017c5ad39407a0faa67f5	python/lib/python3.13/site-packages/pip/_vendor/urllib3/contrib/pyopenssl.py
f	ad2ba495f85ae3ebeda3ef2a48b8523e67f996644f218baa740c4a7bd6e0d910	python/lib/python3.13/site-packages/pip/_vendor/urllib3/contrib/socks.py
f	8503c7a2aa38cb0e3a7ac3525647225505d5520031580825b21e8c6f242d6be4	python/lib/python3.13/site-packages/pip/_vendor/urllib3/exceptions.py
f	6862c5015669554f856c996596f7b8021834fa91fd659050d88cfb95fa648e43	python/lib/python3.13/site-packages/pip/_vendor/urllib3/fields.py
f	53c78d67e9a928a1e1ae56c7104893c7180ad7a21e8e111aeeecf8db2a80fdd2	python/lib/python3.13/site-packages/pip/_vendor/urllib3/filepost.py
f	c73ac0487ed1e4035190f24ea2de651a70133aadca2aec97cc8e36adc9f09aab	python/lib/python3.13/site-packages/pip/_vendor/urllib3/http2/__init__.py
f	6c7307e9f36f6adc173eb2aaadc9fbe32037a5459ca8f0e9a672b52dc2826cff	python/lib/python3.13/site-packages/pip/_vendor/urllib3/http2/connection.py
f	9e7024a9b8406a43a217be6bcfb5b4b9d677f047a1fee0fc7e357be0def71442	python/lib/python3.13/site-packages/pip/_vendor/urllib3/http2/probe.py
f	82b22b1131b5ae01d805a41abb5c8de31c5f2bc53d08a551626c015d6fe4752a	python/lib/python3.13/site-packages/pip/_vendor/urllib3/poolmanager.py
f	51a0ae3c56b71fc5006a46edfb91bc48f69c95d4ce1af26fd7ca4f8d42798036	python/lib/python3.13/site-packages/pip/_vendor/urllib3/py.typed
f	0f304cf9dce5eb1fe1d8464673d8b0d206ce910dfa6e8942ed61121f84eeac7f	python/lib/python3.13/site-packages/pip/_vendor/urllib3/response.py
f	faa792d1071e8af6b3bc110a0cd142008fba00271d0ce1384ccbe8ed22cd9404	python/lib/python3.13/site-packages/pip/_vendor/urllib3/util/__init__.py
f	2633bbdb69731e5ccb5cf4e4afd65605d86c7979cc5633126f50c92d5ad74a74	python/lib/python3.13/site-packages/pip/_vendor/urllib3/util/connection.py
f	b1e3fcf90e41e9b07474cb703e3f98719650df4bc7b8ba91bbeb48d096767f3b	python/lib/python3.13/site-packages/pip/_vendor/urllib3/util/proxy.py
f	a7d2a2f5ea35b4504efa3a95ffb2a6989eb444aaa8636af86a8d1299a1cbc8eb	python/lib/python3.13/site-packages/pip/_vendor/urllib3/util/request.py
f	bd013adfdba81218f5be98c4771bb994d22124249466477ba6a965508d0164e0	python/lib/python3.13/site-packages/pip/_vendor/urllib3/util/response.py
f	d989d25fefc579c312843eb5331e6cebc274fdbb541d9aeb73f064155452d4fe	python/lib/python3.13/site-packages/pip/_vendor/urllib3/util/retry.py
f	3aa7b7ac88545377b7195819a1bda1c6647c43464386b84448f94f3ff18b6954	python/lib/python3.13/site-packages/pip/_vendor/urllib3/util/ssl_.py
f	16de38289cd3cc632629f7ff6573fdd658b65785a19af132d7a3ca05cbf8bd99	python/lib/python3.13/site-packages/pip/_vendor/urllib3/util/ssl_match_hostname.py
f	133e0ef2947fbd3f1d6a7fc5bea0584ba7600df05710c7d57ebcdc754a167e2e	python/lib/python3.13/site-packages/pip/_vendor/urllib3/util/ssltransport.py
f	bec5094693b49df2a4fb2d4e2a5805198d4e34918f824699ec1ee4aee129558c	python/lib/python3.13/site-packages/pip/_vendor/urllib3/util/timeout.py
f	3c40d0332a6276e75ed2701972d2cb8852bd7a937e2cf9d21fb2a938b2f0a87d	python/lib/python3.13/site-packages/pip/_vendor/urllib3/util/url.py
f	8f795b64ad633f28b00f7e13f08809cdd5846554fee04fb4bd82098bd52378d0	python/lib/python3.13/site-packages/pip/_vendor/urllib3/util/util.py
f	fe987c22b511deca8faa2d0ea29420254947e30ce419e3390a2c80ed7186b662	python/lib/python3.13/site-packages/pip/_vendor/urllib3/util/wait.py
f	3df0c9601bfa2e0dca23cc574a4f900a4d7fdad060ab203fab8354350ed93320	python/lib/python3.13/site-packages/pip/_vendor/vendor.txt
f	10156fbcf4539ff788a73e5ee50ced48276b317ed0c1ded53fddd14a82256762	python/lib/python3.13/site-packages/pip/py.typed
f	ea80b1f9fd676ec6d0c3ce8219d1ecfd103992e93e927c5d0a95a18443059f66	python/lib/python3.13/site.py
f	629af7be4bc592da4a7de91ded5d62fb7c98c7838cb77c865493aad4bf8bd948	python/lib/python3.13/smtplib.py
f	382289c864b6a74abf0f411ec254a1dea596a45463746b05a590f9547db19d03	python/lib/python3.13/socket.py
f	ecbbe1a633801460399a8f10b39007aa0e13cdbdad507e39414000f097b769b5	python/lib/python3.13/socketserver.py
f	6e956d2166e24ccf36fef21ad63d06a5dd8f7b674aca6c81ea91eacca6b85b01	python/lib/python3.13/sqlite3/__init__.py
f	eb90acb433a9a92feb1ec330a6066d1e36b8cd9509d4fddad74e2388c5c86ada	python/lib/python3.13/sqlite3/__main__.py
f	7c5c8d98df1f2c50c4062a3be2c0f0499190c179fa4fc281507a1ef763a98f28	python/lib/python3.13/sqlite3/dbapi2.py
f	ebbe93df602f6bde103d48835df31a099924d1564e2b393556189f22c2d27bc2	python/lib/python3.13/sqlite3/dump.py
f	f7fd87f8ac9dad7d1387e2401761ec05806c5108201a6d1ede6ab2f481f6df54	python/lib/python3.13/sre_compile.py
f	87013dc0b349c2c044100f70a8daa9d713e60a527e26f6ab8ee1fc978a6d3234	python/lib/python3.13/sre_constants.py
f	c4929134532306081918f185c99305c6f55213bc16b32f8c259bc60f7f81e810	python/lib/python3.13/sre_parse.py
f	a0b3f21ec6f5750ef303909bed13ae5cf37d06165e28283f7cef30c373eef063	python/lib/python3.13/ssl.py
f	07217986d9b2172b509dab3578d18ac05ba768b418e1f1e8c90e38a8f7c2b3c6	python/lib/python3.13/stat.py
f	80b677e786418c299ced99993f4a89804d4532e0b5e26971286713a6de538c18	python/lib/python3.13/statistics.py
f	c000d9c4340c910b869399f0f0acc1b70e39391ad9344c4e08d8d0f80210a916	python/lib/python3.13/string.py
f	fc42fedb2a828a34a70cb0ff1b9a17039ca148b4f561fa7db98ce49bb2141c7a	python/lib/python3.13/stringprep.py
f	9c231f9497caf513a22dee8f790b07f969b0e45854a0bdd6dd84b492e08c2856	python/lib/python3.13/struct.py
f	3418c49f58081da808966bf1d3a6c819b28e95074a43e1a36d60bcf9649bdc51	python/lib/python3.13/subprocess.py
f	e1ccb923f71d2b81f3128d535341377e901befd016da523fe2a56b032bc7f843	python/lib/python3.13/symtable.py
f	09a99ccf9fd3a2b5455167bf1cf64d869fe0e93107baf6c3edb1cbeb7a063b10	python/lib/python3.13/sysconfig/__init__.py
f	488521b6a45299ced7c6c7aa8a41c85379419d389e29c0bb36f7408686c2cf20	python/lib/python3.13/sysconfig/__main__.py
f	c168ac6e0f0a6c527d64bece82fb2c37667aec069855267240f8eaaf3c3072fc	python/lib/python3.13/tabnanny.py
f	0fd87b49826f745c16e3ee68b2390a206b2dfcfe9a0b1118bd7fcd7c06deaff1	python/lib/python3.13/tarfile.py
f	7350d7f75ca8d6e4752c377777a315dc26eb4ecd3b6c9c0951bffddc576f030f	python/lib/python3.13/tempfile.py
f	30f3d833950d53e168cc021961574b553f56aed84458712b2eb29c6495843d46	python/lib/python3.13/textwrap.py
f	481d0cb3de511eae0b5713dad18542b07eafd9c013bb7690f7497bad49923a71	python/lib/python3.13/this.py
f	a979d5ab97993d7fbfd7601e928476c8dc90e1807df7c8c7d9f324e620331caa	python/lib/python3.13/threading.py
f	cb2ad5b9053fe1956ac1e87097fa5eb8d836853ca90215c2c2bffb19706a4b17	python/lib/python3.13/timeit.py
f	239c50d76a738ccf69f9af29af7689c061b3493d33857d40daa27b556f0ee124	python/lib/python3.13/tkinter/__init__.py
f	9738a6cb9cdd8139721dd82118bd527897db5325d807222883f70fb1c5a1c27e	python/lib/python3.13/tkinter/__main__.py
f	19b9e933cd0123c7511f150ad7c52c1016a3128ca1ae485b917bfda6560c50be	python/lib/python3.13/tkinter/colorchooser.py
f	6427fe7488e4152629b1394521650250bb695011f0f985811389ce23e7168c57	python/lib/python3.13/tkinter/commondialog.py
f	c01314dc51d1c8effeba2528720a65da133596d4143200c68595c02067bf1da2	python/lib/python3.13/tkinter/constants.py
f	44d544e5d199a1a4c5b8195d68a9ad39cefb6c45d1b06a71cc14733c1c357f21	python/lib/python3.13/tkinter/dialog.py
f	542b804b243b502b5525a8b1f04a02a120b1db4e3599f5c7865e60693ed3672a	python/lib/python3.13/tkinter/dnd.py
f	d75c1eb4131db658b8622acffd8262ecbd7337425c799ea3be8d605ea6be7b94	python/lib/python3.13/tkinter/filedialog.py
f	62ae750f0aaee7be344a600b5653a8ee4bc9e44a6850471c78a36c4ffc9a3a8d	python/lib/python3.13/tkinter/font.py
f	aca882aaccc7c175d2d46a70f19f3a058c59385cc2811cbba99164f98dbda7f5	python/lib/python3.13/tkinter/messagebox.py
f	c7cc050ec9cc3cc6a47215b5bc79b2d3e5c6ed895a4300ab0e20f6c249385e3f	python/lib/python3.13/tkinter/scrolledtext.py
f	887453a6b6e7cdcc8b4c73495b445e60033f42d5adae697561b47e546c7b4f46	python/lib/python3.13/tkinter/simpledialog.py
f	4855350dd2abc2059407bedc55af7efaa1f9fce070e8fa5bd2aee2771641dc90	python/lib/python3.13/tkinter/ttk.py
f	1d2ab814992e6afbd6f1e5323edcddd681f65f7679ad1eb87fe1357a433a5bdf	python/lib/python3.13/token.py
f	1369f7f9e57c722d1627333b705aabfaf943c24680920942e773fd4e1776be2e	python/lib/python3.13/tokenize.py
f	71f67036895f4c5acab942618af0cbd3d814451ba61e967f358d0f341a5b8f51	python/lib/python3.13/tomllib/__init__.py
f	82591be9349687b88926a7b1a28b0f892a132e4043cb249bd1bd1594bdd721e3	python/lib/python3.13/tomllib/_parser.py
f	0bd8a54280babaa755456e0e4ceabd5f072558f19373698e29d2491e0fb7e4b4	python/lib/python3.13/tomllib/_re.py
f	f864c6d9552a929c7032ace654ee05ef26ca75d21b027b801d77e65907138b74	python/lib/python3.13/tomllib/_types.py
f	a56b56a5cddd960d38677d3850a085e8ecdac2620bf42e7034eff22730a89618	python/lib/python3.13/tomllib/mypy.ini
f	323eb0614e59e1f70dd63ed93adf512825206980aebf9533311d9cb3ab87580f	python/lib/python3.13/trace.py
f	d81f560ce5f09e217bc81a40cb9881d51720121661d1488834a7b2c72618a1a2	python/lib/python3.13/traceback.py
f	c2cc84a05b824df79840c98729a0e94ef8909b11c528a1b2c5a00aa436b97b25	python/lib/python3.13/tracemalloc.py
f	1ab5e5e047130b310355e907a3306178299b9f2044fb526ac63bd116e9a16d2b	python/lib/python3.13/tty.py
f	0c60d423a1da8856751644094dd26bcd682f3e5ce05577325558865d21067796	python/lib/python3.13/turtle.py
f	5f465277c96c107a5af544b0a962561f97cb0bfd75906d9bf9741450ed02b0e1	python/lib/python3.13/turtledemo/__init__.py
f	b47bc774cfe8a84bdce969f9d2a5f1427c786090905892e9f2de4741273b8e62	python/lib/python3.13/turtledemo/__main__.py
f	6deeee99e0ddb4ed29a648f95d4d33e9f3292c21dbecec301337c22a605a280f	python/lib/python3.13/turtledemo/bytedesign.py
f	bc8a3a9b77e90446fb7060ff68ee008ffd6b23b366052207ec225cc163b4dae5	python/lib/python3.13/turtledemo/chaos.py
f	70e6033c112f699da2b54a56f9366f31466c95af9ca3607e6b94b87eb76ee3c5	python/lib/python3.13/turtledemo/clock.py
f	bbb065830edb37fd53b1c004118853176fd8da32ee532cb0d363960880920374	python/lib/python3.13/turtledemo/colormixer.py
f	68cd81b7da35ca49d9066cc2cba24768cddbf90797dbd619a559cf899cde926b	python/lib/python3.13/turtledemo/forest.py
f	29fadf34c5eabda4649848d052fa2ed3ae829e55bc3ac5933f2aedf3fb04b320	python/lib/python3.13/turtledemo/fractalcurves.py
f	4b597f52c1cb35ae8ed540d1db2dab52276c7874febd7a659ee50f26be26f61e	python/lib/python3.13/turtledemo/lindenmayer.py
f	0e458a6257fb5a4ecd2785962850fa87924b23d4ead8aebb70aab38904ff8ef5	python/lib/python3.13/turtledemo/minimal_hanoi.py
f	939d1ee904a7b00579bb44719b0286e7524bf560c7ffff6d482064b41b09fdb3	python/lib/python3.13/turtledemo/nim.py
f	81aa22d0da1d934cb47edfef1883f9fe8ef864c56d484f79f9ec4b46457d047e	python/lib/python3.13/turtledemo/paint.py
f	b260b857164684b3065ad760fec0245ab6505c220814fb179a3d080f2bba0814	python/lib/python3.13/turtledemo/peace.py
f	14aeb10db966bfd4ec923a19eb96892eb2aa2723c0962c0824fe2ca9f30e300a	python/lib/python3.13/turtledemo/penrose.py
f	cd2c5344b67dbe781cf4c7f0f1eb1b97e6d8a5bf50329bdaa4e42e7d390ea609	python/lib/python3.13/turtledemo/planet_and_moon.py
f	61dfd5bb932cc5a0c3bb9caa8ed74889a19a8d3ee3cb6707ea8f63595ec350b0	python/lib/python3.13/turtledemo/rosette.py
f	4ecaac02e68f11ec1a406a6ce8a4b17e4f8af74f76157e0776360d0dd041f276	python/lib/python3.13/turtledemo/round_dance.py
f	7d38adf061cecaf08edfbe8ebc194937f7f070a35e19641a472778f6d3a10927	python/lib/python3.13/turtledemo/sorting_animate.py
f	3318448046c83c176f95a97c33b5cd82e0076bee038d72810bef3dac1085e590	python/lib/python3.13/turtledemo/tree.py
f	de66698dc4f083792df6aaed1e5d94e879852d72f1f24ac09c8fb4cd144c6c88	python/lib/python3.13/turtledemo/turtle.cfg
f	3300593114fb9286af9360cc9d871a40e5dcbea4aedc24b832607d1dd71c7b96	python/lib/python3.13/turtledemo/two_canvases.py
f	0737a80b939aafcf3d8a1bf60b63e781979c749337d02b6c216680893f9fffc5	python/lib/python3.13/turtledemo/yinyang.py
f	3a289bc5366e96d01017038870b5b8861b87305d351b99c688bcc681d908fa7d	python/lib/python3.13/types.py
f	aa40d89b8d665e69c23cea58572c840509c2d2a757db537747462e55a4785b80	python/lib/python3.13/typing.py
f	7c22ee0c503b75aba5221e3e8189f9bf4632f85a43315ff841ec9d26a68e3551	python/lib/python3.13/unittest/__init__.py
f	ff6b9a100d32001715b40d61bc4d613623b139edb1fdc3566427b83c331caae3	python/lib/python3.13/unittest/__main__.py
f	905672317ab26c656c600defce25d477728068f597f00a7f94e22e8128c323b9	python/lib/python3.13/unittest/_log.py
f	e16c1debc359b0bc1f15c0ab40a0a3ca8391ec367064e2aaabb60cbf0a02e8d0	python/lib/python3.13/unittest/async_case.py
f	ce2499ee6f34a9e6e24f11ae1e2f02e71a3529cca03d5488f0bdcfea8d5d8481	python/lib/python3.13/unittest/case.py
f	37a9b2a292349b40bea4784ff6e69f9898367152ad3c87c485994a167e79961f	python/lib/python3.13/unittest/loader.py
f	13bea3caf81bc297c41e4b027a0c0974d94b17f0d6b1ea74ab00da8b48156d7b	python/lib/python3.13/unittest/main.py
f	956a116440de18bec83931e9d65b298867b2b8c7f1bcfb7c7f0905a7a135650d	python/lib/python3.13/unittest/mock.py
f	5db286bdd3821d64150377e554d7edbdd58db7bb8b950772f977e9ec1d535617	python/lib/python3.13/unittest/result.py
f	76d9beb9c21d0d367a1b040a921ad43f90b7971fcc8cacfccd6f9760bedf1ce2	python/lib/python3.13/unittest/runner.py
f	f8286e818ca56e10e03745bc056cdfd31147678f9a1dc8cb6b0fe96ef9a4362a	python/lib/python3.13/unittest/signals.py
f	ed2da92bc9f97c53403ee2d3d12cc53b16a96e85d596ebc887b5a93458f3f6bc	python/lib/python3.13/unittest/suite.py
f	fdcc640c3505d16deab9c32eae7c3f5f67c3b5e81c563dc6698fa7fcf403854d	python/lib/python3.13/unittest/util.py
f	e3b0c44298fc1c149afbf4c8996fb92427ae41e4649b934ca495991b7852b855	python/lib/python3.13/urllib/__init__.py
f	d12b3cc66af3f42a8ebe63e1c91d24f92c6237b6a93a3702938dffabd812d77b	python/lib/python3.13/urllib/error.py
f	491b233e8d87a2ab73964afff029717177d53ad8def328ed9b00575db983da27	python/lib/python3.13/urllib/parse.py
f	e3bf4446c45300c800f62e869ce1ee89fa745fa073c03e6655f4f4e20fde6eb2	python/lib/python3.13/urllib/request.py
f	7e6c3b6d7a95f0d74f5968f51a87adae8a51bf42390cdfec98c7a99203e7bb76	python/lib/python3.13/urllib/response.py
f	8e029354aa0b96b947fd041363d16c9e9028d460870a888a391acdc06195ce11	python/lib/python3.13/urllib/robotparser.py
f	75639ec90245f9387d5fd1d74b401b9c9cfbf00db4be1f1ebe863580ac60c0d0	python/lib/python3.13/uuid.py
f	6bb44af4e52578bb575ead2e65f825e3b7d286452ee59b6041703057e84db5ef	python/lib/python3.13/venv/__init__.py
f	ac861a02c7483fa4a67449a61b79d82723d94676860173b3580d9a9322807153	python/lib/python3.13/venv/__main__.py
f	eb8ce20f580877d300c4fed60a7f36daa18715d35c50bb3596d6995d023b4ffe	python/lib/python3.13/venv/scripts/common/Activate.ps1
f	22f58a87e8aceeed2510a1a51e11ebfabd4af3dbc8b0a5d3bfdcd23485e2cbb7	python/lib/python3.13/venv/scripts/common/activate
f	2bcbb64b5d7bb78f5ec87cbd134cc39e98186dd77627b6548261ae67f4fea6df	python/lib/python3.13/venv/scripts/common/activate.fish
f	cd18b4f8ce4c1cc1fbd88ac81042d2c603fc652d8b4775d88858e6519a3cbdb2	python/lib/python3.13/venv/scripts/posix/activate.csh
f	e040f52be0199c69fa8c0d35428ba64e6f9b6412691a689ccbd7c23e07c6ed3f	python/lib/python3.13/warnings.py
f	9b2249d6e3d0d1b2cbc183f59ca301cdfeb34f1b022f8712bf0318c2618a4edd	python/lib/python3.13/wave.py
f	56f8d313fb74019e53eb9287400702fbce788b7fe30e097b0b6e06296f3f080c	python/lib/python3.13/weakref.py
f	c95555fc072cdc6358a6f9f2aecfe211c130438de3f2adb19df20f44c5e24fa2	python/lib/python3.13/webbrowser.py
f	c30e144025a63d267778d92f2f066fa592b476e789d888f79b96c059bf0bef60	python/lib/python3.13/wsgiref/__init__.py
f	ad6af74ec157c3a9153d9b34d7ce684e2df1d329aa703990ae5cdc1a08fc6f7f	python/lib/python3.13/wsgiref/handlers.py
f	9e579ab07be58d321f820b481230a10d5ba6dc4db6512c5323051c4870465ca4	python/lib/python3.13/wsgiref/headers.py
f	d6b820a6addc837717989064565d5be0c18af67337700ad48b317825eb4a13d8	python/lib/python3.13/wsgiref/simple_server.py
f	ba66d30ce511a88eba9b809616c51e12bf89c67972102e7d976b18557f7a6387	python/lib/python3.13/wsgiref/types.py
f	c38778f289f859523d703f8fcf9dd56647448c235dda439c17b32c33b0222f28	python/lib/python3.13/wsgiref/util.py
f	4132f87dcf11a332f6ec5b051e68e59ff493dd6fdcc4f716ea72373734977a0a	python/lib/python3.13/wsgiref/validate.py
f	34296f728e7fe68cccb97a9f6edbf3bf3a686f44044c744fe85f207a92ed4811	python/lib/python3.13/xml/__init__.py
f	9bfacbbb64e239a75591a7260b3ed86748eeb4366e6c40f3542753e79bace9a7	python/lib/python3.13/xml/dom/NodeFilter.py
f	b415a6f3d3663c3ac332ee4a0f4213eadad9281508dc97410e258a03633b063a	python/lib/python3.13/xml/dom/__init__.py
f	826b02a803930834b96b1086cbee7db1d21c684f65dd3073706dc7bb5ba1a3e8	python/lib/python3.13/xml/dom/domreg.py
f	63db48cce0a0e7d20b5d909b8c233dc0218f3348f519d8de87f2c5ec8e49de52	python/lib/python3.13/xml/dom/expatbuilder.py
f	42974c4c67803dfe80b016ff8aeea0d1e5c751703ab3aec5be765f4e534367be	python/lib/python3.13/xml/dom/minicompat.py
f	3f0fb54471c91854f1d8c7e6e39e8076217b01b9386d2d96b974f843f84e2167	python/lib/python3.13/xml/dom/minidom.py
f	0b1b6a3406194fde1d2b51e867a1747606188d1c1af55b7e800a281a25fffbc4	python/lib/python3.13/xml/dom/pulldom.py
f	26883dc30a461cb6a3583bd79d363858059569c04e94e3787d4d028f5fab7354	python/lib/python3.13/xml/dom/xmlbuilder.py
f	8e10c99668216701224831c82f13b36d29cd408554c19e34d290c351595df4ce	python/lib/python3.13/xml/etree/ElementInclude.py
f	f9c2102cf56cf9859d34e69877ad4e8a04a0cdabb6390cf2189f04aa8101759f	python/lib/python3.13/xml/etree/ElementPath.py
f	2cceddf05e874d064f1293981ec3068ee4f5d1189e6d7a55b69b2ecbb418481f	python/lib/python3.13/xml/etree/ElementTree.py
f	91950edfb196c105d93886f8af7ea3c0a79e06a6b63be3e5a4ea09804e8672a6	python/lib/python3.13/xml/etree/__init__.py
f	d0f57acab07fe4f9c116c3392d85946bac8e78608f409cea70005f16ea019b57	python/lib/python3.13/xml/etree/cElementTree.py
f	b88497adc30d5d5eda7789c25a2206ee9270c932d584d7ac42680325651da45c	python/lib/python3.13/xml/parsers/__init__.py
f	64e1947747c2874117a7458bba1f07c86620cc0ed9a4a4116d262878e4a2aa09	python/lib/python3.13/xml/parsers/expat.py
f	bec5ad15ee1d57f7146706dcc61354fab0e30cdb4916f493a7fb1d4ce1417049	python/lib/python3.13/xml/sax/__init__.py
f	26564d5742496196d17a4a0ee135d28f652ec81742cf2fa4bff83e64323578ac	python/lib/python3.13/xml/sax/_exceptions.py
f	5b6750ae591cffa303b20f092b13409a92df5ee1c403adac08dd5320eafee0be	python/lib/python3.13/xml/sax/expatreader.py
f	64c7aae49f1dd382a7b9012610307bfa1d43a14a5dc09a5c8da30903f6805c3d	python/lib/python3.13/xml/sax/handler.py
f	8f5619903cd3711855686283d8f6b96a4c30907e56010d408dd056bf0c88ffc5	python/lib/python3.13/xml/sax/saxutils.py
f	06c01faae400b8c039543ce3cae2fbafe4eb7c7e8bf93b7c02842756dc0b02ff	python/lib/python3.13/xml/sax/xmlreader.py
f	87ad5c8954dd56fbbca04517bf87477ff4dce575170c7dd1281d7ef1f4214ac8	python/lib/python3.13/xmlrpc/__init__.py
f	ca052dc6dc70af60518c94cfaeaf9b3dfcc7d82629d0323e0417fba40839978b	python/lib/python3.13/xmlrpc/client.py
f	6781c25a6224b8bafe13050d26456c8a8b480c96e7974bcf60d4deb0c4ad454c	python/lib/python3.13/xmlrpc/server.py
f	6f4273370f0c5b9fb72aed04375cb92a573c2392b84e9466adc343f2c60767ca	python/lib/python3.13/zipapp.py
f	4067e573036149c17b2a80c288c392e1f574a9566c1d94332b2576b0c2b0a0d4	python/lib/python3.13/zipfile/__init__.py
f	e418cdbb27adf0063e3cec28179ac6b7bdb6ac743bb49d157f450551fcf38be2	python/lib/python3.13/zipfile/__main__.py
f	ba59173a330a85dbde141add5359b6c1061d99842f27bd2ea723c3a5ad3e3c8c	python/lib/python3.13/zipfile/_path/__init__.py
f	edefea638f250b9e011526141d83b222a06466a68e357b6d780a8b4173d802f7	python/lib/python3.13/zipfile/_path/glob.py
f	ec9f157ff6d4ebd26a6fd1715247578068b5af2799d07ecf06f2b531a5605e13	python/lib/python3.13/zipimport.py
f	9091c902b8d0385f835e9d393017f03b68f92fae7cbe1e31833b2911d65947e6	python/lib/python3.13/zoneinfo/__init__.py
f	0da0f341817363ada0437a53d41611aeb85ac3a9f58229f3b34d4acc49576465	python/lib/python3.13/zoneinfo/_common.py
f	e5026fcd64e30a41c2d6c7609e6d77757c4da9f431f5a1e14b1bccaf914489c3	python/lib/python3.13/zoneinfo/_tzpath.py
f	0279b3226e70f7ec2a8b0127f4bcab524587486ae1f80b26eb46ee87ba95bfe4	python/lib/python3.13/zoneinfo/_zoneinfo.py
f	629dc86958aa1c5f8697a638f296c706458e7a3418d2d81a2e81ce945f3828c6	python/lib/tcl9.0/auto.tcl
f	6b286804649120c7c249d8c2941cee8e1da59211132d985ad97b8ab196073546	python/lib/tcl9.0/clock.tcl
f	9d0811415b98c15bbb5c8f86ec3b92e812dac61e3f4d564f7e0dd0b066ba632a	python/lib/tcl9.0/cookiejar0.2/cookiejar.tcl
f	fa329853cd186ea405f4bec122913f1e4286c54488d0ffd445f7f120c71583fe	python/lib/tcl9.0/cookiejar0.2/idna.tcl
f	7d6f5e0236fad3b60cf5b7b10fa5629effcebead382083a7d9543c9526095d1f	python/lib/tcl9.0/cookiejar0.2/pkgIndex.tcl
f	22b8b49a17178863832dbbb646946b38f0f879cb1cd5cb3e7490e62a055fc623	python/lib/tcl9.0/cookiejar0.2/public_suffix_list.dat.gz
f	a2b03c43e2bb86bd50b022fe961bfb0e0ed632edaf838454ace8a565e827160c	python/lib/tcl9.0/encoding/ascii.enc
f	65175eb63b96c5d5436a83bffac26d6efed0c4b90e6a95a8b66476105bbbd49a	python/lib/tcl9.0/encoding/big5.enc
f	0a95f67f90b1cdd407a78ea4032af9eb996fc38864c46d74b42b3a7f7eda0c8a	python/lib/tcl9.0/encoding/cns11643.enc
f	852fba18eddf59ca2d70e1398a59686fbb1c9fb473d759382935bb17c4258156	python/lib/tcl9.0/encoding/cp1250.enc
f	acac49a21371cd35adfcb969b5edffc43689fd9b3becdc7367e4b26674a25ccb	python/lib/tcl9.0/encoding/cp1251.enc
f	73bc277663125f376973065cfc3c9d834c74b1ad72c8d284978e19ea00d2de7d	python/lib/tcl9.0/encoding/cp1252.enc
f	04b00244838fc509d16b395d5888db572cba8bd57ae11462940f96be39ab390c	python/lib/tcl9.0/encoding/cp1253.enc
f	499fc6830e99a8087cae8cebc5777a94ba278cd0f950d206d059f68824b4fe3c	python/lib/tcl9.0/encoding/cp1254.enc
f	2cf2e3f75cf30853a80282fd284297309616835bf218f200cb9a7400c5ed8173	python/lib/tcl9.0/encoding/cp1255.enc
f	bbacea81d4f7a3a7f3c036273a4534d31dbf8b6b5cca2bcc4c00cb1593cf03d8	python/lib/tcl9.0/encoding/cp1256.enc
f	50d0ff658100b103805a66e381f77a5bd612ed548d94eedc97a472ddf53fbf4b	python/lib/tcl9.0/encoding/cp1257.enc
f	5515ba9a9787bb80148216f3b3d99047c1577b14db529a0d29b484a1f900685b	python/lib/tcl9.0/encoding/cp1258.enc
f	644bc93a948341eb8e2ecb09ec1870d03375e5af69115b094b66dec80d1bba9c	python/lib/tcl9.0/encoding/cp165.enc
f	d707a1f03514806e714f01cbfcb7c9f9973acdc80c2d67bbd4e6f85223a50952	python/lib/tcl9.0/encoding/cp437.enc
f	8bfca34869b3f9a3b2fc71b02cbac41512af6d1f8ab17d2564e65320f88ede10	python/lib/tcl9.0/encoding/cp737.enc
f	44fb04b5c72b584b6283a99b34789690c627b5083c5df6e8b5b7ab2c68903c06	python/lib/tcl9.0/encoding/cp775.enc
f	55aa2d13b789b3125f5c9d0dc5b6e3a90d79426d3b7825dcd604f56d4c6e36a2	python/lib/tcl9.0/encoding/cp850.enc
f	5266b6f18c3144cfadbcb7b1d27f0a7eaa1c641fd3b33905e42e4549fd373770	python/lib/tcl9.0/encoding/cp852.enc
f	e3f071c63ac43af66061506ef2c574c35f7bf48553fb5158ae41d9230c1a10df	python/lib/tcl9.0/encoding/cp855.enc
f	e39985c6a238086b54427475519c9e0285750707db521d1820e639723c01c36f	python/lib/tcl9.0/encoding/cp857.enc
f	6db59139627d29abd36f38ed2e0de2a6b234a7d7e681c7dbaf8b888f1cac49a5	python/lib/tcl9.0/encoding/cp860.enc
f	a43a5b58bfc57bd723b12bbdea9f6e1a921360b36d2d52c420f37299788442d3	python/lib/tcl9.0/encoding/cp861.enc
f	aea716d490c35439621a8f00ca7e4397ef1c70428e206c5036b7af25f1c3d82f	python/lib/tcl9.0/encoding/cp862.enc
f	13b5cb481e0216a8fc28bfa9d0f6b060cdf5c457b3e12435ca826eb2ef52b068	python/lib/tcl9.0/encoding/cp863.enc
f	338f9a4e70dd3d0b9be292a630db51a9090379afcc9c2c6da0332cffa7868752	python/lib/tcl9.0/encoding/cp864.enc
f	407fc0fe06d2a057e9ba0109ea9356cab38f27756d135ef3b06a85705b616f50	python/lib/tcl9.0/encoding/cp865.enc
f	82633643cd326543915acc5d28a634b5795274cd39974d3955e51d7330ba9338	python/lib/tcl9.0/encoding/cp866.enc
f	a25cdbba0d29fba9cc2982456f39397797ec05de91cabe39f44974b63f186e05	python/lib/tcl9.0/encoding/cp869.enc
f	f0ec3dcb2e20957de7e35f815d212e819ebc28c1ce4bd17e0529cee94db1ef1d	python/lib/tcl9.0/encoding/cp874.enc
f	a797d602482055705b0bc2c8e64eb72899841addd2d5ee05dcab7e077ce55ef8	python/lib/tcl9.0/encoding/cp932.enc
f	619330192984a80f93ac6f2e4e5eaa463fd3dddc75c1f65f3975f33e0dd7a0bb	python/lib/tcl9.0/encoding/cp936.enc
f	dc9384c3d367b75f73e5ae82cbbf2e815ff98621ac26c323ea5e8580a336d193	python/lib/tcl9.0/encoding/cp949.enc
f	1ef0ff7cfbd4d52059a21c0b880fd7a5b1003d6f1bb1fd490f0b2d3d9ce328c4	python/lib/tcl9.0/encoding/cp950.enc
f	909a196858cb8bccdd88c74440a878c84a0f8af7b61acafadfd6cb7bccd13139	python/lib/tcl9.0/encoding/dingbats.enc
f	b5e5c2ac0d0ae2c11c9568e97c692a2f9c1bfbfe2c92e663a48b0f2583cb873a	python/lib/tcl9.0/encoding/ebcdic.enc
f	579bd7804e9e387bb9ed9ba88af79d142eaf0e46e0f7273779320c64fcec3039	python/lib/tcl9.0/encoding/euc-cn.enc
f	ee20bda6c47b4d0baaca43a1438256ee8c8549eb7dfae1860b2f93eead18b6ed	python/lib/tcl9.0/encoding/euc-jp.enc
f	4a88667d0f6d91110f87875cd827da3f4db23b49b35db0051ce218380d8f0142	python/lib/tcl9.0/encoding/euc-kr.enc
f	0c0df17bfece897a1da7765c822453b09866573028cecced13e2efee02bcccc4	python/lib/tcl9.0/encoding/gb12345.enc
f	ebb084b998266362c9eb1bea7b0aafe04967a6447ae6b2483a83c9cbe1da51da	python/lib/tcl9.0/encoding/gb1988.enc
f	ec11bfd49c715cd89fb9d387a07cf54261e0f4a1ccec1a810e02c7b38ad2f285	python/lib/tcl9.0/encoding/gb2312-raw.enc
f	546392237f47d71cee1daa1aae287d94d93216a1fabd648b50f59ddce7e8ae35	python/lib/tcl9.0/encoding/gb2312.enc
f	e12928e8b5754d49d0d3e799135de2b480ba84b5dbaa0e350d9846fa67f943ec	python/lib/tcl9.0/encoding/iso2022-jp.enc
f	6ac0f1845a56a1a537b9a6d9bcb724dddf3d3a5e61879ae925931b1c0534fbb7	python/lib/tcl9.0/encoding/iso2022-kr.enc
f	753dda518a7e9f6dc0309721b1faae58c9661f545801da9f04728391f70be2d0	python/lib/tcl9.0/encoding/iso2022.enc
f	754ef6bf3a564228ab0b56dde391521dcc1a6c83cfb95d4b761141e71d2e8e87	python/lib/tcl9.0/encoding/iso8859-1.enc
f	79f6470d9bebd30832b3a9ca59cd1fdca28c5be6373bd01d949eee1ba51aa7a8	python/lib/tcl9.0/encoding/iso8859-10.enc
f	ad939139ff7140970bde3d91180f7c4d703d7fcf67a02c71392de1980dc560e4	python/lib/tcl9.0/encoding/iso8859-11.enc
f	33c6072a006ba4e9513d7b7fd3d08b1c745ca1079b6d796c36b2a5ae8e4ae02b	python/lib/tcl9.0/encoding/iso8859-13.enc
f	8d737283289baf8c08ef1dd7e47a6c775dace480419c5e2a92d6c0e85bb5b381	python/lib/tcl9.0/encoding/iso8859-14.enc
f	c7b0377f30e42048492e4710fe5a0a54fa9865395b8a6748f7dac53b901284f9	python/lib/tcl9.0/encoding/iso8859-15.enc
f	c40ca014b88f97ae62ae1a816c5963b1ed432a77d84d89c3a764ba15c8a23708	python/lib/tcl9.0/encoding/iso8859-16.enc
f	0e0732480338a229cc3ad4cdde09021a0a81902dc6edfb5f12203e2aff44668f	python/lib/tcl9.0/encoding/iso8859-2.enc
f	73342c27cf55f625d3db90c5fc8e7340ffdf85a51872dbfb1d0a8cb1e43ec5da	python/lib/tcl9.0/encoding/iso8859-3.enc
f	17745bdd299779e91d41db0cee26cdc7132da3666907a94210b591ced5a55adb	python/lib/tcl9.0/encoding/iso8859-4.enc
f	bc5ed164d15321404bbdcad0d647c322ffab1659462182dbd3945439d9ecbae7	python/lib/tcl9.0/encoding/iso8859-5.enc
f	f502e07ae3f19ccdc31e434049cfc733dd5df85487c0160b0331e40241ad0274	python/lib/tcl9.0/encoding/iso8859-6.enc
f	013b3b2911c66bc1ca54e510814af4954c310da10737f9b2a2474d714be2ab39	python/lib/tcl9.0/encoding/iso8859-7.enc
f	e1d207917aa3483d9110e24a0cc0cd1e0e5843c8bfc901cfee7a6d872dd945a9	python/lib/tcl9.0/encoding/iso8859-8.enc
f	1cdcf510c38464e5284edcfaec334e3fc516236c1ca3b9ab91ca878c23866914	python/lib/tcl9.0/encoding/iso8859-9.enc
f	867ae0cbf181b80a0e4644eeaab6332fdd3877a24ed29696c6e5060d8b790eee	python/lib/tcl9.0/encoding/jis0201.enc
f	118ea160ef29e11b46dec57af2c44405934dd8a7c49d2bc8b90c94e8baa6138b	python/lib/tcl9.0/encoding/jis0208.enc
f	24a9d379fda39f2bcc0580ca3e0bd2e99ae279af5e2841c9e7dbe7f931d19cc0	python/lib/tcl9.0/encoding/jis0212.enc
f	7142b1120b993d6091197574090fe04be3ea64ffc3ad5a167a4b5e0b42c9f062	python/lib/tcl9.0/encoding/koi8-r.enc
f	087f597d223a0835262b0fb963924628fc7316ba2dffb28b73c1fe0db001f531	python/lib/tcl9.0/encoding/koi8-ru.enc
f	b54215edddcbf3c2ba13cb4ba16fa9a152a035b75a4aacfddfa46d1581f2db42	python/lib/tcl9.0/encoding/koi8-t.enc
f	cbaf0e6426c8d1766815528ccf10a438b1f3e4c5b105761da3ae810a094f2a62	python/lib/tcl9.0/encoding/koi8-u.enc
f	0f8b530ad0decbf8dd81da8291b8b0f976c643b5a292db84680b31ecfbe5d00a	python/lib/tcl9.0/encoding/ksc5601.enc
f	8f3089f4b2ca47b7ac4cb78375b2bfac01268113a7c67d020f8b5b7f2c25bbda	python/lib/tcl9.0/encoding/macCentEuro.enc
f	8d0b6a882b742c5cce938241328606c111dda0cb83334ebedcda17605f3641ae	python/lib/tcl9.0/encoding/macCroatian.enc
f	eb135a89519f2e004282ded21b11c3af7ccb2320c9772f2df7d1a4a1b674e491	python/lib/tcl9.0/encoding/macCyrillic.enc
f	fa365a695d5610cf5c2aeb288432d4cea40ce63c99e68c447d6ac15b47102cd5	python/lib/tcl9.0/encoding/macDingbats.enc
f	f7bff98228ded981ec9a4d1d0da62247a8d23f158926e3acbec3cce379c998c2	python/lib/tcl9.0/encoding/macGreek.enc
f	633f5e3e75bf1590c94ab9cbf3538d0f0a7a319db9016993908452d903d9c4fd	python/lib/tcl9.0/encoding/macIceland.enc
f	a8be085ab3afb537dbb4930acb693e67f736b7805cbd648b274bcf7007dead34	python/lib/tcl9.0/encoding/macJapan.enc
f	68f22bad30daa81b215925416c1cc83360b3bb87efc342058929731ac678ff37	python/lib/tcl9.0/encoding/macRoman.enc
f	71ae80adfb437b7bc88f3c76fd37074449b3526e7aa5776d2b9fd5a43c066fa8	python/lib/tcl9.0/encoding/macRomania.enc
f	cead5eb2b0b44ef4003fbcb2e49ca0503992ba1d6540d11acbbb84fdbbd6e79a	python/lib/tcl9.0/encoding/macThai.enc
f	f703b7f74cc6f5faa959f51c757c94623677e27013bcae23befba01a392646d9	python/lib/tcl9.0/encoding/macTurkish.enc
f	4c94e7fbe183379805056d960ab624d78879e43278262e4d6b98ab78e5fefea8	python/lib/tcl9.0/encoding/macUkraine.enc
f	fbf9b3ded58d966c42c463feed6363e7de774a5fb9d39c0c9dda1dd3eb26768c	python/lib/tcl9.0/encoding/shiftjis.enc
f	e05e07d65b6a073acffbda743f3860fcbc0e8cfe34a300646f4687042df0bc63	python/lib/tcl9.0/encoding/symbol.enc
f	7219d1bf862cab7a61468118ad56abe63e826186395134efd74a4acba18dd959	python/lib/tcl9.0/encoding/tis-620.enc
f	5073f9015583f00b25354a7877f55c68d93674ae11384ee042e3b094a8a900e8	python/lib/tcl9.0/foreachline.tcl
f	ca38bb6652bbc562a3a82d2919f4e900cc5deedfb3582fa4503c573754ccf007	python/lib/tcl9.0/history.tcl
f	bc125ef0732af6e67367e324c0b3de87e03f04f48c72c42fbb8f77b7b5849a8d	python/lib/tcl9.0/icu.tcl
f	8c5907793b2b8aa05e8d8cf39c0cb7f033c01ca1b8be683e7159774d1a01357a	python/lib/tcl9.0/init.tcl
f	5508d98832c4f3cf52b297511206c5dd020111f1dfbe358eee023ee1bff3e012	python/lib/tcl9.0/install.tcl
f	3d14ecf300f9fdd21875e22ce348988f852c177c4bf25fb6a7f37ba4be9fca73	python/lib/tcl9.0/opt0.4/optparse.tcl
f	9eaa82aeb3d308b655b69660380829c54a6bbc011280667ac8cf0e5882132846	python/lib/tcl9.0/opt0.4/pkgIndex.tcl
f	473bf551d3156a144d6483ce730c72add640168a3ab426b3ee0b122f6d06a96e	python/lib/tcl9.0/package.tcl
f	b8677236d4e687e686426718e78d3984146d2f318e5b34cbd43824206e85a40a	python/lib/tcl9.0/parray.tcl
f	eff41b30c70251d068e24d1500ad504404d692f8d48ab74cf8f99bb4dba64414	python/lib/tcl9.0/readfile.tcl
f	0d3e8ddb147d713206139b7c4c915f11d0a53aebeee3a5ca3e7aebf26854e238	python/lib/tcl9.0/safe.tcl
f	b055dfdc5744814a27ebdce6a466d56a269776ac6d0739d6f4f39d9f2db4e4dc	python/lib/tcl9.0/tclAppInit.c
f	a44757ba1e8499c88f71ee63979980f9db851793643ee21879e9b53873461b1c	python/lib/tcl9.0/tclIndex
f	7c1de0bc512b362c26d489bd332f3d883041d98c2ed1cc99b4d64cd97e646786	python/lib/tcl9.0/tm.tcl
f	3a481eacbcca1c611843cdc387ac51be0b8ac98a994cbe8fa43091fee35b207e	python/lib/tcl9.0/word.tcl
f	b454723873db2e587ac1323bcebff2e8929f5dc98a6fe001ed34fcaf0c2aa320	python/lib/tcl9.0/writefile.tcl
f	56372f15e8f73234b7fb2b68f597d5a56a42d995416cdf65fe0c2da1c114e5a9	python/lib/tcl9/9.0/http-2.10.2.tm
f	80301481addb70362ffd4eb1c301471a41e59987d39dbbc2a6096ddfb415071e	python/lib/tcl9/9.0/msgcat-1.7.1.tm
f	4af798475ffe6a0af32f0202a7cbc7b07b59de5ddcd7f89fcbdd1b07ffe5f6e1	python/lib/tcl9/9.0/platform-1.1.0.tm
f	54337e9db387e5f3c0a714ae225d3d915da83751d5be4a9e177e9b726d3f92d6	python/lib/tcl9/9.0/platform/shell-1.1.4.tm
f	03da6ebf2e314e6c931430761cc47cf586ded9210f9c5afed804858a78034e67	python/lib/tcl9/9.0/tcltest-2.5.11.tm
f	a18ee4e84a55363e603fc4be73ce5eaf68aedb56079567b0b986bb94465f0cfd	python/lib/thread3.0.6/libtcl9thread3.0.6.so
f	b18a83036b134eee16ac3a7cc651a994bed612f575dd34eac5190cb6edd0f532	python/lib/thread3.0.6/pkgIndex.tcl
f	261d96832df31668c944e0989b077fbf093ed49558f164bddf01b6a260da15b9	python/lib/thread3.0.6/ttrace.tcl
f	391d0b6ab287c01887db14a270fd7456caf9dea8163806d2a6910b085c1c9c64	python/lib/tk9.0/bgerror.tcl
f	7fba8f38b382468ae412541d63ab75223822fac023febb0b46532f2fa8d7fff9	python/lib/tk9.0/button.tcl
f	1536eae9e69ba05da9951a7125e836534423014700a09ec63c82d9cbbe9cb244	python/lib/tk9.0/choosedir.tcl
f	c91f2715d02624249aff12c9ed7825d65964c21bcf5c0c32b0331c9260b07dc9	python/lib/tk9.0/clrpick.tcl
f	fed47f393ff89f299d83ff482d3aa4ae61ced53dd75f3819a52c8e69b9a318cf	python/lib/tk9.0/comdlg.tcl
f	dc90799d3fb1828944f8394a9846b3d4a9e10d280bdff5bacbf02b82f0bd284b	python/lib/tk9.0/console.tcl
f	463fdecfc1af0f70c8f0dba06a4865ce2a3311c2a52308df23891f0fcbc4f6ad	python/lib/tk9.0/dialog.tcl
f	8904b3e1fc746afdd4e3731d80dac785d5e8cab1ad954eeec525800be8c8ed85	python/lib/tk9.0/entry.tcl
f	2b6f3cfb78c0a1d1e88dbdf9afe8eb80e5f5a0035f7d0f18981a327dd79d8377	python/lib/tk9.0/focus.tcl
f	8b78e74195f9e13e82349e0472c241db3382b6c4524a936d5cfe9ad3e6aab61b	python/lib/tk9.0/fontchooser.tcl
f	e5015ee51106c53e623013ba6b6bcf17f6bec9686909bd3af44db9a58062ece2	python/lib/tk9.0/iconbadges.tcl
f	0e7c03224247b03ca1db39d01f58498b0356e2e483630f79f629e0b0c50d392f	python/lib/tk9.0/iconlist.tcl
f	1082bdba6aeb87061d7147097b969edb8b458377078928bfdcc627778a710822	python/lib/tk9.0/icons.tcl
f	2695adff8e900c31b4d86414d22b8a49d6dd865ca3dd99678fa355cdc46093a8	python/lib/tk9.0/images/README
f	0dbef0fdf9c232ea53d9676b43eda981fd13f75366bd26898394f5da5923076a	python/lib/tk9.0/images/logo.eps
f	72f6b34d3c8f424ff0a290a793fcfbf34fd5630a916cd02e0a5dda0144b5957f	python/lib/tk9.0/images/logo100.gif
f	138c240382304f350383b02ed56c69103a9431c0544eb1ec5dcd7dec7a555dd9	python/lib/tk9.0/images/logo64.gif
f	0f404764d07a6ae2ef9e1e0e8eaac278b7d488d61cf1c084146f2f33b485f2ed	python/lib/tk9.0/images/logoLarge.gif
f	4d0bd3228ab4cc3e5159f4337be969ec7b7334e265c99b7633e3daf3c3fcfb62	python/lib/tk9.0/images/logoMed.gif
f	4928cb22d8fd8abd96f6803437bb8b9cb786170a840e824f5ea41810a8d02691	python/lib/tk9.0/images/pwrdLogo.eps
f	bcc0e6458249433e8cba6c58122b7c0efa9557cbc8fb5f9392eed5d2579fc70b	python/lib/tk9.0/images/pwrdLogo100.gif
f	5fc25c30aee76477f1c4e922931cc806823df059525583ff5705705d9e913c1c	python/lib/tk9.0/images/pwrdLogo150.gif
f	62866e95501c436b329a15432355743c6efd64a37cfb65bcece465ab63ecf240	python/lib/tk9.0/images/pwrdLogo175.gif
f	bad9116386343f4a4c394bdb87146e49f674f687d52bb847bd9e8198fda382cc	python/lib/tk9.0/images/pwrdLogo200.gif
f	462a8ff8fd051a8100e8c6c086f497e4056ace5b20b44791f4aab964b010a448	python/lib/tk9.0/images/pwrdLogo75.gif
f	e538f8f4934ca6e1ce29416d292171f28e67da6c72ed9d236ba42f37445ea41e	python/lib/tk9.0/images/tai-ku.gif
f	5cb48eecb7389ad0868e42d8a5a1ef86f193d6461b32210c54e5a69705bca1bf	python/lib/tk9.0/listbox.tcl
f	eeb4dfdc6bb2256c83c0374782cc6afe1578232b32b4cb216faccdb975f42958	python/lib/tk9.0/megawidget.tcl
f	4ab1819b71532aeb493c63df54b572fe7ce3f474f1e449714b25c6dadd302ab8	python/lib/tk9.0/menu.tcl
f	0ac9d11d4046ef4d8e6d219f6941bf69c6ae448c6a1c2f7fc382f84b5786f660	python/lib/tk9.0/mkpsenc.tcl
f	1da78ffbd719cc38cfbeb2aeb0a1b18e46ba4477963c2fc7a0c22f4d3254a187	python/lib/tk9.0/msgbox.tcl
f	2805d470102800d8af66fee3c030feeb45b4e969c37414838acb086e5fe14dcd	python/lib/tk9.0/optMenu.tcl
f	59709065d66d690b50cd8b5a6dd99fa5e92a90e94d4e9df0c107eff1198f4e01	python/lib/tk9.0/palette.tcl
f	813d5da099883418818d9a9eb8dea0d38e1eebe29b903f794bedba64e7304a32	python/lib/tk9.0/panedwindow.tcl
f	55d1ff619b31c2f26f06afa6f4cd7b0b91dcdb8d98d9a4d0a60ae000dc3f0508	python/lib/tk9.0/pkgIndex.tcl
f	973d400c618b83956ca0ab88ec7711f03c18e9311cfe3d204fa600e2f139d01a	python/lib/tk9.0/print.tcl
f	318c663c2ff6e8fd2c33e8cf0918342b0431a9151c1e05d8037f4ee7bfc6add1	python/lib/tk9.0/safetk.tcl
f	43b1e9c6f29e6a9fa09186fc51029a95dd4dc70a0cf0ddf92af058083fd4567c	python/lib/tk9.0/scale.tcl
f	20c4f15b4859e029122901abdbb6b95fe744094fb982f6168e4d55135e69efe7	python/lib/tk9.0/scaling.tcl
f	ba1c40064864b01a25a3edd869b05b2dae745ddda8b12721db6980563a4b040f	python/lib/tk9.0/scrlbar.tcl
f	7239b27458867b25ec2fde06f2ea8833d481f1cfaf5804e7977f8d5a10bbb57b	python/lib/tk9.0/spinbox.tcl
f	36b25a0a9cf4a9f1897aa90e145235aeb69e4146a761510d7475b16fc104b339	python/lib/tk9.0/systray.tcl
f	f083821ef84fa181a8e7cb95018490d3661b17fee06897e738eeb92823da0234	python/lib/tk9.0/tclIndex
f	7e0262027b3923105262ada30dcc285124397e3929eb1b198b429ddda81e73ff	python/lib/tk9.0/tearoff.tcl
f	03448f1557595e4487d86a68b93129b81f5e256301ddcc6b3742a40adca87b66	python/lib/tk9.0/text.tcl
f	a8a68093d26a32b78cc58b074fb4cd29b5a3312b4898be452395d7e2ce635cf1	python/lib/tk9.0/tk.tcl
f	620e519f26d3c1c147e4c703c2c36b39d4f8704c6d7df8d499c41350d683fcfa	python/lib/tk9.0/tkAppInit.c
f	f4a89638d5145cb5a356a7eca38999356070e70392d74aab3e0da16470b2cfc5	python/lib/tk9.0/tkfbox.tcl
f	a92d5585c91f1c2e4bb8e92cf874e99d61bbdbecad1c2b9a9511d5a13e20238c	python/lib/tk9.0/ttk/altTheme.tcl
f	25a38de6dbd4b9f8fb64635d55a5a0da4bc6b3b3d256bcb94b84303a99cf645d	python/lib/tk9.0/ttk/aquaTheme.tcl
f	58c4c1ac28e7a4da35df11a40ce9d7dc69b7ff56882c69a50d2947f47449076a	python/lib/tk9.0/ttk/button.tcl
f	4d4c1a399553d4198ea822fbe73cf21c2c1fb60a4edd4069cad0ecf58dc614c3	python/lib/tk9.0/ttk/clamTheme.tcl
f	8156dadbff4efde1cf4c48286e73aa915f7d8869583660e28d4eb608fdb6ebf7	python/lib/tk9.0/ttk/classicTheme.tcl
f	56999ea89dd3b97f64c11de9b515fc2a71ee3dbaee927c6fd45d37be4fdee133	python/lib/tk9.0/ttk/combobox.tcl
f	685b7f1737c606841f2a797f989b0153f88bbb62e80210c00524ef8526073682	python/lib/tk9.0/ttk/cursors.tcl
f	8a2d71b2d98bc05ae8ce68fe888ebefeaee5e788734f8ea9bc0ab7aeab02bced	python/lib/tk9.0/ttk/defaults.tcl
f	081ae003913a17172782a9ae48c08f7433a6e3f02e51e52ed46cc99a62f4d694	python/lib/tk9.0/ttk/entry.tcl
f	235fbff958f5f420d86fdc40063441625ab3838f4a35d2210a9e1f43c30cdc78	python/lib/tk9.0/ttk/fonts.tcl
f	98fdf67d20188be9074e04a1ce4d91c4dc0562bc4762598ac42520d4d0eb100f	python/lib/tk9.0/ttk/menubutton.tcl
f	6aa711938fd62ff90535ab71d9091440c66f7c9ef028fe1db883acc38f0d58e4	python/lib/tk9.0/ttk/notebook.tcl
f	5cdd719102c4f978cbd225ff9ea81256967839c26b2460c93a94702b94b9cc80	python/lib/tk9.0/ttk/panedwindow.tcl
f	440dfbd799945c9ee8abf275ef8715ef0663f278cc3117f6dd033fabca6c295b	python/lib/tk9.0/ttk/progress.tcl
f	419012f3c07d4ae138f324b40b2e19178d3f7d277d85078451fbf4cfbed6125a	python/lib/tk9.0/ttk/scale.tcl
f	eab2c42fdd826b37b7308d4834ddef063b5f8125f21b00677746c03f66e2351e	python/lib/tk9.0/ttk/scrollbar.tcl
f	a7132288dda9b5acc5f7751ba6eec8399f60988a2bebd480982a8c0a6418a27f	python/lib/tk9.0/ttk/sizegrip.tcl
f	b6522ed8a2f1bb6d999a2e010c6ec276f770ba39432615eb7fc0635c431dd956	python/lib/tk9.0/ttk/spinbox.tcl
f	cdc70e8b5f49cc77daf2866a69fbe2b37a0e3f12742e405eb5c1b31fe3a9d62d	python/lib/tk9.0/ttk/treeview.tcl
f	ccfae8b866f51fdc5ce415a82300c8a85423228d99b80c61453c242989127f1c	python/lib/tk9.0/ttk/ttk.tcl
f	c7886c6bcf00c33c2ae165a9cdafb9eb65ef0a1ca93e91f54d9f7783e089c038	python/lib/tk9.0/ttk/utils.tcl
f	7fb0dabbcf6044447d422ec552ba42776b8bf9c2b100c1ea62849abcca1aa13c	python/lib/tk9.0/ttk/vistaTheme.tcl
f	f85a87d14deab7ab5d7306be8a0b3deaad2c81e7111eefce10e14b863bf06eff	python/lib/tk9.0/ttk/winTheme.tcl
f	6d6f529ed6055e74e9324aeeaeca1060a46180cdc561b55cc52a74cc710bff6f	python/lib/tk9.0/ttk/xpTheme.tcl
f	8051bca4e346a27eb1d0e361bbfa10ff5aff9a4c8c7ef14f283a050656da1624	python/lib/tk9.0/xmfbox.tcl
l	5e140e06586b3af87afea7d9640032ce8527b7fc4f0974f4bab48be9c89a4331	python/share/man/man1/python.1
l	5e140e06586b3af87afea7d9640032ce8527b7fc4f0974f4bab48be9c89a4331	python/share/man/man1/python3.1
f	ab22782fae67b372cac3c7edc4f25507abddb9a6bc8d5acc86fa89a755723aed	python/share/man/man1/python3.13.1
l	2a17c1197abd3c47194eb670631e2d24517e0339eb8e1a0c1665bf5049407813	python/share/terminfo/1/1178
l	67b2ddbde73b8ef2489d5a1272a4e94ae66018e43a82def9162cb2b218c12db7	python/share/terminfo/1/1730-lm
l	73cd2bc7ab77ace49cba4f550464b0fdb7556b51e3ca1543788631f9e2d1e3f4	python/share/terminfo/2/2621
l	73cd2bc7ab77ace49cba4f550464b0fdb7556b51e3ca1543788631f9e2d1e3f4	python/share/terminfo/2/2621-wl
l	73cd2bc7ab77ace49cba4f550464b0fdb7556b51e3ca1543788631f9e2d1e3f4	python/share/terminfo/2/2621A
l	73cd2bc7ab77ace49cba4f550464b0fdb7556b51e3ca1543788631f9e2d1e3f4	python/share/terminfo/2/2621a
l	796828d5365bf3a6c87053c5854b936625543cf7436d28d3b6a73dc7b27ed419	python/share/terminfo/3/386at
l	5c185128d5a1ea4c934c86a0599b93a4f64acf06812f8fd0c48d3b3d61d35a95	python/share/terminfo/3/3b1
l	fc4bb34c0b01964144a7f2392e912c8de01fdd722e8d660fec07a363a3a99367	python/share/terminfo/4/4025ex
l	fc4bb34c0b01964144a7f2392e912c8de01fdd722e8d660fec07a363a3a99367	python/share/terminfo/4/4027ex
l	c39d5a683632a005195e88b6e228d55436f5055240daacae6e7fbcda73576e63	python/share/terminfo/4/4410-w
l	22188db7d42c70b8c9540b6253f83b72078b1ecdc699f682e742a65b26412d8e	python/share/terminfo/5/5051
l	c39d5a683632a005195e88b6e228d55436f5055240daacae6e7fbcda73576e63	python/share/terminfo/5/5410-w
l	da43cef32557c4e4b63fd1104620aae97da956ff2674b64780019f285b4ef5e4	python/share/terminfo/5/5620
l	390e62390c220a921744f55490fcae4793be082d55980217eba15f9b9f124270	python/share/terminfo/5/5630-24
l	390e62390c220a921744f55490fcae4793be082d55980217eba15f9b9f124270	python/share/terminfo/5/5630DMD-24
l	f75f9d444e35b5acd7f3a65ba00a94cf257794ea39bba13bc4587c287e8491d0	python/share/terminfo/6/6053
l	f75f9d444e35b5acd7f3a65ba00a94cf257794ea39bba13bc4587c287e8491d0	python/share/terminfo/6/6053-dg
l	f75f9d444e35b5acd7f3a65ba00a94cf257794ea39bba13bc4587c287e8491d0	python/share/terminfo/6/605x
l	f75f9d444e35b5acd7f3a65ba00a94cf257794ea39bba13bc4587c287e8491d0	python/share/terminfo/6/605x-dg
l	67b2ddbde73b8ef2489d5a1272a4e94ae66018e43a82def9162cb2b218c12db7	python/share/terminfo/6/630-lm
l	390e62390c220a921744f55490fcae4793be082d55980217eba15f9b9f124270	python/share/terminfo/6/630MTG-24
l	83704b9ffef245ffd43519aa94e008a6f57c4c40432710b31c14b9d0890bc83a	python/share/terminfo/7/730MTG-24
l	88e2988fa910e21b8a7d28abff688ace80befc289f5a109b0e16c0bbd8c79517	python/share/terminfo/7/730MTG-41
l	8f71f11776961a3559bda9c071d17debdeb171c68bcb955bb3dd899a8a248058	python/share/terminfo/7/730MTG-41r
l	9eedabd974685b4746e1ea6f1eb52d9cdede1bf63e25dfb98a5c9040afe2cf4a	python/share/terminfo/7/730MTGr
l	17bf54a453582e7497332835b64d0f0c26565c594036e9f16b3a05cf97cba4bc	python/share/terminfo/7/730MTGr-24
l	ce6d33dfe5933564538ab2611685a8e04a571df2114b56aaea5e2857a26c89c8	python/share/terminfo/8/8510
l	4d47d1c6f73cc4db33f6a7079f2eabf4064559d9158cbf0c2f436d7bf05d2478	python/share/terminfo/9/955-hb
l	567a36ec332957fdfd27f6e299b606bb2e4c434e5088460c3b37dc8c00ba4ae4	python/share/terminfo/9/955-w
f	ee9fd9118dc6f51156d0f8ef88869bd12f407e4e8591d079e4018b117d830a30	python/share/terminfo/9/9term
l	8b989f1d38d35d371b82d79cd344b5c417bc4a3100134816f9042e77ec04124e	python/share/terminfo/A/Apple_Terminal
f	9c6c23dd46de071e5f5ee24cb2144f82e46365c9011bd8574bf210f0c8245043	python/share/terminfo/E/Eterm
f	6954921767095f6869584f352abe93a025c0a7b8babe3b100082f622e9f2e7c7	python/share/terminfo/E/Eterm-256color
f	7c9db2ec3a75e199ea30cb5daf86fcc90c9a96a1ae30e941556b4b55bb8cc71c	python/share/terminfo/E/Eterm-88color
l	bb87650fdd4f9b24646ecb805d38d0793e96078c7ba5af0a6c97b973636cb554	python/share/terminfo/E/Eterm-color
l	1f8db382f5440faced055d1a70f430f4bc9b1f1cc78e0a63b9425ff220379a62	python/share/terminfo/L/LFT-PC850
f	0f69e0cb465c08e853475cbb0b3bdb9d7a2d7ee601b70b4204760ee622b64473	python/share/terminfo/M/MtxOrb
f	4010926f3319c7545f015257e360ff40c3f0eac903f99a33bfa41636577271d9	python/share/terminfo/M/MtxOrb162
f	2a5d9f34e12f98adfaf9fa86054de1362be18664ceb8e355ac8aa59fd3953520	python/share/terminfo/M/MtxOrb204
l	77c8193a3489050d359ca5ad6d1fe47e1d8dc7f1a4a1923b0a0dae21610319a0	python/share/terminfo/N/NCR260VT300WPP
l	fde9f5a4095d93caa80911376b6b0681817bd29c9766d7e5ba1b8f9e73654896	python/share/terminfo/N/NCRVT100WPP
l	e7c277a429d68b9b802068e2cd52cf66e719573de25dd9f26a34a3acccb3c328	python/share/terminfo/P/P12
l	bfc13dd565a3ca970906543a1ff914e882d2459c1cdb2c4817051dc6c6ce7417	python/share/terminfo/P/P12-M
l	35603a6d166377992a96743580127e0688b76bf55a7aae0e45ec0cf4a2e7bb5d	python/share/terminfo/P/P12-M-W
l	b4926a53de098edf7215b8bde776686cc9af0fdd0d2f7c3ec4a88032bb785186	python/share/terminfo/P/P12-W
l	14f95b90d29f152c6ede45e25f2831844a8e2c7510f71ec0228a50cd46e4ce30	python/share/terminfo/P/P14
l	0d46fbdc0a4bd6eb2ab8c6febec73827eca471c8c7a4f915f8312cc93555f0f8	python/share/terminfo/P/P14-M
l	ba6a4f494d051fd18b21a001ae3452fb9696857843bebc4285e0046cc12eb44c	python/share/terminfo/P/P14-M-W
l	d220e64a92a51fad407a5d6867eb4ca4424923a9831eea22741df6a677ebe2d3	python/share/terminfo/P/P14-W
l	514472beab2518b151baf1feb95e39326bd6ed63fc5d7b1b4867eb03a5e0db41	python/share/terminfo/P/P4
l	6b9ae1f7b2c904c628517de27538de0fef2be06db3ee25416d8740fd88231270	python/share/terminfo/P/P5
l	6a3f2841a1857a38e9b7fdd2660acd341676d1eaa380fa63c28c1a6c4f1eb9e9	python/share/terminfo/P/P7
l	2c20d33abc0404b9ddb9c6ea335d8514e311c62b43f3766b1a73e34581e4b21d	python/share/terminfo/P/P8
l	8bdade1d025494684fab392f7402dcfb69606c4ae0642e6c54087c5d340d571d	python/share/terminfo/P/P8-W
l	86082e85dec53beffec58f374030400a620ea1b559869c22d03089fd1012ca3f	python/share/terminfo/P/P9
l	8cd38f3b4fcf46aacb8c41973d6db52f64a936c2103352104cfa0d159f9fbf19	python/share/terminfo/P/P9-8
l	93ec3d8cab1f0215e6e8287102ab60189748b4aae233d92165f2a92c4d3bf12d	python/share/terminfo/P/P9-8-W
l	65b1e7cceabaf12c940a9b58577d68712e40dce70c42db417374d7cc12fbd33b	python/share/terminfo/P/P9-W
l	b1116d5f57b343d69c79939877325952f8c8c68e5d91b208f507aab9514adbd1	python/share/terminfo/Q/Q306-8-pc
l	ba204b62de0529750bb071d7c99e0af3cdad854c24a726c8d1a848476402f760	python/share/terminfo/Q/Q310-vip-H
l	ba204b62de0529750bb071d7c99e0af3cdad854c24a726c8d1a848476402f760	python/share/terminfo/Q/Q310-vip-H-am
l	f3b77c23fed9ef58b8b0898f9bce76d8e50441f334b4ea3b9b12962410fcb426	python/share/terminfo/Q/Q310-vip-Hw
l	bb6cc27ad092011030768a6b364c546987e8dd30eb542655299eea2e4b44f1b1	python/share/terminfo/Q/Q310-vip-w
l	bb6cc27ad092011030768a6b364c546987e8dd30eb542655299eea2e4b44f1b1	python/share/terminfo/Q/Q310-vip-w-am
l	422d5f3c47f63d8063c23478bb5f637ebdb3f26c71c0c23fc9657de3ae4b6d42	python/share/terminfo/X/X-hpterm
l	4574ab63fb2b42fb8f65cafe8ecdb3c4e740b2d76b170680381e296e7e4830d5	python/share/terminfo/X/X-hpterm-color2
l	4d0373c660c045abf0727238eced65ea1326a28cbdf32e2a27c7634b45fec608	python/share/terminfo/a/a210
l	542cb4099d80fb22f8bb8be9f0e602261a9a85d2d7086a7dd156692235113421	python/share/terminfo/a/a80
l	7631bcddfec4cca95108de8f831d69153a1131a1579c266498164c1fa452c4fa	python/share/terminfo/a/a980
l	10bd5d9a794fc6c27f7edc11ed97320c29a334733b348d0d8f5d9bbbbed4802e	python/share/terminfo/a/aa4080
f	5fa9ec6088591360d9037571e9dfca501b7e17d6e19597ce4194e865193a84d0	python/share/terminfo/a/aaa
f	82278dec1b65e6e6f133f3456ed90ea6ec6ec9eb1776323caa21b3e1978c02ed	python/share/terminfo/a/aaa+dec
f	d3014b78be60a180201022fbc35fc4c02cf404ed02044191b5cfeeff6f454636	python/share/terminfo/a/aaa+rv
f	1dacf3606eeb3ca4fd9a1e2303cf50e12c55e7c8f5fb47fc45b93cab239c12fd	python/share/terminfo/a/aaa+unk
f	cdd83138cdfea1a22290f5263416375ecfff35a8693efc3f0567d9c6e8af6005	python/share/terminfo/a/aaa-18
f	6df6d72466aa880e43c1859c575b774b6777960d21fc5230c683519a98c2c453	python/share/terminfo/a/aaa-18-rv
f	3f30a4950dc015072ad42e81dc87c2814e75e74cdaf4334b4aa258db6f5e727d	python/share/terminfo/a/aaa-20
f	4b559c391b73696eafd9524ea9caee1872a8afc042fd6218c8ffbeb16d9562e7	python/share/terminfo/a/aaa-22
f	05959e7079d04d70e1dbb5f7a361665e369648792537f73576a853791d62ecf4	python/share/terminfo/a/aaa-24
f	0f915eb597d62f242fe52f091f0ea2fe9e6b894bd1b4472c80cb3a6bad3f8e91	python/share/terminfo/a/aaa-24-rv
f	47dff829b9e609815b578fe735f5e14cf435358a74fdee34bac1c2a02c7c8bbc	python/share/terminfo/a/aaa-26
f	52b3222e2de47eb2745f2444a9c96f544bcb660ffdf669b2a1a3cdc0e9183ad6	python/share/terminfo/a/aaa-28
l	9834876dcfb05cb167a5c24953eba58c4ac89b1adf57f28f2f9d09af107ee8f0	python/share/terminfo/a/aaa-30
f	ce6e52b1d3a43fdb1ada5dad9795e8a077a3b93cd7a1fc3d52cc31cf3a2debca	python/share/terminfo/a/aaa-30-ctxt
f	74e2d737140952e364e42db839d1c1aef4e603493ae640b9d73ddd0f98163b30	python/share/terminfo/a/aaa-30-rv
f	e930f52be3033390161d24270d8cc1e2f30a4f8d562297dd5c14eba3bd9ffa99	python/share/terminfo/a/aaa-30-rv-ctxt
f	55c4c5666add02a00663f039e160f8e473e5a04e448abfc0b7105f1d3d96b597	python/share/terminfo/a/aaa-30-s
l	f314ff180821e3f1a7f2b2b321b0ff2eff4cc08c52bfc5e6cf1bdf9432ee5c63	python/share/terminfo/a/aaa-30-s-ctxt
f	dadb65146bc291264f4ec2070d0e23e0642cdd80055e478e0b0bd8660a4b75dd	python/share/terminfo/a/aaa-30-s-rv
l	4af950fd6ee64f5cca36e21572173c6a4cf70bcf14731b66f88dcab179e3b692	python/share/terminfo/a/aaa-30-s-rv-ct
f	bef6481f0e982e96072ed26be0d603d6a90707a9de9f3a5459863312445b5cbc	python/share/terminfo/a/aaa-36
f	e1ebb7e4cf89100a1d71843d3c3283daf04e1ef83d6a57a60291a0d7bd1263c0	python/share/terminfo/a/aaa-36-rv
f	159f61129f7c4f80fd1ae51207f1fb2d93117b228b501f71296dddfcfcd09b88	python/share/terminfo/a/aaa-40
f	ef4ea37956757d01008a68fad73ade47ef599e872619d466fc135bc4a129a5de	python/share/terminfo/a/aaa-40-rv
f	1ea2dd2536c9659e204ee870d7b17a51c38d01125db1c35ad5272d31322bb0c4	python/share/terminfo/a/aaa-48
f	816d225a032ab05f162bcdd297d6778e181493251c0edd7fa5ad6c3af1de3f5e	python/share/terminfo/a/aaa-48-rv
f	f7043ba8560ce9053daf44d58ae0fca6ebad66962252c87853dfcea18a9830f5	python/share/terminfo/a/aaa-60
f	e53de6fc5e35e8e8d23a7d364b45607e18eb4774fd886e0ba345bf51d4c8a102	python/share/terminfo/a/aaa-60-dec-rv
f	ca7b4fd08e11bdeee77b544a2bc1ec2fe906afe6f7c9f87736ab54cce9609fa9	python/share/terminfo/a/aaa-60-rv
f	bbbf11ccd0200bbd7a5d329cbc7b423904885d66630ca1d2371a835d4eabeab1	python/share/terminfo/a/aaa-60-s
f	ed726551a04f1bbba7b9913507f2d9cc97eb0278fa3c72d4e83010a70a1112cd	python/share/terminfo/a/aaa-60-s-rv
l	5a23aea8cfef000742b5ac0d4d1ca14eff2d69709d26c7bc6eb46c1c6c194d26	python/share/terminfo/a/aaa-ctxt
f	707c54d25f8fd6320bcf01c82d7711abe7a6e2801d55848d03856b47806d7148	python/share/terminfo/a/aaa-db
l	3437a89163665b5cf70abefa4ba05a13d6b90e2a5bb680771a2c2eeadda0f4b1	python/share/terminfo/a/aaa-rv
l	2d2abbef55333e868e822e0d812aedbec2fd3ad977088e5dcd10b8230b675cf0	python/share/terminfo/a/aaa-rv-ctxt
f	2409abaeb08471dc999602cefd8e279ac521539ea02b2acc937f5653df7529ba	python/share/terminfo/a/aaa-rv-unk
l	6b2b22c9f6b64a94ee35b21d24abdc0142b7b28ecb9b01c5b77ea57c3ac28630	python/share/terminfo/a/aaa-s
f	678de85ad8d3f17a1dd008012eb1d6276df56b3ad7130ab5313a3cbbf5c6e603	python/share/terminfo/a/aaa-s-ctxt
l	7d377e6c33abfa531dd6d18fd76837ddbe858bdff30cbe5f3f44ee9d1f1a5b09	python/share/terminfo/a/aaa-s-rv
f	3391fd30bf227db58c7df708d66c9fee23f8f6f20c0e7fa098b137093cc40463	python/share/terminfo/a/aaa-s-rv-ctxt
l	9f8112025621554fabf16869eeb6588601f5d46bd942acb713ea626030b77ccd	python/share/terminfo/a/aaa-unk
f	28545913b507566ea1067ef5cdf05031b3ea7ae046fe3e71ba79cdecdfbba728	python/share/terminfo/a/aas1901
f	210f205826786f23b8b1b67853ea7d6d3848791fc17f66de22662b19a2092872	python/share/terminfo/a/abm80
f	ec0de84565832cc0978b5ae03ca894c4fc4fb22d1588d96ffd9588824d38950f	python/share/terminfo/a/abm85
f	a8d51aa610d6d44edb5623bc03007c3b2433a44a0909e4d9aeee3bec4a25baa4	python/share/terminfo/a/abm85e
f	6f8c1230c8a324f0b38280ccb75fdbb4ef25dcf4a4a63b7c6c3a72e2857582f9	python/share/terminfo/a/abm85h
f	610f1247bf8f5c86736a44770755493d9be8163603429542ecf3fe9523d58541	python/share/terminfo/a/abm85h-old
f	4e541afc8a7183678228e273ba80b5f6e15c98759c6ada148a01a1b994f7ac46	python/share/terminfo/a/absolute
f	d2fee8b2d8434edaeb51d35aea9fb0919d64a7ebc283d2e2b01b62a82216ea9e	python/share/terminfo/a/act4
f	f5bf5c145f5ff37a7a948678664a6aa6a6fca30dfdb80daa0d1efac247bc5bdc	python/share/terminfo/a/act5
f	c9877ffc1720bc9e2efc9bf9d23f293dbad2deb05616141d7286ef4a9876823f	python/share/terminfo/a/addrinfo
l	620d8a4cf76725eb24c576cc0493e234f104105a8df889b72e543673c2f5e600	python/share/terminfo/a/adds200
f	39cbcc5ebc3d1bec4dc6689fc5b3693afef0a8da2f7dc505b5ca6269c687fcbe	python/share/terminfo/a/adds980
l	5a341022b7c2ae1a2c49ff44e23d95fe67aa877a94987612caefd4dcc39286a1	python/share/terminfo/a/addsviewpoint
l	3c7825de1492689877c318eb18259d8bd341f7f058643fe5f669356988a3415b	python/share/terminfo/a/addsvp60
f	1bf6953f803f37eb6a99ea65cd88940b530436ee95ecec3bf8d2fc222af54a1b	python/share/terminfo/a/adm+sgr
l	88f0762dcc8e50b122c250e8341bdcaf0c4cbc1ed5f4009ca18f5d06f942b9c5	python/share/terminfo/a/adm1
f	1fd7a4cd772dda0811e4787be5644e9d799270fb7c13d74f726d821d5ccb6d86	python/share/terminfo/a/adm11
f	e7172b912d33529169b2f877bf18009c2947d7045a845ec2178ada7bba2b8b48	python/share/terminfo/a/adm1178
f	b3307eae3f0130d6aa6b9246179673d92bdb16bc38dd58a71bc1256f2f75e031	python/share/terminfo/a/adm12
f	c412b142c4e4b136b00aafbe644d12989deebafc99186c61240320e058f582a9	python/share/terminfo/a/adm1a
f	35c2dc2b2e8cd1f42aab3b0e9f16f27c6ef35c647154a8d3a0136cc44040d0fd	python/share/terminfo/a/adm2
f	24cedc477e6c40b6268fd4c36ba5a3047a326945a10ac0f4beff6f511de1cedc	python/share/terminfo/a/adm20
f	2e7389c4b2aefe3e97e1ab2f5ccc9ae70e91d9459a50ca9a4c6f1f562cb8ffca	python/share/terminfo/a/adm21
f	80ba363919c70cde837af262159517c941e084a3dbd13880fca4fa92a2009689	python/share/terminfo/a/adm22
f	ccfc41e9069f1279fef69f8d40bf096718decd3d9556424363f27b6383407573	python/share/terminfo/a/adm3
f	afe83541de988e04aa1457244e470c85385ec0d1ef39fd125c17c6be2984b553	python/share/terminfo/a/adm31
f	ddf89a9f8ae9416e937b5ec9f2e8d95b169ff6c46dbaf264d960806ada2740a1	python/share/terminfo/a/adm31-old
f	2a5e9a863add3029ec1b167094023e76984b6bfafdd908654816721851a50f88	python/share/terminfo/a/adm36
f	816bccdafdd9598ca9b2dfc3073d3f82f04bbe040f952abcfa17e333f1fd46d3	python/share/terminfo/a/adm3a
f	36a4dc45df69e03adfdfaf5a17d0442655a60be396a64502325f5c2f22a62c81	python/share/terminfo/a/adm3a+
f	45d6f4e7f52d33a1ec849356023a73411d69541d5a6f8ad27cc3c17acd853904	python/share/terminfo/a/adm42
f	6dca71fad25c2160640342b2d7ca1c268bdddb5bed1127105b13c90eea84b31c	python/share/terminfo/a/adm42-ns
f	3fde5aaf2ee5a5b496d6346365912bae745725c04b0a2a230913342bc6875bff	python/share/terminfo/a/adm5
f	87b7fe435b18fe1b5a9a35f0f5206ea06ff3d7635d6f5dfe11d411c2d1564c61	python/share/terminfo/a/aepro
f	39bf64826287ccf59fa106bf19ac6d3405411fb6ba56c88a70046b3b7ffa7fdf	python/share/terminfo/a/aixterm
f	b3e06620939342a6612f351f09d44685816d08541f25b0d81f97800a1de8279c	python/share/terminfo/a/aixterm+sl
f	0e682cce67e6af1fd06e9e3ef5d9fa3d1afcc19764eaca3f373576c27fdfe5fe	python/share/terminfo/a/aixterm-16color
f	57bf03ba187b03340fa4086992f3a8e064f6bf4345a527b5c091be2f061698bf	python/share/terminfo/a/aixterm-m
f	edaff3f729f314f4672e3a5e81097c51d9f1088a1880d6c094d432b4c6ead8d9	python/share/terminfo/a/aixterm-m-old
l	1a3fbd8e13f61d52cb18351c4985b954f889e2f7370b60fd8e6501ed300682fb	python/share/terminfo/a/aj
f	6d47401a86216d73afed4f4e009d3d0b432f721fd9da9f4ade7a997510585b5e	python/share/terminfo/a/aj510
f	98cab162f967d8b64571d405fd2d3835d03f0fdf4f4b0cb82cc81d37ea3d603e	python/share/terminfo/a/aj830
l	1a3fbd8e13f61d52cb18351c4985b954f889e2f7370b60fd8e6501ed300682fb	python/share/terminfo/a/aj832
f	6b5ae56d223b506359eeabf50e14d9b944b397d4d2fa25b3da1ef74e40db92cc	python/share/terminfo/a/alacritty
f	af3e86042fc68c37a6d8d914433511393da2b449cf38c01861017dcb85d72416	python/share/terminfo/a/alacritty+common
f	419c2505e172409b2e626711756ff7a1153ebd1182fcce3f058f4e6dc16af0aa	python/share/terminfo/a/alacritty-direct
l	1a28b4d8378c7606ab416adb4d85096a6dfd72322c9ff0f9f3ae7ad28db95ce6	python/share/terminfo/a/alt2
l	4b4bfb2d7fc7668227966d50e2596f64a4e640b33c07e39a6226e9bdc5fce059	python/share/terminfo/a/alt3
l	4847521df6f8e12e5d4003296023fb958f754ea6c13336c5a98bf0593042f6ca	python/share/terminfo/a/alt4
l	4b4bfb2d7fc7668227966d50e2596f64a4e640b33c07e39a6226e9bdc5fce059	python/share/terminfo/a/alt5
l	749b2cb9faf60d523e3966800bb70a4966994edef47e69aadf495173bc062634	python/share/terminfo/a/alt7
l	09811717a0891ce9cf457589dd20c9c919a0394126cb9e61c0510be2307eb4ae	python/share/terminfo/a/alt7pc
f	5fdfbafff678adeecadf231d6a695849bc98d7e6ead58b8c39ccdd080ed453a5	python/share/terminfo/a/alto-h19
l	e60ac0675aba57a38ea000385f1ea7b4a479ffe47cd0b866b816a351b63366ba	python/share/terminfo/a/alto-heath
l	e60ac0675aba57a38ea000385f1ea7b4a479ffe47cd0b866b816a351b63366ba	python/share/terminfo/a/altoh19
l	e60ac0675aba57a38ea000385f1ea7b4a479ffe47cd0b866b816a351b63366ba	python/share/terminfo/a/altoheath
l	1a28b4d8378c7606ab416adb4d85096a6dfd72322c9ff0f9f3ae7ad28db95ce6	python/share/terminfo/a/altos-2
l	4b4bfb2d7fc7668227966d50e2596f64a4e640b33c07e39a6226e9bdc5fce059	python/share/terminfo/a/altos-3
l	4847521df6f8e12e5d4003296023fb958f754ea6c13336c5a98bf0593042f6ca	python/share/terminfo/a/altos-4
l	4b4bfb2d7fc7668227966d50e2596f64a4e640b33c07e39a6226e9bdc5fce059	python/share/terminfo/a/altos-5
f	3663629753eae49990845f2108fd2c7522f7f143d5f186c22d0ed3e1e79c170b	python/share/terminfo/a/altos2
f	fd9f863f8e4fd908b60d760a98ceb667d3307217fca61fd56cbb065457577210	python/share/terminfo/a/altos3
f	4a67b5ed7cbaadbffd04657c4ecf14dde9b1bb95ca621680f32c18af35b150c6	python/share/terminfo/a/altos4
l	4b4bfb2d7fc7668227966d50e2596f64a4e640b33c07e39a6226e9bdc5fce059	python/share/terminfo/a/altos5
f	7792c874706c987afa07f023e0e322f745eebf5d90f685644c051bb552ee7e52	python/share/terminfo/a/altos7
f	ddbfd3655e5fca3afc321cc8ec1d9e9c3dec14e67792e54981b91c8abf6bf299	python/share/terminfo/a/altos7pc
l	9834876dcfb05cb167a5c24953eba58c4ac89b1adf57f28f2f9d09af107ee8f0	python/share/terminfo/a/ambas
l	9834876dcfb05cb167a5c24953eba58c4ac89b1adf57f28f2f9d09af107ee8f0	python/share/terminfo/a/ambassador
f	1dc72881b882e6319b4ede42da8a406757cdd3d13bb909a8b1d09429c61f2843	python/share/terminfo/a/amiga
f	297ecc9369553ba9d86e7fdfb49bb617055e877fad1b0f6930731703f4b93456	python/share/terminfo/a/amiga-8bit
f	557e7dc9d92957ac65408cd536a2055853a923af6adeb0de2b1eb610cd16d27b	python/share/terminfo/a/amiga-h
f	c609dcf538620d8fdb1ce44436f84b19e78a0b0b70c2b1de5ef40a82fa92a24e	python/share/terminfo/a/amiga-vnc
l	3e33c3111ff322ed4b9fc698de9b90dfb9621c754b4787c25be37548ad1326e7	python/share/terminfo/a/amp219
l	94d7fb2431e54d15d85f40ffa3ff6b1f3843d7cbc7ae96f3de5c08dc27520333	python/share/terminfo/a/amp219w
l	3e33c3111ff322ed4b9fc698de9b90dfb9621c754b4787c25be37548ad1326e7	python/share/terminfo/a/ampex-219
l	94d7fb2431e54d15d85f40ffa3ff6b1f3843d7cbc7ae96f3de5c08dc27520333	python/share/terminfo/a/ampex-219w
l	d211a4caad578901866bf79d071c375e73d34864148284bf1a0ae5e7305c6872	python/share/terminfo/a/ampex-232
f	efa0fecd5ab31117d0cc6655a847a13934c6eca9e3f735e8c0392c11cd3c73f4	python/share/terminfo/a/ampex175
f	bbb28884fa6ad0bcc227776e9d6b3059bf0f6829da0b7075c3b4c27ccbdd6b91	python/share/terminfo/a/ampex175-b
f	d0c70cb5e30d4f7ff8ed91e19eea9a53c1734f105efd5ebbee4f9c0580f71ec7	python/share/terminfo/a/ampex210
f	8b0046e96bb1909a8536bc67c4546cecb033e488fdcd27dad49c41e854af3d16	python/share/terminfo/a/ampex219
f	6858ae475fa3c20be621b96f9f0d28aa946a6b7356a9ca039e4bbaf489fc36ea	python/share/terminfo/a/ampex219w
f	66c43c9407dcac4fcb1832a3093ee48667c4e054536a2b9d654db5f72b95eebb	python/share/terminfo/a/ampex232
f	75ef12387b6d39f395efff2d1b7d9f6abbb9ecd0d671c0f1da0e19d7b378c616	python/share/terminfo/a/ampex232w
f	4fe771d2d82d8e563928a7a79313a97b50f64c8dfc37c1b38db11ca63dedd2fb	python/share/terminfo/a/ampex80
f	9dd6789676f84c66ff33625cc99518ca2fdd64e215e6e0c11ffa76c679695945	python/share/terminfo/a/annarbor4080
f	93ec8cb9beb0c898ebc7dda0f670de31addb605be9005735228680d592cff657	python/share/terminfo/a/ansi
f	2e10278fd3caf8e52ba0471f8c3c66e566babf3a154b44781b0522e4c2f84b9a	python/share/terminfo/a/ansi+apparrows
f	0e71826be79521a22eb2a9c4775c9880fe798310092fd614956d37323cf8aea6	python/share/terminfo/a/ansi+arrows
f	6fb43d14c77b6f0111af9db4eebbc3c6035f99f1ae16a4b34778a94ccb403c77	python/share/terminfo/a/ansi+cpr
f	f766a3687983cdb3ed54505cb9bf344e62c79bcd0c7619a3c66f235161413edb	python/share/terminfo/a/ansi+csr
f	4131f3850515b4bd5432f6fb90f491f6563fcbb7c919c74e74d3cf9044b2dceb	python/share/terminfo/a/ansi+cup
f	6b44b6a567c7fcb89dd0e0d7910867d9eb01e603ade22f5a25f9208409575a95	python/share/terminfo/a/ansi+enq
f	59374a19a70cab93a7c42c37cd5328075f55723a35ba1d9f7575348cafd2424e	python/share/terminfo/a/ansi+erase
f	90f6d9225812eb6377e2b003d50b77b0389d97080eb37d0a2c40bbb5f83d9a60	python/share/terminfo/a/ansi+idc
f	2f86b22c718b9f0a63b6e0642b4c222523d3a78c890a0b7f5e5a7ee589c145d5	python/share/terminfo/a/ansi+idc1
f	dc4fa0029da1f6c9f7771b1c935edabaeb96473c0c9cb1405e83b664a4146799	python/share/terminfo/a/ansi+idl
f	cf717d38e4c0be91b29d817a5bc8b251528536b6959a042437adc9a49f08cb57	python/share/terminfo/a/ansi+idl1
f	e69df46c1df3840c8b9fc9225238fb3015680c300c3c3fc6cfcdb20932b05478	python/share/terminfo/a/ansi+inittabs
f	2cedc3619ce75fad437ba6eed9440fa8bb4b3125bb49ca8895ee33f63c1f347d	python/share/terminfo/a/ansi+local
f	65073c0478ecc1148bc9b9666f7a750635f1e1a63074a107958cbc5d4d186f89	python/share/terminfo/a/ansi+local1
f	96246d6424cc50bdf0234b136377dea8011644dd02fa9032a509997af4cdd27b	python/share/terminfo/a/ansi+pp
f	9dff6801a6bd44a710e5ec929f531befc05f96b3cdeb514aa9e65a5528445c22	python/share/terminfo/a/ansi+rca
f	0a2fb7213396f460af4c8a582e673960f2713470bcf8b29ecf1065ff2a6580ae	python/share/terminfo/a/ansi+rca2
f	7b02d02d4a43c205483ee08ffe2bc9055d686b770708f703f2a8a8ea10694a28	python/share/terminfo/a/ansi+rep
f	4457245f009082f0257773b075b21a00ac3fe376225e4ad873277f0ec4c0eaf2	python/share/terminfo/a/ansi+sgr
f	40dc2ca87f930fbba964911d63e6609a9d956c629c4a2e702c60acb50c1fd6dc	python/share/terminfo/a/ansi+sgrbold
f	2891807bb800fdde70e4bbe6233cb4fd32f79eac2bb544f7f033c4294333da54	python/share/terminfo/a/ansi+sgrdim
f	5bc1dd3dcf66316916bafe3b851686263bf5f4b40efcb570fa1182cbfba11001	python/share/terminfo/a/ansi+sgrso
f	ae387bb1ca435148cc001b71ea8b2f8edcc59e84d3f7dfb5a4d5de056262d7df	python/share/terminfo/a/ansi+sgrul
f	307d7fbe4f07db091e8b9ff7c1f6300ac6dc258d0488d66fd4a9840209ed0d51	python/share/terminfo/a/ansi+tabs
f	e5cb252a6e28090ba1b0dda8d2d0a79540383c809d7786f9c3b33117c70b46dc	python/share/terminfo/a/ansi-color-2-emx
f	b310603f3428d51f002a696dde617fc8caff752ce7e63625efe489a9a50b9d08	python/share/terminfo/a/ansi-color-3-emx
f	c47b643ded95a13d14f3ffe4469027c9d18a3f8bb48c33d9ee21cefd0edc5055	python/share/terminfo/a/ansi-emx
f	79e5e9c47d5d548a1d928e842a71bb9bc341840ddf9073555252c54e0e1ecad4	python/share/terminfo/a/ansi-generic
f	b648b73fc9afd34892d51fa426557ec5d7e9bb9001f9065bfae930964ac5a3f4	python/share/terminfo/a/ansi-m
f	a1189807692d48767243301e7552aae4cf621b1ea2856785d042d37f028d3339	python/share/terminfo/a/ansi-mini
l	220280c9915ecb55d1f1b1f5e04d9da1f04133a7a9afcfd4451c866ddb5f0b12	python/share/terminfo/a/ansi-mono
f	4ab2c62caac835a416c60921fc255e07828b65d7bb023763ce5c4b0854c9d173	python/share/terminfo/a/ansi-mr
f	7d42aa57ff26a85d65aabdd725dcd0e15f3d660978af3021db8bd74567cace89	python/share/terminfo/a/ansi-mtabs
f	3b979e8c648bccdf6d0f1cdbc44856d9daf30da1567387a329325126369f60cd	python/share/terminfo/a/ansi-nt
f	1f0ca74ed835cfb97b142562b47e00d3b505f1bff14b8b3b8682aabfe43aac1b	python/share/terminfo/a/ansi.sys
f	1f012661d626769e2bec85a7a56ac4d20d19d7f1ccdd3ace9a1aebcfb1ad25e0	python/share/terminfo/a/ansi.sys-old
f	933bab36cfdc467a41381717d11115930cda957da2a1b8af69be5aac6d16c028	python/share/terminfo/a/ansi.sysk
l	98031aeb5669d7caa3bfcc144811a9b54492bb98c8331f5f69e41ae202890930	python/share/terminfo/a/ansi43m
f	e47690018e53a09dc519d0ae82b0031496166a81bbd549473f19706d0d92c22e	python/share/terminfo/a/ansi77
l	f97e13d217dee8c009e6506b9cf61860839c4e4d35ccb462adfb8875d1fdf974	python/share/terminfo/a/ansi80x25
l	f3b692bba203897adb518861d4995aeed6ba6a4dbeae3f9143a97a4ed7678609	python/share/terminfo/a/ansi80x25-mono
l	27048dd44f74b8b089c5070905d99b7a1e20d3ca49143216880224abcbd65dcc	python/share/terminfo/a/ansi80x25-raw
l	c5bb20b0c37fe865832551efe72198c055141af20718a1e8a2941867e05b2704	python/share/terminfo/a/ansi80x30
l	4809f9a2804ba79711841b176ad2324cbd0035d5030f6ecc19ff637303938e16	python/share/terminfo/a/ansi80x30-mono
l	cc6e63ccbe2ef0b27ffba6d911a4ca4998e8611210aa9cef88924eaa70062733	python/share/terminfo/a/ansi80x43
l	bb201cc8d14d077f4be7cad7eef2ae9e96ad5d2c224713276b44361db22bb55b	python/share/terminfo/a/ansi80x43-mono
l	4db6885ba88477396c4efa4915702ad7b49f6c11edc4aba139f7ee54310e6c25	python/share/terminfo/a/ansi80x50
l	e0bf3d5cd6010a02d3be7a246019da5546678b1c5d9f39c501a6a2e8e2f04a49	python/share/terminfo/a/ansi80x50-mono
l	15d1725f63e0826b3eba0acfa2b7f1d7119a7cec467e1311578ce4f02ee4525e	python/share/terminfo/a/ansi80x60
l	e6cf523e1f70e072d7c361d983376db87f5fd60bcd0a2b76ee832a3d3be7c32d	python/share/terminfo/a/ansi80x60-mono
l	4db6885ba88477396c4efa4915702ad7b49f6c11edc4aba139f7ee54310e6c25	python/share/terminfo/a/ansil
l	e0bf3d5cd6010a02d3be7a246019da5546678b1c5d9f39c501a6a2e8e2f04a49	python/share/terminfo/a/ansil-mono
l	f97e13d217dee8c009e6506b9cf61860839c4e4d35ccb462adfb8875d1fdf974	python/share/terminfo/a/ansis
l	f3b692bba203897adb518861d4995aeed6ba6a4dbeae3f9143a97a4ed7678609	python/share/terminfo/a/ansis-mono
l	beb725f7fc70ff516597fa51b326aa45db6d91634422b7fdbd99788850e02a4a	python/share/terminfo/a/ansisysk
l	068e53192aef231570d9b4dc4c57a801325a246ada21b64060809b025be22d3a	python/share/terminfo/a/ansiterm
l	27048dd44f74b8b089c5070905d99b7a1e20d3ca49143216880224abcbd65dcc	python/share/terminfo/a/ansiw
l	fb9e3deb38007af85cdf809a97dc1fb671f0c80e25b2c9e7a9ac25404e505134	python/share/terminfo/a/ap-vm80
l	230f9d620b0348ba2c5249c8bc0f51d67cca5c8a58e2570d92544691c6127f54	python/share/terminfo/a/apl
f	f6117db5af6f8169237b518e3846f0ee401380dcb67b9c731f9a9144c92c3fba	python/share/terminfo/a/apollo
f	ecc1bca72e5784c82b91bd7973f27510772bf44d09d94a64556d0f99bbcd3b23	python/share/terminfo/a/apollo+vt132
f	307692187b5e94a8a8fd0f6dc8eb63115ed7fccf3ef87457f0cb5e40bfb4a1e0	python/share/terminfo/a/apollo_15P
f	298a9846fe4ec4ebc2189c1812a1f2425edf5dc434c0d7a6553cc232e3732400	python/share/terminfo/a/apollo_19L
f	c48f70e4d311d9ea254813fbc55b994d638ccb3325980eb707f99738f3fb5417	python/share/terminfo/a/apollo_color
f	50653a59e6350a0a84de49f154aa78bcc4d0d6f502cd0c35f34558d6173dd195	python/share/terminfo/a/apple-80
f	2aa40a7143650fa600431088f80651ca02e2f54623033c443e640b409769a8b9	python/share/terminfo/a/apple-ae
f	a6da6e22ceb05833280b7317d84fd67b7bd41ff9c07039b96ceb506feb9dce47	python/share/terminfo/a/apple-soroc
f	821912508416e6d7a98f90f371d30a032d27b8e5ebc9f83e402c14a6f8fd0faa	python/share/terminfo/a/apple-uterm
f	030a6e0a41e1d087b705b1a44c0dcffa204e76a10655e443a9ffba1a0971f57d	python/share/terminfo/a/apple-uterm-vb
f	ec70b5b2295ff78fca6aa56051aef17cea106a763d4ee334036637c9334307e2	python/share/terminfo/a/apple-videx
f	60fbcabdd36f992cf35a204fe795032f724c2aeb8132e6b95a6395cef1fb7ea5	python/share/terminfo/a/apple-videx2
f	fdfc2238be4f579fa5f89d7b1f8a03a2b9d6bacdb9e09016585db3a731265dc8	python/share/terminfo/a/apple-videx3
f	3ceeda813d8bb5c14172325c44bfc7fe2d504d31e1ae0f7c4ac47c0f9a2f42a9	python/share/terminfo/a/apple-vm80
f	d2ce49f308f7fab244710866a8d24fbc012c4bd343556d67156a02e59d149561	python/share/terminfo/a/apple2e
f	b1de992b6acaa89f95d68902bfbdf9fc6f711b63dfd86d0e58a8b0d7debfa7e4	python/share/terminfo/a/apple2e-p
f	335d111c3ea2342e83a5b02c3eb2e423783fad1fdfb3424854a6988135c720d2	python/share/terminfo/a/apple80p
f	4a1992c07a321535a002308e4123e2b15f0355d658fcfcb5fabaa9c856e8cf59	python/share/terminfo/a/appleII
l	a3b3e447427a05fb5c8bdb71a790f4a56d2767496210165505d2ac1e987219b6	python/share/terminfo/a/appleIIc
l	a3b3e447427a05fb5c8bdb71a790f4a56d2767496210165505d2ac1e987219b6	python/share/terminfo/a/appleIIe
f	d159c8e2cbb7ecf04ca2fb36f34f74681795da7686dbdd92da7d71cbce68a67a	python/share/terminfo/a/appleIIgs
f	cd1a58e4156491cffb4b6029eba2ac878c3fcce4201d1a34471b793e47c223a8	python/share/terminfo/a/arm100
l	1a60aaaecede14a2004f7a0bae8928e57a2fd22efd0e4f63aad826a5d7ceda69	python/share/terminfo/a/arm100-am
f	ba425344ee5af2fbb6c2c0fd19b77613c14385fbf31be023c93877642e0cb667	python/share/terminfo/a/arm100-w
l	6660f900766d4ba2aeee09a698ed94520c2461eab77230953adf6d1018dc0b35	python/share/terminfo/a/arm100-wam
l	324bb72834810c12d398df6fd998ad55d89d594919f979f2abe70c6f164e79e8	python/share/terminfo/a/at
l	92b643a46c26fc5cc8bea051546b189872c99e8157de1b758248f2c8107bd836	python/share/terminfo/a/at-color
l	324bb72834810c12d398df6fd998ad55d89d594919f979f2abe70c6f164e79e8	python/share/terminfo/a/at-m
l	19ccc3c6bf623f00ded76907baca4c75ebca9247b3350391769eea5e48976287	python/share/terminfo/a/at386
l	324bb72834810c12d398df6fd998ad55d89d594919f979f2abe70c6f164e79e8	python/share/terminfo/a/atari
l	92b643a46c26fc5cc8bea051546b189872c99e8157de1b758248f2c8107bd836	python/share/terminfo/a/atari-color
l	324bb72834810c12d398df6fd998ad55d89d594919f979f2abe70c6f164e79e8	python/share/terminfo/a/atari-m
f	35ba9a8e5502bdd57c868bbea5e8a72e3a3a222933f57c37fc85453251f40b5a	python/share/terminfo/a/atari-old
l	324bb72834810c12d398df6fd998ad55d89d594919f979f2abe70c6f164e79e8	python/share/terminfo/a/atari_st
l	92b643a46c26fc5cc8bea051546b189872c99e8157de1b758248f2c8107bd836	python/share/terminfo/a/atari_st-color
l	324bb72834810c12d398df6fd998ad55d89d594919f979f2abe70c6f164e79e8	python/share/terminfo/a/atarist-m
f	ec91b6e46b961cf52e1138691886a2de4ba2807eedd3502e5f11da197bc7cf9e	python/share/terminfo/a/aterm
f	09687d2bdaf5f6b8c89dcb365117e5b06e0cc9ae0ad3e1ce949fc02c74d49c1b	python/share/terminfo/a/att2300
f	5d2d7d700757884d7c5629ce03221866be310c5fbb5828a989c3345c75774807	python/share/terminfo/a/att2350
f	465fe0a9e741d051ae31ca4df2ef60201a235576ad1a7826e47cff5ef02fbd58	python/share/terminfo/a/att4410
l	84851307b5b431af96dfedf94a673b4ba8464d39eeb0cd70ddce02b27774074f	python/share/terminfo/a/att4410-w
l	2c79924a86f0c37bc6600966d9080d6e86790897aef38bf82ce81f7fcf811e20	python/share/terminfo/a/att4410v1
f	73dc54ff01624b11eb726cd81313adbf685b830fffb6d8f6bf6df30bff4cebb8	python/share/terminfo/a/att4410v1-w
f	de9018c195e4b8bd7d34281543b392230d41c748e61048e38f541fa96be495dd	python/share/terminfo/a/att4415
f	4701514ed2cc401a618ea145a0686dee92f68e54efe3fe7357ab68e7921d6cb0	python/share/terminfo/a/att4415+nl
f	d62e704a0000340ef3d7def67fd9b42f2b5e112734e3293de037e703cea2ad70	python/share/terminfo/a/att4415-nl
f	82d95e656d2b4752700790dc1960a814abb28770646e8906f2e26526c8046872	python/share/terminfo/a/att4415-rv
f	d416c875a03cca08bae16c382fdf5498e631e1ef67477d8b80944e1b856080db	python/share/terminfo/a/att4415-rv-nl
f	dd05bef91fec0c21bdffae3db627534b566976d7e3b572cd26c29c8c36b2c105	python/share/terminfo/a/att4415-w
f	f2597ab9081647ed47fc0acaa847c50eaab954d756bfcc580f19eb40713b0528	python/share/terminfo/a/att4415-w-nl
f	9e15dec11a6799bb195657d9cdd33f5341c8c75a02225e4826abce4252417a26	python/share/terminfo/a/att4415-w-rv
f	517f252ca65ad55f7eb8703e335f88d115c19b31887f01bd295d32e543b49739	python/share/terminfo/a/att4415-w-rv-n
f	58cb011cb401df59a864e16e5ded4572c6bd2e37f432908a6065611d4601c251	python/share/terminfo/a/att4418
f	2ac947f491a1fe7465d84f309d3c335b34b957378d9fa21deb113657db56eb12	python/share/terminfo/a/att4418-w
f	0ae67b4c8755572cd21cc39e8e3f6369e264bf3e05069528111a1caaa35e5a8f	python/share/terminfo/a/att4420
f	d5297eedc52077c26c492c2b3ce8f8b92e1219b6319ab7490ecb11333661ddd7	python/share/terminfo/a/att4424
f	15bde613a35d5b1c391872ecf15f6cc050d85919ed6d2a224e327b9a0331c730	python/share/terminfo/a/att4424-1
f	1933b37d24b644d418fdf31d3218f7eea1d70201455edd13dd3f0be917a0c269	python/share/terminfo/a/att4424m
l	3279eadb6252fe92cedd1988e3ed6e2169bc4aaf23ba6a6f3b376d527f853ff7	python/share/terminfo/a/att4425
l	677f313752d4ab63e58377d316896f9176cd346a30af5ca47effa986acfd4753	python/share/terminfo/a/att4425-nl
l	169a56263b8aca510821d4752a192e713baed297f14818a2856f0847801c4af5	python/share/terminfo/a/att4425-w
f	0efe9be96342787fcf38c9604d56efd3c6c66015d4bd64aa8b285caa85d17869	python/share/terminfo/a/att4426
f	28fb1334a9a73ef48610a5800571c0f53c8198270ee8b4292a58a857e62f5308	python/share/terminfo/a/att500
f	a60520571515d4a386c78f33532e0d62c43882de13f06d02f10ee699f046cf46	python/share/terminfo/a/att505
f	dc11beb0a8840e9c8bc09bccdbafec3be9d470aa64a7333a0b4e4a609d852315	python/share/terminfo/a/att505-22
f	a618242c3eebd7852ec6551c83667d4a5e92ff7464ffee57f248441f933805f5	python/share/terminfo/a/att505-24
f	932c02165ed3cf5f56f26f4915b5364aa7754b9f393ea9bbc6980d55de678352	python/share/terminfo/a/att510a
f	e7ca93f26b22738a3dd7ac4ee14e635a682666701b64d4af69a96e8ca8acdc0e	python/share/terminfo/a/att510d
l	fd14637cc06cf269ece883101fa9525c7ff5c6368d718e7668535f67a178c617	python/share/terminfo/a/att513
f	878d1523d70d0ec179d7e42a98dfda450145325dbe7a17369cd3934322193b6c	python/share/terminfo/a/att5310
l	733c347583308cede8c06822f10de2d3a0dacd30d16f33bd02c08052a267245f	python/share/terminfo/a/att5320
l	1b27bc841a64e30f07c270f6e640b9592d157dd38f6052706b868f2c2734df84	python/share/terminfo/a/att5410
f	8d782ed5734be6ee313404ef7b5cce22526dd1a9c1c382e642ec8c90be81a6b9	python/share/terminfo/a/att5410-w
f	735c8a8045ed223f3d4986bdbe377bcaa2227a6f23c0b338bf037b533b1eb0f3	python/share/terminfo/a/att5410v1
l	388744a5768dd13c95a8595cb6db72c52430b993f5924a4192ea92cb9ae980e8	python/share/terminfo/a/att5410v1-w
l	b2ac7dabb3a8bb18b4efac00ef2a46c0fdfda178b6cf3b12db755977177c155f	python/share/terminfo/a/att5418
l	6988fb2403f4704adbcb82ecfffe986d106e0dcb0efcdffa4b5c462441b4b1cc	python/share/terminfo/a/att5418-w
l	31ae76347ba35c47dc4543f8d016d80556a968463f5c048429510cc767e838f2	python/share/terminfo/a/att5420
l	d6c66c3bfd0411b90567c36c5e8c8704da758278034cfdd25ec8aaba09aea81e	python/share/terminfo/a/att5420+nl
l	3c3cae3e80c9f740ae7a9ff8491d20a19fc64508dd4426386162b474bc381ab6	python/share/terminfo/a/att5420-nl
l	c043965d6f9811e00f34b4f895dce76d45d23317d7493cfbc7546cd3602d2e8d	python/share/terminfo/a/att5420-rv
l	976abcc703ff9633ecd5af522da601d965024cea0fe1e78e54e0da974229f22a	python/share/terminfo/a/att5420-rv-nl
l	cf232eb289c638031e77639f35706685f5345f09fb143bddc1a8d917bce348e6	python/share/terminfo/a/att5420-w
l	96705cc7133fdb33ef9eb84e0b9bb854db801a0154898bad70df7707ec48f527	python/share/terminfo/a/att5420-w-nl
l	d0790677a723a5992da0c0c6d8f02af63007b981e0753ca3faee5eb7508e9a81	python/share/terminfo/a/att5420-w-rv
l	70ac46529fec247c7d4f341efeda45fd2f16a2c09c9499540dd48500bf5ba0ba	python/share/terminfo/a/att5420-w-rv-n
f	079a53e755e1b9197940996f01c837443d3e369009e0aa4019915fa23362c5d6	python/share/terminfo/a/att5420_2
f	b1050d00a0f4f260fb4126a13878dc4ffc42938bce93addc54d660dba129cef2	python/share/terminfo/a/att5420_2-w
f	a3ba80bd7177300c35ec7df06ad633fbd7a27d0b20e941287b92b10a66d4ac09	python/share/terminfo/a/att5425
f	3b5451ddf1b42e1e3cfc6e7f7ed1a211d01dee7c46d1e63be084f90c85962a33	python/share/terminfo/a/att5425-nl
f	4559a6465c56dadfed551bccfaacaa0ec22175af424c7e2daf6420443793c476	python/share/terminfo/a/att5425-w
l	ccb7bb20a823ea5bce6cc611999332e106ae746d4f8aedbb8ad71357d6460f0e	python/share/terminfo/a/att5430
f	b2e78ca07b801fb5590fa26eed96ccfb0e899510d67b661b31dde896cfa935bc	python/share/terminfo/a/att5620
f	d4322330f7beda220c9e71b7a27f50a74d0ba1784378db79486d19a5cfdf17b4	python/share/terminfo/a/att5620-1
f	e585edcf07705cef8cad10740789f1412d786a85253a9256b0a05c76936f88a9	python/share/terminfo/a/att5620-24
f	ce3f1c82acfbe17fc1e610ca28bdd3590be53cf471f3225e82023c56e3d81708	python/share/terminfo/a/att5620-34
f	669bda35b683be879401c06439c01915f0bdee44e377a871e4867f5ea349dc85	python/share/terminfo/a/att5620-s
f	bc4724b27ca5758685d448d39124a1ba1c556c045316896978fe9d00d5fdff70	python/share/terminfo/a/att605
f	bb6022a9ca4220bae22aee7e4ee62f9cba357f73609acbcebc7a81fbd30ea417	python/share/terminfo/a/att605-pc
f	cff60062e1e32e6ef5f20ae4017bdf7d093ac206ad6238dde436ad311ab24f46	python/share/terminfo/a/att605-w
f	3c954b30eddd27af083c469355880d9106ec5f7bc59f97bfc9cd561cc63ea22f	python/share/terminfo/a/att610
f	6b7292969b1b6b4346dcceeae898077f5df75a8c57321cbf51277fbffc784ea5	python/share/terminfo/a/att610+cvis
f	8f27083a8d3446f906565735ac92a20f883fd391778b22e7a92839bf49fdcfcd	python/share/terminfo/a/att610+cvis0
f	282535f92e87b2070923f2511f214bfcb3d189c8cc428108ba6a730fcf39e11a	python/share/terminfo/a/att610-103k
f	bb8d0979db043a0641fa152a3154a7817d72ab6a72471c13a9125395d5e8cdb3	python/share/terminfo/a/att610-103k-w
f	763092fec9ebecd2814e74000aaecc31c3875abd82f16dd9a27fd57e74b5091d	python/share/terminfo/a/att610-w
f	d85239a9f7011883ea60bd3b0729dc0c4703a1fce9fb396fbf5bd44814c06af6	python/share/terminfo/a/att615
f	a3b3f53cb00da8930e30e6b7e8f4f9801b6572a146b84392d3f3868b467c81cb	python/share/terminfo/a/att615-103k
f	d50e9d1d83e0bc5a2c724de0c61630d958716a81262690351c216b7b8bca458a	python/share/terminfo/a/att615-103k-w
f	f34da489d86a6cbe4a200415b8f28247dc38853d4ceb8aa5878e5a16a3d6bfc2	python/share/terminfo/a/att615-w
f	2837565063efc3b3da5d4179aaa65b49b2af2c5cf1a25f008f404839088f5b5b	python/share/terminfo/a/att620
f	273181aa3029b9a97dcdc9412d09cecf6a2d9496f93555be5580d188dbdbdcfa	python/share/terminfo/a/att620-103k
f	d654e7dbb66735047c936f6caaf1089e79d23db7e9f4eeb9642cba995c00017d	python/share/terminfo/a/att620-103k-w
f	cb7627dc39474a728ca9bdd2f2a4ddb82a938c1c50958d3a5913292c38a32f04	python/share/terminfo/a/att620-w
f	5309e4b005dde3b573217e6c3ed9a448252a05b8e9e5215ff63797248856e930	python/share/terminfo/a/att630
f	e9a2f637e8ba5e7279a7d485a47cbb9978fe89b0c0069b935235a0db4b63e4d9	python/share/terminfo/a/att630-24
f	819b9b844332d85d655b006a2fd008f6f9fedb6087343192f11927d1db672181	python/share/terminfo/a/att6386
f	8d53521e13f486b95fd3ebd5f836c3f7b899535983768cebeecd91c4616c5555	python/share/terminfo/a/att700
f	2e6372689d104f18a11fa4dace6219e54b8b761785995a30cb6b844b096046c9	python/share/terminfo/a/att730
f	00ae2dcc6353694d429f5424e390303162db3ab93fd48f8ed68646406e63c5fc	python/share/terminfo/a/att730-24
f	2a06763e74da309f944f72b24eface5f323d1f6c3720ec54b4dbddaf2928490f	python/share/terminfo/a/att730-41
f	bef878ee688746391ee5c58985f7fd4fa74a70b0525fda013a30df708596b99f	python/share/terminfo/a/att7300
f	9ff69db4cefcc9cbd18168c6605394ca1fcb7637d659904b60ebe5a1d1a2e4f5	python/share/terminfo/a/att730r
f	b60cec5c34f9172630f2a7684211113f8b4b80dff3e83d27bccd32f57d5bc0ba	python/share/terminfo/a/att730r-24
f	88136606d7c16b39eaf9add50f5457b03d35695c5f08ebc0ba5a324e405a7697	python/share/terminfo/a/att730r-41
f	5500bac16a92bae121ee40866f4c31b43fcf0af0493e719856e7ea6e64f5a089	python/share/terminfo/a/avatar
f	3a8cfb2b308c93b7714bff74e5ed6e0f759f6d140e58d7d8ce73b767ef240fbe	python/share/terminfo/a/avatar0
f	2041fe4b4b11b040b5fbef165142b493f84dffb39ed940a286ed2da5f0c49951	python/share/terminfo/a/avatar0+
l	87bbe879c7a5f5784a70384bb49fa9513a6a3fbe4c2d388635e3c87611c03fae	python/share/terminfo/a/avatar1
f	0467ea2f252454a7aa0c3b1ad08ae8e146c2a9d78c5cbbb4f334943576be5fe2	python/share/terminfo/a/avt
f	6c40311d91eabd5bb15d16fb342a2e175d70cb1b7a7289fcab8c11200daa65ee	python/share/terminfo/a/avt+s
f	3aabb71c9078b688dc26df6075d0b4363e45ef652b1125ebe09fb07defc0223e	python/share/terminfo/a/avt-ns
f	c976059add1f40ce4455e65edb6fa2e067672c604c85f33cf1ef266f038f7ab6	python/share/terminfo/a/avt-rv
f	5a9e09e8f14191b137a8e7f72a62aeeccfff284459319cfcf49aa8560ee3a4f9	python/share/terminfo/a/avt-rv-ns
l	5bab788a788e3515c0f43e71193256b239f2ef28803ff0b4fd902a1e19f1ba78	python/share/terminfo/a/avt-rv-s
l	f28e66b3e869515b0b9d432a1993b80eb6e7553aac5de1f2ced160fd461f692a	python/share/terminfo/a/avt-s
f	d505c13b60baf8c2dd522ffc491578654e439ff45e5a7c9f7234660e36682c0e	python/share/terminfo/a/avt-w
f	9a491c5f1bb41bc3fde622f41df57f8addc0727dabe4c3e26d8943ad3172c108	python/share/terminfo/a/avt-w-ns
f	a7e9e05acdf919e0ab68f143790b9f421903bf3ba28cb6d66e67d35323d0ccbb	python/share/terminfo/a/avt-w-rv
f	ce6d1b206918825facc7a811ee9089fa5deb63e8b1218ce4697cc4431b9e79c3	python/share/terminfo/a/avt-w-rv-ns
l	b9eb3b9f712c1b8897ece7ac59ca92bc71f0c7ed8702304b5da59fc1bf961ee0	python/share/terminfo/a/avt-w-rv-s
l	a972e5150cd995232ceb4c8406f64d0d8485b2ab5714af8ecb2b0d5300471daf	python/share/terminfo/a/avt-w-s
f	c5a94988dd80785d16bcf38cb63b38f15c5a784e7a759422b9837e9e21dcb546	python/share/terminfo/a/aws
f	b4dd029ee90cb78dd7b4d530557f7ea0880e8449e5094686b19621a63c84b5ce	python/share/terminfo/a/awsc
l	b085dda899a010f0052dbe151db0e440af15ddfb7eb4af6cd97d1c47394039c5	python/share/terminfo/b/b-128
f	f939aa1115a89b73ab945a58804e5c0aa85555f01d840bd128cec417c0e14947	python/share/terminfo/b/bantam
l	d7f6cf12f7663e2acc87ef9fe220a70244b31ffe6eb9ab6c1b1aee7dbc8bcb92	python/share/terminfo/b/basic4
f	44efd1f0607650c0a294b6c6958a830d28bc0feffd034e45e073411dbfa3ea53	python/share/terminfo/b/basis
l	21f30e67f3d4b5bc628b0168d8ff4531a7c3ab7ebeb134706a94f7b756cee957	python/share/terminfo/b/bct510a
l	fc72b898e861f3905d62b8e53729707af9993958692e37ef32b605c788b20237	python/share/terminfo/b/bct510d
f	c9f17b465b152872b3b07d36de5f4e1ebb0331c568e35eb7eb82238128b7a6eb	python/share/terminfo/b/beacon
l	90de6401a48776f994cc79c0221fff143095515ad68868102424e3768604554a	python/share/terminfo/b/bee
f	b89f0e845d5a43a89d7fba86d69f3ec432ef8fb91b01a56c9b40c1f0558ff8e6	python/share/terminfo/b/beehive
f	a2bbea981f2b79db5bb69dcc158b41f14e1881334066cdec156c6be4f1242e79	python/share/terminfo/b/beehive3
f	933dbe230cab235accab3b942d20b6b6a4ee51fc9dbbf2c6d286dbf3b0bbfd5e	python/share/terminfo/b/beehive4
l	274c668525e8563b0b67a55834940374a34036ba1b12ca1535223db9b8e21e67	python/share/terminfo/b/beehiveIIIm
f	65d5a2adb36d64e7b0b970a84cc0c3c57dff6c1f06bca458796e34db5f85e9e7	python/share/terminfo/b/beterm
f	a6d12ef4ce11c9c575c8e8edcee2549743d876e01f03a7e09c82d2d38bbbddf6	python/share/terminfo/b/bg1.25
f	9982511935819a84e49d641b33b399e52e94d2346feba59ad8a30c7103be0b0c	python/share/terminfo/b/bg1.25nv
f	4c8cf4c9c65661f235f9cb13c30463ffa36fd6fffb60d4c2e600a70ce8e1fcab	python/share/terminfo/b/bg1.25rv
f	1c40a22a8a192cbc41fcfc62195d089470554075eb2b30f7e057dead0b4cddfd	python/share/terminfo/b/bg2.0
l	7397163dccf8500bd2c56418557dc97307e6b866a1376d52515ae04142fdcace	python/share/terminfo/b/bg2.0nv
f	ae3e4b044a0500255007cd66083366b1fa6141d16e3b610b2dd7fd8a8783bd19	python/share/terminfo/b/bg2.0rv
l	fcb735d22cd13b33eb2d37660eb9f509d74cd156cbb9924e2c1daf204692fca9	python/share/terminfo/b/bg3.10
l	7397163dccf8500bd2c56418557dc97307e6b866a1376d52515ae04142fdcace	python/share/terminfo/b/bg3.10nv
l	81ca224b5d78d3efd08ce7ad1b9c6479b191c490ebd9bf2c77cd5f1595785023	python/share/terminfo/b/bg3.10rv
l	274c668525e8563b0b67a55834940374a34036ba1b12ca1535223db9b8e21e67	python/share/terminfo/b/bh3m
l	fbec07dc97f88c4561e28edab07a57b33213e339d94745494bba231b3001c3e2	python/share/terminfo/b/bh4
f	cbf53e145751a96f1764bb3e6e49c45faa21a3925cc1cb9b580f462f81fda6b3	python/share/terminfo/b/bitgraph
f	502bc2bae1335cbefada6444f6ab01896ced6a4dedbe508e98813ed6cfba89c7	python/share/terminfo/b/blit
f	1d429d8d4b708645335ed50aa711646195e679427547db6d09023ef84231e285	python/share/terminfo/b/bobcat
f	ad0702318ba026e16b16468604c95f396694938a41708d6e55031a4fcbb7cacc	python/share/terminfo/b/bq300
f	3a0f011019f39fcd8b64432f024d7080fe709cabb69554e7be9a4cab15a39f81	python/share/terminfo/b/bq300-8
f	cfd525ec8db28382ae9245794482d6babb183b2e47a86da4ae3b60966386a99a	python/share/terminfo/b/bq300-8-pc
f	4d6d371c07e35f1bd3683ef01e6b70143a4d82868ac2f19421f3cae9894e964c	python/share/terminfo/b/bq300-8-pc-rv
f	8f3cb2e1db5e8e68d426a3578163db216df302cebeb00e369e16d3724f6ad239	python/share/terminfo/b/bq300-8-pc-w
f	1d4b2f275ca06a11dc476b2e3d49beaa5e2fbf9b37da06567bca4952b0f95578	python/share/terminfo/b/bq300-8-pc-w-rv
f	c339768da6cae43eecb7154c98d2dabb290fb5b4b88104c4f6c9943a155bbe95	python/share/terminfo/b/bq300-8rv
f	aac47f7c0c4bbb7760da12988e2f27eb9f7fad87b9ab9110f9522eced25d832f	python/share/terminfo/b/bq300-8w
f	8da28ee3517b879c7c300a943fdd25cfe3293feb7efde63161e57f36894d5add	python/share/terminfo/b/bq300-pc
f	f2b631bdcbe6f6198fadb8444b51c796438000c16e973caceebc434bbd50ef14	python/share/terminfo/b/bq300-pc-rv
f	4dc49501015d5d521fa20e8dbf228569bb4430f1bbf513ea34b61ad9076e7b6d	python/share/terminfo/b/bq300-pc-w
f	17a13d8d34b4ecb9ee016b5016eb45a5a6816f4ca655832a0a386318bc7653a9	python/share/terminfo/b/bq300-pc-w-rv
f	181c345e7a1992b65541a5ba74428140936db15162e08bee4293edcc755b59c4	python/share/terminfo/b/bq300-rv
f	48adeb72d9ed0324fbff9ba26e7af530330e93734ff58285d71991d90bb9d887	python/share/terminfo/b/bq300-w
f	b928905d5f479b11cc047648c48b636da004911ea487d5f2c19409fd421bbcad	python/share/terminfo/b/bq300-w-8rv
f	add5311467f9ff0bcfc03dcbb90431ba8a1ca424daaa3722bba6e3fc5fe24ef3	python/share/terminfo/b/bq300-w-rv
f	8b70c48d5a6b496a9281fec532dfb15c5ab470a65eb0b3baedea082b186b8eb8	python/share/terminfo/b/bracketed+paste
f	1aaef4d0e4a347e19dcd6a54912c383c26758054127def60bc18abfd1f128380	python/share/terminfo/b/bsdos-pc
f	3b45d7606d22d46d9649b4fee92a8f17105a979fc1ef95ac23528c75dc5664ed	python/share/terminfo/b/bsdos-pc-m
l	de18d90052af5545bf7bd5b78967fd8b4a5e1852b5fded64075d14be4d1ee441	python/share/terminfo/b/bsdos-pc-mono
f	29365bb8a196041a06ac19272f4f1d62e1744ffe9766ce88daa944f2551ec2c7	python/share/terminfo/b/bsdos-pc-nobold
f	beb8be8d2ddfe4f7f204d699dc28e7b58436ad93f3606c56dbb867f0b09ab9eb	python/share/terminfo/b/bsdos-ppc
f	a7ea4ec7243dc1c1b2c8bea9ed2a32f9018f7d82e8dcd0be5be62fdf3a657c47	python/share/terminfo/b/bsdos-sparc
f	b5166019760429c4d6150180f1c2dd81136488e21c36b564e605c9dc7366f1db	python/share/terminfo/b/bterm
f	2a4ee10a71dc4708a15b9b7c4105ad14a07d531c142abc7d46611b21e3d8069d	python/share/terminfo/c/c100
l	b571e124ec487158a0c21a8cdbe2583b0bd61cc46c2a96fa80fd1d495f996f21	python/share/terminfo/c/c100-1p
l	35cc405950849d60a54833adc5922d429ea78dcfb7bcef44478c1b2afd0d0d6a	python/share/terminfo/c/c100-4p
f	702467e4bce51d3c928b522db8f565bbdf65ff87750e17dc4186ab77cc5cc72c	python/share/terminfo/c/c100-rv
l	7a2047c9b9df153620f065c11a34348c055cbf7d9979b33ed22ef6a95a4ae3c8	python/share/terminfo/c/c100-rv-4p
l	35cc405950849d60a54833adc5922d429ea78dcfb7bcef44478c1b2afd0d0d6a	python/share/terminfo/c/c104
f	c6e9caf4f94517263eb740ef7d511bdfd3cd391ffdea7070ae02443366355734	python/share/terminfo/c/c108
f	8a204f7e4490b7643902d39d87157ce953a00e8c7518ba4c8c7250d860c4a632	python/share/terminfo/c/c108-4p
l	2dd63d125a37434c4070e326748246f8d0fc4ca8fbc1c4d8f855bee87301423f	python/share/terminfo/c/c108-8p
f	5c81848e6c2d42b8df3d7438cc990f552e026d6feeb7c4f1b96503f3a420c6e2	python/share/terminfo/c/c108-rv
f	13c88707044c4a589630988e2cfb16811bd80dc668324f1f620954cc8972a561	python/share/terminfo/c/c108-rv-4p
l	e213a4c3f5ecdbcbf06805bdf086f2de086be60ac5ba999ffcacbe1dfe6b3fff	python/share/terminfo/c/c108-rv-8p
f	7d7a52a74537fd79e61fd7a37355eb67ba81c922b52c955cc68e5c6c92303740	python/share/terminfo/c/c108-w
l	30e7a606619f29c93aeaad208f7db5a19dcf773f00d99483765e9c55d9f6d1a7	python/share/terminfo/c/c108-w-8p
l	2f72da54776512c4065e23c41c4655ef6839395e95fb2431d9eafe8008e13fd8	python/share/terminfo/c/c300
l	a2f3efb858c5f40e203452dfe2a5714a6188ef76ce0cabb64d0ed326772f388e	python/share/terminfo/c/c301
l	a2f3efb858c5f40e203452dfe2a5714a6188ef76ce0cabb64d0ed326772f388e	python/share/terminfo/c/c321
f	4289e3c9d25ed3e6925993c2de444f023f1ea858e5c92ab39768a8a97eafdc1e	python/share/terminfo/c/ca22851
f	bf522f85aace50a06a3fad3ff357ab951f592b10a10e8d14aa8a2e041e69f4db	python/share/terminfo/c/cad68-2
f	17e42411b07ce26b0dbd19400bac6e6949f4760a593442a00e684910d17c0e57	python/share/terminfo/c/cad68-3
f	ee5016ffe98fa957b896377443a6daeac739c0781901aa75eb15e986a3a460d0	python/share/terminfo/c/cbblit
f	5fd8abbb31434b5b08802607313d67b7218719d7157fbad73297989d1815827a	python/share/terminfo/c/cbunix
f	df828a376c73cadc0f03b447cdcde54d4a552b10bfd51bf1349d95ae27760155	python/share/terminfo/c/cci
l	84584567b595f78146cc4c4b9229d3bd64c6b7c002ac068336ead73672cbb152	python/share/terminfo/c/cci1
f	2ca8f54987a8d57a5f6234f25cf8e2890efec3bf871631a075e351947219ca49	python/share/terminfo/c/cdc456
f	f9d8e9732cc4c29cc14b71aaccc6411f6d15b49e75257bdf6d3e1f1197cb878c	python/share/terminfo/c/cdc721
f	de917ea98fd764eb675041c7ea92157bcba0f4d0924dd0429e988e7df7df8359	python/share/terminfo/c/cdc721-esc
f	c5f12b0b84b81f673c92eadf01c7447610f33d938983098c1695a9a0e872e588	python/share/terminfo/c/cdc721ll
f	a412ce9493e8b943627c696f74922a4b89fe68724515743ee99d3bb322affda4	python/share/terminfo/c/cdc752
f	39021e97dfd3f65680a04417fd71261117b368d53fe975f04740a33511229ad7	python/share/terminfo/c/cdc756
f	d5e02503bb452f39f7ba2c6470436fa8628565a597c46ef599f2dcaa041f6d77	python/share/terminfo/c/cg7900
l	16ed32df534709f6efa858f4857c0a1ebf093d76109fe36973f1dd390d9174ea	python/share/terminfo/c/cgc2
l	fc1d913b237a9dd6f17b874db770512392dc170a57d3a18a7a95754e1eb99f4b	python/share/terminfo/c/cgc3
l	2a883bce69bc3efa919a8fb08bf7d95e9cfc5ccb2d6b3eb4d8167c3dd8af643c	python/share/terminfo/c/chromatics
l	9bdf6261d50ddb53da8aa681d91330443f33702c5c8443614af80ee99b2d5156	python/share/terminfo/c/ci8510
l	bd3422f1875fe5d3f2d55f91d3df32415b092042d5c48679f4f9321ae078fcae	python/share/terminfo/c/cit-80
f	68275b4a55f484a6987e2142e4d006f6399d30d89eb7775cbfc42f67761d6f03	python/share/terminfo/c/cit101
f	a5b2aae1f74fe6b50e9b14c73b6bf4f81241cddfb650059baff476b9dab9e96c	python/share/terminfo/c/cit101e
f	3280aa1d10e46843e56d4f81468d5c914df481d530a66815a8d7d7fed1efb242	python/share/terminfo/c/cit101e-132
f	5870ddf0e31d3a998e44abc3f4d5a5657551c4804b1004a5f0ad84efd5a65497	python/share/terminfo/c/cit101e-n
f	3f55fb847ccb946e7ecebd99ec3ffd67cfc4c795eec1dfac2267d5251e2d9fc3	python/share/terminfo/c/cit101e-n132
f	cce3db84a3f20a15d828d26cc493c07e889207cdc1e1c53283c3a2347798cd15	python/share/terminfo/c/cit101e-rv
f	a064b9370b79737add3a87f3aefdb48843d5cb8f010be749b8ac2ea2b4e55b72	python/share/terminfo/c/cit500
f	6c25742e180a63af28c80e459e481e18fa6ec939766bf5e84e5592dba01ca730	python/share/terminfo/c/cit80
l	d1d57625c8d12b3ebcc45c6980e7df92f9fe476071ecb76e9a9e591c7e74d49a	python/share/terminfo/c/citc
f	67caeae84be3ac7be3bf55ee9c79f576e4cc70274fc393013d9b495b1f12e33f	python/share/terminfo/c/citoh
f	4b479d20416e47fcc964ba77d97bb446eaf9b6325d0c4ccd513512645a609f24	python/share/terminfo/c/citoh-6lpi
f	054b3355141bf5c92e0ce5f2fdc5c0ef2683cdb57127e0d34b4c813b45baf16c	python/share/terminfo/c/citoh-8lpi
f	0100e1361990204d140ca8c8dde0a80d6289972abe0fbad47cc9ea6417fa7a35	python/share/terminfo/c/citoh-comp
f	93b2e36f4be75065154cdd3ac151288666a630728391061c4ee66c0693f17ca1	python/share/terminfo/c/citoh-elite
f	2b080fca8783fdb5ac534eeece07b8fac605a8a1d98479a22e89de5ca1ccafdd	python/share/terminfo/c/citoh-pica
f	5b5e1a6947dbfa1114f46f77cb9aa02826b564243326b9557621300015f63962	python/share/terminfo/c/citoh-prop
l	39d350ecd29dd81f120357a81f9302f186ff53231a16ecd638ebd56ad2c2a4a0	python/share/terminfo/c/citoh-ps
f	c3e4ea415f46cd2b03b2a75db254494203a41d31434a8b2279b664182e632154	python/share/terminfo/c/coco3
l	9a77e0e2d8da72acde30cf2f503b2ed29e65ea55c98fddd82deb076df24722b8	python/share/terminfo/c/coherent
f	d33efdb6715df24ccdc2b913b4b2c5378ef9b2a495f760a89ed5c0b608e8a010	python/share/terminfo/c/color_xterm
l	709ece40821cba3f373ed14472876673c1f00aa2f02571f76a04cef136605340	python/share/terminfo/c/colorscan
f	5645a590a79bb3c1ff657da38e6fb44a23430625c5374a0fb6699fdde3e116b5	python/share/terminfo/c/commodore
l	35cc405950849d60a54833adc5922d429ea78dcfb7bcef44478c1b2afd0d0d6a	python/share/terminfo/c/concept
l	634dce3c43f689da381c9d92f96afa3f168d363d850ce8df35f51943fd732e02	python/share/terminfo/c/concept-avt
l	35cc405950849d60a54833adc5922d429ea78dcfb7bcef44478c1b2afd0d0d6a	python/share/terminfo/c/concept100
l	7a2047c9b9df153620f065c11a34348c055cbf7d9979b33ed22ef6a95a4ae3c8	python/share/terminfo/c/concept100-rv
l	2dd63d125a37434c4070e326748246f8d0fc4ca8fbc1c4d8f855bee87301423f	python/share/terminfo/c/concept108
l	a76f3774f823f72128a4ed77f09a660fab86fab2037b4159292508124c793af6	python/share/terminfo/c/concept108-4p
l	2dd63d125a37434c4070e326748246f8d0fc4ca8fbc1c4d8f855bee87301423f	python/share/terminfo/c/concept108-8p
l	30e7a606619f29c93aeaad208f7db5a19dcf773f00d99483765e9c55d9f6d1a7	python/share/terminfo/c/concept108-w-8
l	30e7a606619f29c93aeaad208f7db5a19dcf773f00d99483765e9c55d9f6d1a7	python/share/terminfo/c/concept108-w8p
l	6023e72e08aaf4024c4592144415d54a9dbdf6629c20cce430cd2031f0cee61e	python/share/terminfo/c/concept108rv4p
f	6b03d75f3d559479720862dcf96331aa618e23c81e1ba6dbe8e1fe2e68404004	python/share/terminfo/c/cons25
f	90e9c4df466a8ca0927545cbb17b5ba61156beff8956ade40366479814641e7d	python/share/terminfo/c/cons25-debian
l	c2142c84ee9e13858e1ab8e622c929d86c24d3b67a845ecf810d5d7ba2557de9	python/share/terminfo/c/cons25-iso-m
l	6180d27085ca0e31bc46e7134132b39d4edd5091412b6b3a17acf0b3de109d06	python/share/terminfo/c/cons25-iso8859
l	c37407436b06c8dcbd777df0de4e703ebbbd20ae2922417a829ba6a971fa1aff	python/share/terminfo/c/cons25-koi8-r
l	85f117fc6e86a5f8d481ce2ee60f2ab13ae1ef1f599ad82774ec9ffbfbc11312	python/share/terminfo/c/cons25-koi8r-m
f	45f7e5135021e3f8e7caba63b7d876a7fee231ad1556b0db0d7d8c2bde2aab3b	python/share/terminfo/c/cons25-m
f	737283b0c48b363653b955cf875a841ce88f3cecd975522af305870bcef639ed	python/share/terminfo/c/cons25l1
f	3c29a87cd0ea7fb5f1374b9f551b25c13464e16af2ea129a66afd0877e68e263	python/share/terminfo/c/cons25l1-m
f	f5244428f4acc7c718716eb60482dcd34a2bfcdd48461dc21369e48865a1fccb	python/share/terminfo/c/cons25r
f	c602137280afd35b838154f46fa461a3e02961a89960962d6db8dbde9af22274	python/share/terminfo/c/cons25r-m
f	76f8f6265f666d322de3ba56e6579318589af3dc57c8588ae4df0f9480e4900e	python/share/terminfo/c/cons25w
f	b51da92457e10f1cd47d19f3e3c4089c4749681f75fe7f6af6c02276ca3b740c	python/share/terminfo/c/cons30
f	39718903c1c21c83e3de1d478e216e5625d53a13590bade7d6533ef7e4aa9125	python/share/terminfo/c/cons30-m
f	9f458306850708c5cf7fea4612559a17740a4c95ef6ec9cebe62286ebf025506	python/share/terminfo/c/cons43
f	6db9211027a5a23a291bd14b7530f67bcd05e564e47ec8777435befa026edb75	python/share/terminfo/c/cons43-m
f	4e474ba6b4c1b3996905bb36048b1fc9fdba01bced4f46396f859b1668b54855	python/share/terminfo/c/cons50
l	32f4498f097dae216d76fbe42c4b0475ea6c415205256f502abf8d6e5fcfb82d	python/share/terminfo/c/cons50-iso-m
l	5e5bec7c409658b1eef1eb99ed75890ff4b08032b9c13dc9a863beb18dc3d2b3	python/share/terminfo/c/cons50-iso8859
l	3010e50e0aece91b27e4ec7f60efdb62e8798e59cf89b8df2cd7fa801d922c68	python/share/terminfo/c/cons50-koi8r
l	30f64c95f8558f98e0f7c49749155a43b98fcff438a8358b01f8508de04f6899	python/share/terminfo/c/cons50-koi8r-m
f	9f1b5dc466753ea0d337fea68931e8e9d7f1900a6e64624656dea3d42093ef65	python/share/terminfo/c/cons50-m
f	cf2389e148c24817a0b2efbc247f3aa626e91656d6d75691ec605250b2cd6eed	python/share/terminfo/c/cons50l1
f	49a6722cf193ad050f5222447b5b226d5f0cd6e34af7861ecb0953d7b532a608	python/share/terminfo/c/cons50l1-m
f	61b6141c1dbdf3cff52b1622502ffb2d97a283f23920cdbe0db733a99dd2ae56	python/share/terminfo/c/cons50r
f	c61710b10f2c3897665aade63c3b8503d0285ad0ba5c625bebaf36d266daf746	python/share/terminfo/c/cons50r-m
f	a14d2616e777b8b3f8ecb43f70497badb961271fc34c8001b5652a41adec8cfe	python/share/terminfo/c/cons60
l	3f7a81b02640a819a8380e89c2d44a41284060bb9e0192dd0afe9c15cdef9986	python/share/terminfo/c/cons60-iso
l	59a1b78286bf1c0902e752d237ad9d7afe5138c46e24aba8dad45fab506993b2	python/share/terminfo/c/cons60-iso-m
l	dcec44c1987e4bb08cbb6e8662b6e021754aced52ee60e39fb488dea10122afb	python/share/terminfo/c/cons60-koi8r
l	18aa0abe436568135f2f3f73b8b2ca6fea53283782ff34d5accca5a4d6e54083	python/share/terminfo/c/cons60-koi8r-m
f	bf1fde60dc721e8bef23c6391ff87be95342b6481558342cb51cbb0e1e45164f	python/share/terminfo/c/cons60-m
f	5a6c6ab5d2d01c88099991225023527b913ef2e0068e45a88591f48aab8aafd6	python/share/terminfo/c/cons60l1
f	b250b7f1297fbda940a302a9a19b05f8b7ea78df51cb8212f9a2965072d14508	python/share/terminfo/c/cons60l1-m
f	cd0fc224b904424872fe0ca563928f9119be959333fec5932a4f03fbaa1ab986	python/share/terminfo/c/cons60r
f	885de5060b710a9ce55a48f06f05b85c194e26eb181b515239f6b634f59bd6c4	python/share/terminfo/c/cons60r-m
f	a9074a9f792e7543e9551d66a9723c6f2646d81f97aff921f025567a5fc17ada	python/share/terminfo/c/contel300
f	41745b9b5a1644a4a73cf64ce21cdd2cd4c801a1b1717e8cb55af012295b74e8	python/share/terminfo/c/contel301
l	2f72da54776512c4065e23c41c4655ef6839395e95fb2431d9eafe8008e13fd8	python/share/terminfo/c/contel320
l	a2f3efb858c5f40e203452dfe2a5714a6188ef76ce0cabb64d0ed326772f388e	python/share/terminfo/c/contel321
f	9691d70cd542002128212181ef31b588299b2458ab3a77457c16f85d638c9f08	python/share/terminfo/c/contour
f	cdae5511974204d65a617e056bb07564aeba691b8355f4ad3b999ce003a061ff	python/share/terminfo/c/contour-direct
l	2e1025a6f0aa4c8ef105d6e89a8fd408c34ef2297f182f51549e498810be3c61	python/share/terminfo/c/contour-latest
l	119d08812ca6c1c20fa7ae2a41761aed629076dde1721455f421bfee4d59e7fa	python/share/terminfo/c/cops
l	119d08812ca6c1c20fa7ae2a41761aed629076dde1721455f421bfee4d59e7fa	python/share/terminfo/c/cops-10
f	b90881512270716b797bba7967ce75e93ac2af5f683ff6df38e765de00c22e89	python/share/terminfo/c/cops10
f	397de9fdc7d2df761e849afdba5409ed480e40be37fe660ee39e1de8b1851816	python/share/terminfo/c/crt
l	793ff64f83b41b5d467a0d017c4cb99bc56e969a028ca7ea65a8795724f16bd1	python/share/terminfo/c/crt-vt220
f	123bba51a65adb7e665ac19d1cbe1a30d426b5ca10e4bd6ba9315ed6f67d9c19	python/share/terminfo/c/cs10
f	be688a5bc75cd8b624ff1d1c26605cc7444e4201a93977d7626f586f21e538e0	python/share/terminfo/c/cs10-w
l	52ca73bc1afd1b69e7231b540d07a2ea29a4efdadcd8a2f5dc5662e54660735d	python/share/terminfo/c/ct82
f	e1c751c2e19be94887aa395882b69e94952a40763bb163a9a94886ec3bac9707	python/share/terminfo/c/ct8500
f	7eb6694ac73df9dfe9d7332b50c54f1694aca3e11371375bae653646a84eaed7	python/share/terminfo/c/ctrm
l	1a2c05677a86248f13518c680b30e4f61eab082633623f524287c8dab984a0f6	python/share/terminfo/c/cx
l	1a2c05677a86248f13518c680b30e4f61eab082633623f524287c8dab984a0f6	python/share/terminfo/c/cx100
f	c73545688196bee20c7e2746dbb9c06bf4cb1803f215b765b1840d41951af8ce	python/share/terminfo/c/cyb110
f	87bdac010ee1845e24fb79f575f6820a468e36d7132c3583d79d7f60d6356a91	python/share/terminfo/c/cyb83
f	3e04bfdcc0764f4e28655701864845752cd3f77d0c52390637ebe588f91665cf	python/share/terminfo/c/cygwin
f	fbf17bb37146e593188d7f81f7d4ff79a72a4972ce02a046082f22600c527b69	python/share/terminfo/c/cygwinB19
f	5b26774fe9c5081f0511d2360b18b6c08b0314699c72587852fe8ef87c81036c	python/share/terminfo/c/cygwinDBG
f	66037c274359b4f8f4f345a645040c68d9e6946c948f6390dde7d63a74063c9f	python/share/terminfo/d/d132
l	ca7bf314f629667aaf102f08f56f9cdfc6c3dc2321e6aae1f0743fb08b2bcc5d	python/share/terminfo/d/d2
l	ca7bf314f629667aaf102f08f56f9cdfc6c3dc2321e6aae1f0743fb08b2bcc5d	python/share/terminfo/d/d2-dg
f	9ce42e3270eec6cfae871660d6018fd49a19db57abbc1496bf0136237e37b786	python/share/terminfo/d/d200
l	d1f9ce99db31ef42d35e5bf36651d9398fecf76ca1d501cad785ea0b89794c71	python/share/terminfo/d/d200-dg
f	9de1781cc62336e0d350b2fb3d499913dccb20782f550de524c329dd94d4522a	python/share/terminfo/d/d210
f	aae059053a190882acd1757b92c5c785eddad3b14ce0da0fe3521cadf083987a	python/share/terminfo/d/d210-dg
f	c227eebfec28048249e64f23bfd99a7ae893b510a5a8699effaddc399a26acb9	python/share/terminfo/d/d211
f	07d8fe7f15b10c81dfaff873c41fac712408d46c33d480c7c5b40e61d086a551	python/share/terminfo/d/d211-7b
f	8ff891d92fd173c9248d64610ae56649d713d347e8e243e038ee1844e010abdf	python/share/terminfo/d/d211-dg
l	3859688671d46e122ab389c87f6c7170e08944d2e6b3445421760664c61f0871	python/share/terminfo/d/d214
l	79980e855138993d3eeb6556d99e48f7e0a1fe29aa6c219ebb6f49513d0f6af9	python/share/terminfo/d/d214-dg
l	4931d4cb4e92fbc612318d36d66d825fde2abeaaec1e04eec68706ea0055dc23	python/share/terminfo/d/d215
l	bee232c820966ddcb3027dd3ebce06f1c17466f46cfbd5e7d060fc2700812f5c	python/share/terminfo/d/d215-7b
l	ee0c46550663fa849b74ceaf3d269453e806fee6b783c4abc656801ad79aef63	python/share/terminfo/d/d215-dg
l	3ffd5f741f5ef51516665e8a086f8026292afc2eaec15ac4b8c1c0e36676445c	python/share/terminfo/d/d216+
l	fca9843c15b7ab5e0c3cd224ec75d9ae0d02c3e9718c0fe2dcbf434196eb3948	python/share/terminfo/d/d216+25
l	f4140e98f5c0f6b3b4a9c2f05241b0d2c9e937b3d1edf75b316c86f58beab1a3	python/share/terminfo/d/d216+dg
f	7607ba19a6c2f7dc2600e7bfee6297f85ed1e75d01808f499a9e02f3356ee6d9	python/share/terminfo/d/d216-dg
f	f6b0730a9c130481e5f144691d693560635c2e1cdc9967a7b901047609ba3698	python/share/terminfo/d/d216-unix
f	57830d76f88f830b86d1bcb6abe946a523f6bbc83cb9dbad2b4c37885062c056	python/share/terminfo/d/d216-unix-25
l	3ffd5f741f5ef51516665e8a086f8026292afc2eaec15ac4b8c1c0e36676445c	python/share/terminfo/d/d216e+
l	f4140e98f5c0f6b3b4a9c2f05241b0d2c9e937b3d1edf75b316c86f58beab1a3	python/share/terminfo/d/d216e+dg
l	f4140e98f5c0f6b3b4a9c2f05241b0d2c9e937b3d1edf75b316c86f58beab1a3	python/share/terminfo/d/d216e-dg
l	3ffd5f741f5ef51516665e8a086f8026292afc2eaec15ac4b8c1c0e36676445c	python/share/terminfo/d/d216e-unix
l	f4140e98f5c0f6b3b4a9c2f05241b0d2c9e937b3d1edf75b316c86f58beab1a3	python/share/terminfo/d/d217-dg
f	26dac8114cccebc5cd1ce9973bdd500d529dbab07721605b601936baa1a2989f	python/share/terminfo/d/d217-unix
f	15ec109e50531f6637d785bb11cf1b49c42331f84609d26d7815e45f98162e3e	python/share/terminfo/d/d217-unix-25
f	37b3b999f0965afb96b77515b777c67b6932f56b517908f3f0e5511c79058040	python/share/terminfo/d/d220
f	16c44c5f920f6dcfb312e3e2e9174c5386d0c097169ed3e694102ab4c892750b	python/share/terminfo/d/d220-7b
f	17820e425c22558449d054a871e3383036c0cf2d6df3d24b0308df2a00bee935	python/share/terminfo/d/d220-dg
l	2008c39f089781cdfe233d65bd4b3a76f5d1b6ec620b1de4c385a19f9878e6da	python/share/terminfo/d/d230
l	bf92a7f1698a77da58215a53a3da37490ae5a4e9be5f9023824fdb8148c5ba8f	python/share/terminfo/d/d230-dg
f	96d0dd947e919881024119061214a71a122cd80092f4e43819f7f5817191e260	python/share/terminfo/d/d230c
f	1d8c87e143e67358522c9ee08f4fe30fe7447cae76145182544a22440b0aef4c	python/share/terminfo/d/d230c-dg
f	6fed5c194c0960c6801edafd81b024dd03170425d09d4e4883adfe61fd3f025b	python/share/terminfo/d/d400
l	f4d5462163104c088cb058415c40eabe7f28d6957bfaead8eb17dd80a86e16d3	python/share/terminfo/d/d400-dg
f	31154c507c028325eeadc931641b0db9ed4b1c41985a71a7564bd1774d525207	python/share/terminfo/d/d410
f	0940b70196c6f88b6301ea2161020e4f9ecde429edc5d87e07b055fe48d16c64	python/share/terminfo/d/d410-7b
f	8a59788742e42ff8030f69ecfba61854238ad79a1eea8b1b9ed6d75d76e0b66d	python/share/terminfo/d/d410-7b-w
f	7cad4fd7275bb53b326e3e13b69c1e4fcb717f263fd05d15ff4681e62d8076a3	python/share/terminfo/d/d410-dg
f	de65bc418d029981eef64c6e5aa273fdf76d4d204e8e2c1b4ccb08ca942ae8be	python/share/terminfo/d/d410-w
l	54ec309e7225949e62b995145caa05f01bac23ae49b1dce6446d7b32fb3b6878	python/share/terminfo/d/d411
l	eff91100c60892e68e9175cbd8c225ac661d0c8a8387a9626e68f72163fc9ee0	python/share/terminfo/d/d411-7b
l	6229d2e6cce0f879d57c17001d43bba77cf294bde7934347d7ad568939775bb6	python/share/terminfo/d/d411-7b-w
l	53eb4abac7bf6b13c6f0008d73ee7795d5ed215c53ef75266127c09ae1484f37	python/share/terminfo/d/d411-dg
l	95fe7ccf6dbd5880cbef4106800ad2c7e537585f2d1f97848d0562e6ea5abc69	python/share/terminfo/d/d411-w
l	400ad0d98db91d1793f76fdeb0ee573bce22edbf73d35ade40021fb58b09335a	python/share/terminfo/d/d412+
l	d9904c3b4d445ce7ba8d3ff327f50a87b05f09684aeff7db4c17d8a7160f9eea	python/share/terminfo/d/d412+25
l	75efd7d8da9a0cf9ff66c9edb04857efd9e2e7646343ec3c8a763ba65401defb	python/share/terminfo/d/d412+dg
l	adf02b2e2434415bdc312f67366c41186b3a9ac92e635e37f74ed765fe24a33c	python/share/terminfo/d/d412+s
l	cad200e2e8da740f1ca5a584089a20279bd301e1a7186df1e195b5744a12176a	python/share/terminfo/d/d412+sr
l	aacf3b1db448f7f898997a5be2c251fd02c958b968a6cffac0d479eaa49f1ab8	python/share/terminfo/d/d412+w
f	0ae4a0737f5d9a505805217dec49148b7ef05d151538b61627ffa5c92f1a7d71	python/share/terminfo/d/d412-dg
f	d242fc6edf27d1bb18ab4f21eeb7579f4dbe2e4070068299004200bbf078b1c6	python/share/terminfo/d/d412-unix
f	1c07174ab90a42f50dec4a08dbedc334ac1879761916176cfd41f2d0af75fc44	python/share/terminfo/d/d412-unix-25
f	dac6f2ac40fcaa5c76b7cb003ef7c1885c3ebf06daaead076afafff71b98122f	python/share/terminfo/d/d412-unix-s
f	70eb8e6bd70b60542622e399086d9e8494f71f3b00f556ae8adc33b058e8a657	python/share/terminfo/d/d412-unix-sr
f	184b9aa4d6138a0c59bf9970a3d17f1f7d1c9d4bfd1838610873f369668d25f3	python/share/terminfo/d/d412-unix-w
l	75efd7d8da9a0cf9ff66c9edb04857efd9e2e7646343ec3c8a763ba65401defb	python/share/terminfo/d/d413-dg
f	f9288faa235ab20d29c2214c25f90b88c81f4774261c2e81003845352c6990e8	python/share/terminfo/d/d413-unix
f	31e7e018f6c9649bce8616fcd3284843c23c853b4b56c4b152cf561c29c5fd1b	python/share/terminfo/d/d413-unix-25
f	0c5d6ff1c27a7f3c67f28b51143d6b0f55508cab2b554b7fb9ce3ddd1c3188fe	python/share/terminfo/d/d413-unix-s
f	1309210b88759e3d74b4b982b756dcec30967d23432869bc09fdba0747ce5b76	python/share/terminfo/d/d413-unix-sr
f	8e1b9ff056077806da62f3b5b3ae184972becc32fe3ba416ad84c5882ae76702	python/share/terminfo/d/d413-unix-w
f	fd8b64f147fbd06caa900c58c10bea72fd8939b52903f029816ee7f1846de28c	python/share/terminfo/d/d414-unix
f	dea666bc52c2cfb7465a8e7d3e6ac128f0b093a73b7c437e46fd4743f07600c7	python/share/terminfo/d/d414-unix-25
f	c41d64d0df8949676240dae7e351d0a4813ab0b85e29368bcfbcc4aa56a54c0d	python/share/terminfo/d/d414-unix-s
f	1bc38b73ba57b0865ba14194b97acc2daf6ffd30d3c6d47cb82008950bfde690	python/share/terminfo/d/d414-unix-sr
f	f0e32f237a3e8bf030f6e1b763cfb5a039112428e278a764ba0f2bb1b5029df9	python/share/terminfo/d/d414-unix-w
l	8bea34916d7b120004b060ad81f99a0bfa81f223037749bf9e534a6ee466ed0c	python/share/terminfo/d/d430-dg
l	b308ca59218e57f158538aa0bebc1bac7306c0769996d9bae34813fdb982898e	python/share/terminfo/d/d430-dg-ccc
l	b11c2796f7539d9e75a86c08faff462d0718472255a6ebfe7bbe91e73987dce9	python/share/terminfo/d/d430-unix
l	1c7fa3941400aac4d5a36c47240d0322efe313ca46875dc25bdb97a2f1ac926f	python/share/terminfo/d/d430-unix-25
l	e9f54ed6d3717677eec32e740e8a3e8a76035cc3ca9266e1c578292ff4533a1e	python/share/terminfo/d/d430-unix-25-ccc
l	6a1877bbe8da650eb2a12d3bef121fed3f8989c2aff974b349ae8d46db9be338	python/share/terminfo/d/d430-unix-ccc
l	3b9f14b28b11b5bb89bac36b43ae12527c108140728400af5cd84a728c4c313b	python/share/terminfo/d/d430-unix-s
l	925ac7d7cd4a586b5b2b64b4cecf2776c574e9dd391dd7bad1e4aa300fe7085f	python/share/terminfo/d/d430-unix-s-ccc
l	c5f904aedb623f5d1ab0d187cd98e94c08e66ffef53e165eb821fd45c4e334af	python/share/terminfo/d/d430-unix-sr
l	ca3ec4bbb0a711cbacb31cf40653fee68cd8e259e0d19ad485e9b178c93a29b8	python/share/terminfo/d/d430-unix-sr-ccc
l	f355a432bf5e139c5598bea653c369ee54b2566a73869792e9e7aeca560f6501	python/share/terminfo/d/d430-unix-w
l	ae4ae97cc53b9501026b2ed857ab19841567f150d98e0c12f30967d0508ee85d	python/share/terminfo/d/d430-unix-w-ccc
f	cd30f504a80324e0a46c7f6b302c289882dad9a0d87fcffc661e1c37d77494da	python/share/terminfo/d/d430c-dg
f	8173cb7bb40b5ee2ddf23ac2ca57a00583fe786740cb092053fc5496b3120b8b	python/share/terminfo/d/d430c-dg-ccc
f	1d9628a07972ab8f6aa003c7af1a1410fe46119bd21ed6a8a7d0948bba0e78f5	python/share/terminfo/d/d430c-unix
f	879526b2047dac6449a39335fc65dcc137f6c5de31c875957c22e92e983b69a1	python/share/terminfo/d/d430c-unix-25
f	ca4302bd58f335f64ecf62fc7fd1801999ecfa51a88d4c91d490d5328ff6514e	python/share/terminfo/d/d430c-unix-25-ccc
f	c4c9d955ff5f6b2bbc9ad2f025b802dcfc87bbd25b1d2f5f773af718f2c04270	python/share/terminfo/d/d430c-unix-ccc
f	e66471d57755fe7799c9566ef58313a4421a0acbac45b08918dd5cb75760cee5	python/share/terminfo/d/d430c-unix-s
f	f36934795169685588df77726d261067d9bf76241c7d547b95aea2017771451c	python/share/terminfo/d/d430c-unix-s-ccc
f	9448fe1ecd5f8d00e236c0e545affbb69fef5eef3f914d38aa4326e89fb42542	python/share/terminfo/d/d430c-unix-sr
f	4d7677bc4da742e43dbead08621016158b4262462f27752ab190a6ccea6f719d	python/share/terminfo/d/d430c-unix-sr-ccc
f	296181f9d110508438808920af105ca6cb82d06633934f40e8f8ba40eb699a79	python/share/terminfo/d/d430c-unix-w
f	8b90a1c3f99957578f8c2af8bc0faa53712eb21108af45f6802dce7e258183cb	python/share/terminfo/d/d430c-unix-w-ccc
l	f4d5462163104c088cb058415c40eabe7f28d6957bfaead8eb17dd80a86e16d3	python/share/terminfo/d/d450
l	f4d5462163104c088cb058415c40eabe7f28d6957bfaead8eb17dd80a86e16d3	python/share/terminfo/d/d450-dg
l	54ec309e7225949e62b995145caa05f01bac23ae49b1dce6446d7b32fb3b6878	python/share/terminfo/d/d460
l	eff91100c60892e68e9175cbd8c225ac661d0c8a8387a9626e68f72163fc9ee0	python/share/terminfo/d/d460-7b
l	6229d2e6cce0f879d57c17001d43bba77cf294bde7934347d7ad568939775bb6	python/share/terminfo/d/d460-7b-w
l	53eb4abac7bf6b13c6f0008d73ee7795d5ed215c53ef75266127c09ae1484f37	python/share/terminfo/d/d460-dg
l	95fe7ccf6dbd5880cbef4106800ad2c7e537585f2d1f97848d0562e6ea5abc69	python/share/terminfo/d/d460-w
l	54ec309e7225949e62b995145caa05f01bac23ae49b1dce6446d7b32fb3b6878	python/share/terminfo/d/d461
l	eff91100c60892e68e9175cbd8c225ac661d0c8a8387a9626e68f72163fc9ee0	python/share/terminfo/d/d461-7b
l	6229d2e6cce0f879d57c17001d43bba77cf294bde7934347d7ad568939775bb6	python/share/terminfo/d/d461-7b-w
l	53eb4abac7bf6b13c6f0008d73ee7795d5ed215c53ef75266127c09ae1484f37	python/share/terminfo/d/d461-dg
l	95fe7ccf6dbd5880cbef4106800ad2c7e537585f2d1f97848d0562e6ea5abc69	python/share/terminfo/d/d461-w
l	400ad0d98db91d1793f76fdeb0ee573bce22edbf73d35ade40021fb58b09335a	python/share/terminfo/d/d462+
l	d9904c3b4d445ce7ba8d3ff327f50a87b05f09684aeff7db4c17d8a7160f9eea	python/share/terminfo/d/d462+25
l	75efd7d8da9a0cf9ff66c9edb04857efd9e2e7646343ec3c8a763ba65401defb	python/share/terminfo/d/d462+dg
l	adf02b2e2434415bdc312f67366c41186b3a9ac92e635e37f74ed765fe24a33c	python/share/terminfo/d/d462+s
l	cad200e2e8da740f1ca5a584089a20279bd301e1a7186df1e195b5744a12176a	python/share/terminfo/d/d462+sr
l	aacf3b1db448f7f898997a5be2c251fd02c958b968a6cffac0d479eaa49f1ab8	python/share/terminfo/d/d462+w
l	75efd7d8da9a0cf9ff66c9edb04857efd9e2e7646343ec3c8a763ba65401defb	python/share/terminfo/d/d462-dg
l	400ad0d98db91d1793f76fdeb0ee573bce22edbf73d35ade40021fb58b09335a	python/share/terminfo/d/d462-unix
l	d9904c3b4d445ce7ba8d3ff327f50a87b05f09684aeff7db4c17d8a7160f9eea	python/share/terminfo/d/d462-unix-25
l	adf02b2e2434415bdc312f67366c41186b3a9ac92e635e37f74ed765fe24a33c	python/share/terminfo/d/d462-unix-s
l	cad200e2e8da740f1ca5a584089a20279bd301e1a7186df1e195b5744a12176a	python/share/terminfo/d/d462-unix-sr
l	aacf3b1db448f7f898997a5be2c251fd02c958b968a6cffac0d479eaa49f1ab8	python/share/terminfo/d/d462-unix-w
l	75efd7d8da9a0cf9ff66c9edb04857efd9e2e7646343ec3c8a763ba65401defb	python/share/terminfo/d/d462e-dg
l	75efd7d8da9a0cf9ff66c9edb04857efd9e2e7646343ec3c8a763ba65401defb	python/share/terminfo/d/d463-dg
l	eb18b2406e216ce06044402acb135a3e3c89c072fe060d97f6292597d34abf2c	python/share/terminfo/d/d463-unix
l	93c6e6e090169655757fd139305561f3e55fb4c1bae1c2b752fc91f6eecf85e4	python/share/terminfo/d/d463-unix-25
l	90a9bf268c1389b629db6cf8001bfb97391f43a565d14535607dc42c4e35c702	python/share/terminfo/d/d463-unix-s
l	c3c4124b60c4bdfb7bb512aba5d96348962d2de4ed772f375a9c015515680056	python/share/terminfo/d/d463-unix-sr
l	ffea35fdd4b08e01403314ca8a9db5898fbbde52c2d7964afc0a237f58c7218e	python/share/terminfo/d/d463-unix-w
l	2f2d6f273396223c06f80b573a11c2e85bf5435781e989f13c1330e89d18b820	python/share/terminfo/d/d464-unix
l	5162099d3cc9aa70d17621c8e8d8a75113b5d8bbc64cff16f4f8bb14ea190c0b	python/share/terminfo/d/d464-unix-25
l	9d2238b06a0e32c4e9191dfe619e1c48e5b221b01db7805374d8ee680e2f6737	python/share/terminfo/d/d464-unix-s
l	3814b476619a67e89cbdbd7d8c14d01ff274e60c5d8349b39886735f67a3891e	python/share/terminfo/d/d464-unix-sr
l	229240ca0d91c005cd6cc8f19ab7b41c383db7ae8b20646af9b52bb7b86da74e	python/share/terminfo/d/d464-unix-w
l	d6052c69780c81487d5aca6a56306d31fc26fc1aaa5ae1bc66b957e1429ea377	python/share/terminfo/d/d470
l	2e14cd80fa6b4c5694d5b728ca34770c01f2d2eb5bbd950e704421e6c755ddfe	python/share/terminfo/d/d470-7b
l	2fdf50e5eb34e22419ed8e517da3aa697f3b9ddce7a1fa851326739e02416630	python/share/terminfo/d/d470-dg
f	7d85dfabceec8034325d84d49f265b24ad27eb1b401befa0232c683577d02a1b	python/share/terminfo/d/d470c
f	b865d9234da69da32be4324cc4cd5d21062334e7949ba9bbbc9431a6a1e8552e	python/share/terminfo/d/d470c-7b
f	36cc89b9ac9c534bb60c6214be68d74f263c9a659b1c1e751c543f409c9512f9	python/share/terminfo/d/d470c-dg
f	1655950700404519eef420399ae5963287b752b58963ea7bf60cbc368a063bed	python/share/terminfo/d/d555
f	6f8243e857ffc0960adc6a8ea32d73e8d54acdb47a0b9e216d92dbd059e7c845	python/share/terminfo/d/d555-7b
f	48913f3bb648b7cecd8d6da76edb34b7bf4cfba6fd27bc54d0cf5032315a56f0	python/share/terminfo/d/d555-7b-w
f	e0e71ae76f190698cbe005a16bfe3533e0269a78014fa9ab57bda076ba69ffba	python/share/terminfo/d/d555-dg
f	95791c6b1d159260475a61aac286e2885e4017bfad955b05b6c4911c0fafb21d	python/share/terminfo/d/d555-w
f	46d0ece5f1bdda7c22d740365cc587ae8a7cce6e02a5a53eff27fa7c52c85da8	python/share/terminfo/d/d577
f	d9e0aff5d54de4f798e2be30baf39dd5a632a1a50810ac605792f60d9ba4e263	python/share/terminfo/d/d577-7b
f	14fe10d69b11f6088e5320676f30d83772c0cfca6fd8e16833f5ef949c491ff7	python/share/terminfo/d/d577-7b-w
f	6037cbdeee3cb59a4e5ffc711bb3b6ecbd9a0fbf355e5be3b66cfdc49a17e981	python/share/terminfo/d/d577-dg
f	b40f066bfabfa2ea93c9885ce396e6656fff177ee7db9e6242d452f40965ff4e	python/share/terminfo/d/d577-w
f	d91ad7c863a3155403a455c7c65d924d6b3fe0c0e4eb94be5a9e2938a0e27702	python/share/terminfo/d/d578
f	e367a802503ba333de15848c0cdc3dc4422366500e25ade231cc1b12013d519f	python/share/terminfo/d/d578-7b
l	041b45d2badd604e21320859ff598233b77370d539900c06cf3d2a18c782e7d8	python/share/terminfo/d/d578-dg
l	22be476fe343769521c2e8176485ff0afce3e3d4e94357449c6652666d09f33f	python/share/terminfo/d/d80
f	95a6baf0c667b3a7fbbef3c1e2da5773dc18872b43cdda0116892bfc7c86197e	python/share/terminfo/d/d800
l	7e7d66da1617f27d97b22090c2b762a96b47828835524944bd2b14ee99d69251	python/share/terminfo/d/darwin
l	672add8db1bcbb40d66fe57d2a411b0e8fc832af6ca9a63c46d0093d167c72e3	python/share/terminfo/d/darwin-100x37
l	3b23b3b09a1736e80d7c2a24acdf66be759e408c830bff0c808f0631ae63ccdd	python/share/terminfo/d/darwin-100x37-m
l	bb7d2a9f3e8d27bf717b895fdaced14a6eec4cc87d5c96ffa4f385d3b5eba397	python/share/terminfo/d/darwin-112x37
l	64e83e64868257a22e372dc9ebaaee7f7af2d4efe065a81388cdd0ec2c0c0abb	python/share/terminfo/d/darwin-112x37-m
l	e32e74165b336246ac383ea32983ff9a0bd1dc25452fd1cedb263b9b9953e801	python/share/terminfo/d/darwin-128x40
l	fac1e7c5230fbd5b8ea321fedfb455166def5e5f453b28c42e3865a26f948aa4	python/share/terminfo/d/darwin-128x40-m
l	7f72bb8d8aabe7da599236c253e1835b3d0b42e80de87561938062f00bbc3a4a	python/share/terminfo/d/darwin-128x48
l	06f948a5021b8c5c28c5d8acce3a5a5a64d4ad3d51a21c303467b3dfc3a0195c	python/share/terminfo/d/darwin-128x48-m
l	d5783acc4c2138dc82b0d68091604221945b5cf6ff6af646d708888a2e969fdf	python/share/terminfo/d/darwin-144x48
l	08cacd668ee2342162239367d755244dd4524679f8c7e9d83659aae2199a31a6	python/share/terminfo/d/darwin-144x48-m
l	976ce7ec536d0b57ec3791bf571e45305d479fdbdd5881b4fbfa8116615d9dae	python/share/terminfo/d/darwin-160x64
l	6336d4053e5a6127768f235861046c902cad2b63507b82f227c2c693e5f2b81a	python/share/terminfo/d/darwin-160x64-m
l	e765861d7d8bbb0a75bf533574bcbc9b28e68dc8c15add8ec9e2e9c2239a43af	python/share/terminfo/d/darwin-200x64
l	ecea2db21a0ed699ab28fcb95f5d54efc5ec3cf5cdfc95e4cda1d8194ff509bb	python/share/terminfo/d/darwin-200x64-m
l	c575234260e21570767aedc22ff3b817a435132299e7211b79ad4e0e0e91a541	python/share/terminfo/d/darwin-200x75
l	b12d2e7f1ce4c04362fca9a4792e855cd9d70de53cf6e53dce6a1e1ec54c9df1	python/share/terminfo/d/darwin-200x75-m
l	6994eb71f85491201c356b8eecb89095f2fe7e4ea8f77b37c882c8e2a1d6b5ae	python/share/terminfo/d/darwin-256x96
l	99003a59c87df35c04ccce9a520fef2211afd8a346a7d48d812f447256afb4be	python/share/terminfo/d/darwin-256x96-m
l	a1e0b261b5584c1d3356674fd7c7b0d747ffad6bb191408e48e5f2e9d5d63c3b	python/share/terminfo/d/darwin-80x25
l	fa7f01a0fa750ef703eb5e0c7f3b73dfe01366e1b093965c573d2adb2190246c	python/share/terminfo/d/darwin-80x25-m
l	695bc734ab2e2d2984cfc4b1edad05a9dde4346c68ffc79379126d1bfba8f699	python/share/terminfo/d/darwin-80x30
l	f2e565699db57c7047ea3a4ba782d0df39c43486fe2a54c16d9f1a2a4a0d52f1	python/share/terminfo/d/darwin-80x30-m
l	b2952176f2bbe5229226f8b90a985f10a0b8ef5f1865dd8d45661b137ada9b4c	python/share/terminfo/d/darwin-90x30
l	2f4c9778da69dc635cc197b53868342c8fb063447fd5e3b16199ffc7b45c50e6	python/share/terminfo/d/darwin-90x30-m
l	b2917b2a3ade86eff3e03726359a8565bf80aa425de1524ed01ee79994613561	python/share/terminfo/d/darwin-b
l	bd82beae46e296da053b66b3f7b34baea77f99d4bcca72dc1812e8ca123eaaaa	python/share/terminfo/d/darwin-f
l	beea67d9f4ab9ebcafa412573a15370199434899d87fce28ed97c598b40a3f7f	python/share/terminfo/d/darwin-f2
l	6699eb0d50c0308d66f79a240cb77cea4c8a5e7fed4eea30041c22ca4c2c3df1	python/share/terminfo/d/darwin-m
l	c63aed5a06b5b5cf7a3cfc90a0478e5508f9e72356d4ce83609250e42d5a492b	python/share/terminfo/d/darwin-m-b
l	90c0b0d1c454076566bb95c82a0d97f76750daf7fc6a2d80837cace09765351f	python/share/terminfo/d/darwin-m-f
l	d2e8835b873c7c8662333e5c89d4ce956b653751288b89527a8041e95914a5db	python/share/terminfo/d/darwin-m-f2
l	18bc339d3aa69f1c3df858b78b67637bb38ed12b95aa5af1915c3d163e00e953	python/share/terminfo/d/datagraphix
l	0bc555b023a5215076af0a7dcee02282534188e325ffff4a5763d34a4827f7ca	python/share/terminfo/d/datamedia2500
l	0eaf5659dcfa82d2744325e007c1a16cc100fc568f8ce55aff1d52133f400b10	python/share/terminfo/d/datapoint
l	c342648c9dc70c9ae302215bc112e6851b4110432ffebba6fb8351e550f295e8	python/share/terminfo/d/dataspeed40
l	4f4a9410ffcdf895c4adb880659e9b5c0dd1f23a30790684340b3eaacb045398	python/share/terminfo/d/dd5000
f	9648d845b0683f63f30dcb7f9375b7771db296800ba87377d13bdd1f781c4b93	python/share/terminfo/d/ddr
l	ceae8d6de886787cb850be5b99df079538466a6e756a67a1bafc9d9135800d38	python/share/terminfo/d/ddr3180
f	e7b63ffa5db63c3de353374d673b403a4646626d79b64c620225ec61db5653e9	python/share/terminfo/d/dec+pp
f	9c441c88655b6ddf4111678399af5eb12794a82f616bba2fd0632b83c13e3c66	python/share/terminfo/d/dec+sl
f	461c58496efa999bb2a5f44520cb846ae0e33e042f3a3c1700e77bd6f13e40a8	python/share/terminfo/d/dec-vt100
f	48c226fde016614426b25637211d28fe0dbcd70bf5ca2b04978639da007a9901	python/share/terminfo/d/dec-vt220
l	2668fcd6d4fa5e59dfd1a48d344fa2f9801ab530e1f8f413cdfdc6ccdf28ccb2	python/share/terminfo/d/dec-vt330
l	2668fcd6d4fa5e59dfd1a48d344fa2f9801ab530e1f8f413cdfdc6ccdf28ccb2	python/share/terminfo/d/dec-vt340
l	bf5867125ca207d19f95eefa33e022845f3f52f75a093209014604fd3745dcef	python/share/terminfo/d/dec-vt400
f	7813d4aecab6a4168944a790fc3a694f8ee1d7d377eb638791538d84ccaf9eba	python/share/terminfo/d/decansi
f	e1c85640d8d118b311b6abf931997aa362f2fcf7583906322513c1d01ccf4c04	python/share/terminfo/d/decid+cpr
l	80893fc7fe9057662d57fff3bf35a279cbca0691315759e99b82702962d0888d	python/share/terminfo/d/decpro
l	3cb1f0dfade0870a3670daae75cdb02aec0f651737a719b244ca29eab0d1b260	python/share/terminfo/d/decwriter
f	b22e9e8b5aecebf57ef5064f75ac4a855745849996024fbef6445de30cd14549	python/share/terminfo/d/delta
f	495dc7a56a502036dce655507477577a18f653e387a8fb61a930f3734d77bd61	python/share/terminfo/d/dg+ccc
f	b330579778c03d7d441ba005540645ffdf9047d262ff71736f8e03a1d0cc98b0	python/share/terminfo/d/dg+color
f	df58bab9e6585f78e71278f8c77edf5d518a5a860a72ae7baedfdc5380ba4904	python/share/terminfo/d/dg+color8
f	af528d5b5b3935560187be56e194ce91c5a11157caf8ec8682ecac24ed470482	python/share/terminfo/d/dg+fixed
l	99318d6d5fa46ac1572b807c856d0504cccb947f439052f36bb6a22f2777cfcd	python/share/terminfo/d/dg-ansi
f	3d6f91b20fe88c11a71ef46451c2794601aee37f2de1592d662ac9cdee3b561c	python/share/terminfo/d/dg-generic
l	502b958364366337874b21839d2f15daab7c128829924d7eee5c0f24f08fe886	python/share/terminfo/d/dg100
f	5c3829226d93fbe268c0ad31c82e48ec76f883635a7ba01364c203abec2e2990	python/share/terminfo/d/dg200
f	5a39578b78e868f03478efee4aba4033cfe25fb36b25dfc04e26f451220e3126	python/share/terminfo/d/dg210
f	4f43344512167c88123ae09f5115682a9e3cfb529b560dbde8cbfde431a0525b	python/share/terminfo/d/dg211
f	e679370152e998f80247cdd2cf36052ab85aef077947431fa4a1f5879b497388	python/share/terminfo/d/dg450
f	4d89a8c63075e2a3b1cad0c77aad580bea0093d19f16f3fbe0cc531093e65c32	python/share/terminfo/d/dg460-ansi
f	d242e80f0ac08d964f650692b462bb5f6b0b9ed6661e4fbfc2b6563aecdd221b	python/share/terminfo/d/dg6053
f	21e85c1599b857337c073888f9adb529851ff45793be647a273512612db6e660	python/share/terminfo/d/dg6053-old
l	ca7bf314f629667aaf102f08f56f9cdfc6c3dc2321e6aae1f0743fb08b2bcc5d	python/share/terminfo/d/dg605x
l	c008aff09c6339834f9fbbdcee4bb30a6c3d2f3639caa01c8201683499f50e5c	python/share/terminfo/d/dg6134
f	6b08d83c2a24817bd80af9b4c7eaf5288acc16fda97bc507d5dcaf70ee753270	python/share/terminfo/d/dgkeys+11
f	eda2b65f7d1861e74c7700539b51590cb1fe60ed25839a9c6b0c6f8dd996aa17	python/share/terminfo/d/dgkeys+15
f	602df69d80f16dc6174aa6bcf24e34665c013a5979836f838c312f8ea2a0bcf3	python/share/terminfo/d/dgkeys+7b
f	a4d2ea8dabf485f9b6e886b4c7c3954c69073e181efe9aa823587ac732495d9d	python/share/terminfo/d/dgkeys+8b
f	1ae2f8e0d174fe1b254c2b2dc92059d35491212b6bfef04a8062a6c4455b1b90	python/share/terminfo/d/dgmode+color
f	d758f937e9fd7191502cbb18fb79f02e90b053e5997ae5b2f356adc29a108518	python/share/terminfo/d/dgmode+color8
f	156f0677fa9fc503561eb2d31cd5caa987680d9af69633cf70418a6d9fde306a	python/share/terminfo/d/dgunix+ccc
f	6e880eb789840c115744452a28afd440899d672ae3d7c4bf2d6ff3b5f8c4738b	python/share/terminfo/d/dgunix+fixed
l	f296fcfb7c674a6fbf2b27ea2e891c69633a2985a6af3a5fdfc53372629fa271	python/share/terminfo/d/diablo
l	54f4592b73a4574a4118f3baf1d16b0cffcaf3ed256e4bdd76c7f2578f46c3b7	python/share/terminfo/d/diablo-lm
f	be7044fd6b0cefd0e8430150321437d3b5ef8e8c5407a3b14cc531fd53d800d7	python/share/terminfo/d/diablo1620
f	0dfeb55e3fed2a84cb136c6d666defb0d5d380c23ac202bf5b9b27721e38e06f	python/share/terminfo/d/diablo1620-m8
f	a1c8f12ba286afa7518b25cc0069a41c4b4e670451998f796946c1f9f2b86550	python/share/terminfo/d/diablo1640
f	65154ace68128ff3fbe26442d6567408436584d236b02b49f05db6a36b382de9	python/share/terminfo/d/diablo1640-lm
l	be4ef99f60941855a1d7643d39ed268756cea47580b82662d6ac05193ea1ef87	python/share/terminfo/d/diablo1640-m8
l	7ce69ed72f7e43aeb6011236153931c4343e2702552a192eaf97ae9adaea2096	python/share/terminfo/d/diablo1720
l	f296fcfb7c674a6fbf2b27ea2e891c69633a2985a6af3a5fdfc53372629fa271	python/share/terminfo/d/diablo1730
l	f296fcfb7c674a6fbf2b27ea2e891c69633a2985a6af3a5fdfc53372629fa271	python/share/terminfo/d/diablo1740
f	5d51a1dd334fd8a58d420bc4695eacceb0da8ffdb08b4e84a814584027f70ce0	python/share/terminfo/d/diablo1740-lm
l	7ce69ed72f7e43aeb6011236153931c4343e2702552a192eaf97ae9adaea2096	python/share/terminfo/d/diablo450
l	f296fcfb7c674a6fbf2b27ea2e891c69633a2985a6af3a5fdfc53372629fa271	python/share/terminfo/d/diablo630
l	22be476fe343769521c2e8176485ff0afce3e3d4e94357449c6652666d09f33f	python/share/terminfo/d/dialogue
l	22be476fe343769521c2e8176485ff0afce3e3d4e94357449c6652666d09f33f	python/share/terminfo/d/dialogue80
f	ac8ed7547006b857f4b45d1602fe9e981b8bdb7b0bbc5a762f5fb2d0a22e063c	python/share/terminfo/d/digilog
f	a8d6512e42d0b129ea6725fa340ea0ce91ac880e0df76b8d6e037a18b9aad5ce	python/share/terminfo/d/djgpp
f	a502e767b4e4dba68d11d0df738368d0a083d6ea9e4b4b568047b6ba0495d5b5	python/share/terminfo/d/djgpp203
f	d44484b0e8fa3b626972c1b4f945b9bd60ad9cb0d7f3e217bc53f90f93713716	python/share/terminfo/d/djgpp204
f	8ba7b82882992c27f751fa5bdb557635ea45f1848558817b2c047bdbef7b46fd	python/share/terminfo/d/dku7003
f	c4492d8a69be82cb4b43b0fbf6cc3df2bd066752953d812198cb54e5abe4de83	python/share/terminfo/d/dku7003-dumb
l	5c500265b5b62844f6d5e28cfe71155e5e088284d911d76281fb5a71dff0988c	python/share/terminfo/d/dku7102
f	2f187cba1a96733fece94ea773fead777d3897ae5d6a0d53657d77ea818e5d0a	python/share/terminfo/d/dku7102-old
l	c6e2499393373904b81339bf35171d17af11ab81f74a5b77e84499cf49abeb84	python/share/terminfo/d/dku7102-sna
l	02537a7af273feac0d7b1549b58e938c22078ae6af0cde2a3f31e8ea87776389	python/share/terminfo/d/dku7103-sna
f	d1d2927e6c01e894455995734d1322321cb0ba69c17f461e3915860fdd41e2be	python/share/terminfo/d/dku7202
f	57f7cc13d724081f9d47257613f48ef5a794cd801864be1d975c724a192511a6	python/share/terminfo/d/dm1520
l	28cc07a5544e2b04e0aac0a087c1ec9b7ae9d8aea57c607dfe84b40e2969c95d	python/share/terminfo/d/dm1521
f	eb8e0a399276c6e8a71c689fd1e8d223fe200ed3f750addf4375677b59bb103a	python/share/terminfo/d/dm2500
f	d4b54ad5d22674d54386c023854e8c3b09b6332446bfcf98031b24596648381a	python/share/terminfo/d/dm3025
f	80c4405c6eea79826b4ee1e50e225a71d0e5196414c009d054d403ea72527387	python/share/terminfo/d/dm3045
f	6227c8eebb4d611562c575b825cfebc15145b4f9b123dd832c47cea33e47cdfd	python/share/terminfo/d/dm80
f	92455854f307caf02acdbb610a7edc56ea75bba03abf9406a41f51f507fe6659	python/share/terminfo/d/dm80w
f	2736bb28e2a41fa963503c92e5d000e69b8fd7f8f1f2ea858332d9cdc4a5d42e	python/share/terminfo/d/dmchat
l	da43cef32557c4e4b63fd1104620aae97da956ff2674b64780019f285b4ef5e4	python/share/terminfo/d/dmd
l	0cabf1a58820174912bcbfee679a2ff10c1e11fb3deeb69c4b9fcf4cc6b3d539	python/share/terminfo/d/dmd-24
l	57565671c82ee4975c693bdde6af93049d3b6b6cefc9b4ebe0b1e54fc5266582	python/share/terminfo/d/dmd-34
l	7b169b67b5611198122f2131f202ffc4d527e5c63fee3ae6c943ac0b87394f7d	python/share/terminfo/d/dmd1
l	6c58ea10f73d3eb9d9f217ab2372a9ec938ab8fc516e0605a9c4d315221d70b4	python/share/terminfo/d/dmdt80
l	16e86a7802aff5d9a206052ce18d9e4b3b0527c8eb48f8ff271b3305e66d3bc3	python/share/terminfo/d/dmdt80w
f	e8c0404c084333641f33dd0011a8e39e0b65816344de77aae7fee6f73fa838a7	python/share/terminfo/d/dmterm
f	6a5bfecca4ca4c4327459b59a855df0edc20ce89988f13c4f411c727c7574bb7	python/share/terminfo/d/domterm
f	9fc887068b2cd8ab3376b849654e9f0c4abb4863ba3ce6ae3bac3ce1946e6087	python/share/terminfo/d/dp3360
f	145a4824d49444395902fbbb93dfe31406a8e95bd82b0469ab31784746f621e6	python/share/terminfo/d/dp8242
l	c342648c9dc70c9ae302215bc112e6851b4110432ffebba6fb8351e550f295e8	python/share/terminfo/d/ds40
l	c342648c9dc70c9ae302215bc112e6851b4110432ffebba6fb8351e550f295e8	python/share/terminfo/d/ds40-2
l	5e3f289acbc593eb464294559cd5402e20f5bea2e77a02cfcd2e0c0cf2d2b99a	python/share/terminfo/d/dt-100
l	5457e9f42d8ea4bc717c9958cc21b1949cd94505c9279496c0642df34ca59f6b	python/share/terminfo/d/dt-100w
f	3877f5009fbbfce74dc7cc607622c878cc9710ce19b9c290c63336202ca002a7	python/share/terminfo/d/dt100
f	03f5c72689a0d3a6a63baf3d01623e6e09f7a7bf92e440b33b0c8c6b50ffd654	python/share/terminfo/d/dt100w
f	8ad5455fcb6e59d29d9349362bacb89e3c5443690909516d7372714bc7bf767d	python/share/terminfo/d/dt110
l	6c58ea10f73d3eb9d9f217ab2372a9ec938ab8fc516e0605a9c4d315221d70b4	python/share/terminfo/d/dt80
f	56ebdd30af2825b2a2dfc11ca305b1b39251b8bf8827fa1edc575320fa7a83d1	python/share/terminfo/d/dt80-sas
l	16e86a7802aff5d9a206052ce18d9e4b3b0527c8eb48f8ff271b3305e66d3bc3	python/share/terminfo/d/dt80w
f	a92449bf2e5352977f71c8c411e8561098e31691d6222f2a2e35035c68687ab4	python/share/terminfo/d/dtc300s
f	d11a5a4f1adb5ff9a5d08b2c8a0424aff10ced87e9b342c1c348dfd4a468bf82	python/share/terminfo/d/dtc382
f	60bd664c84b2b655c19fe89490a891eca8153c8ce816608c8a168d134d676b42	python/share/terminfo/d/dtterm
f	123c85a2812a517d967db5f31660db0e6aded4a0b95ed943c5ab435368e7a25c	python/share/terminfo/d/dumb
f	191cffac59d5b3df5fa0bfd0a4f22453c49473bb8462088cec746a24d44e1325	python/share/terminfo/d/dumb-emacs-ansi
f	ed874addc9569872d0c367750d0503b519f7606dee3108afa46d3ece6b54cb5f	python/share/terminfo/d/dvtm
f	6a4e1b2af1c2e9e26d5c6d49bc5de87a665c7f8c3e20f6c0c6f3228894768a48	python/share/terminfo/d/dvtm-256color
l	3cb1f0dfade0870a3670daae75cdb02aec0f651737a719b244ca29eab0d1b260	python/share/terminfo/d/dw
f	29af98d9c82bddb8273ac0bcc90382cecefd67917940a8baa8d5d553440fad22	python/share/terminfo/d/dw1
f	e8fea9e1f97bae312961c41347d369c87d90cec8aba4a36918299ed1c9b76ed0	python/share/terminfo/d/dw2
f	b0518ccc6e8a52f6571a20678d027cf93979bb27ae2df2f668cd87cb9185f588	python/share/terminfo/d/dw3
f	06246ec9f0873add1dec5e35327eb41594e7c8be3cab7345f1336ff3e50bd9c1	python/share/terminfo/d/dw4
f	8d95bdeb698ccfcf789d6496f03b138c398141399962094043e0df5ffd933740	python/share/terminfo/d/dwk
l	9a7375fbb724576abb7592c7dbfbff9579343e2570196c176a8dfde8ab98d1ee	python/share/terminfo/d/dwk-vt
f	f0dc1e32edab7d61d23ad62c6766c1f7351602524a91d3ad08d99ccb47ef6d40	python/share/terminfo/e/ecma+color
f	626f1e452bae5621cffacf1c4dc58213a38fa4cedd283f5652d216f499baa2f7	python/share/terminfo/e/ecma+index
f	742257d00bbd0f44c6135fd461fa20095d00e98f6f48b6b5b96728545b76d7bb	python/share/terminfo/e/ecma+italics
f	48cda27222fb47c201866aff4e14fdedce6f96095f3393faeadb673ca75960a5	python/share/terminfo/e/ecma+sgr
f	5c2a214d4ae7a30bb39fa9e7225d48c675e2fbca430fffea482096a6f87b0f69	python/share/terminfo/e/ecma+strikeout
f	24f98deefaccce09eebbbac6503d4cac41b9cdde5b601db4e43d35336993285e	python/share/terminfo/e/elks
f	e593781c3c4e2f470056268ae5d935d1437b7db356428b3d66e542a71f19b04e	python/share/terminfo/e/elks-ansi
f	3610f05b2c4250483672fad3df207353444f1a3cfa4b0c01e8d0a48dfae12f16	python/share/terminfo/e/elks-glasstty
f	cbaf5c01f91ff55ed6a1e5a6558f110bf440716aa455385a358c1319e4c21ed6	python/share/terminfo/e/elks-vt52
l	ce401ae70cf98e78178e7aabfa89751e2df502ceda71c76cd358a9f76fd0004c	python/share/terminfo/e/emots
f	5424bca953abfc3180eb41ea50d7fd1c1cad640e2753004f6d126f65e622612e	python/share/terminfo/e/emu
f	2a830d7f7af215a9dfbae606ae88709050ce816b633a38c8d4eec598906fc015	python/share/terminfo/e/emu-220
f	ad0b6433b602a00ffe6ed268a596ff5ae4aacec61ccb79b7dafc07d0a72e809d	python/share/terminfo/e/emx-base
f	3ff30808043138dd6f7779bcec570d27fb9356bfe1f1a17304e617a8740bb94b	python/share/terminfo/e/env230
l	e166ec8e19280835204accbba54635ce984d80d162bbdb32f7a61a78fac5a0f2	python/share/terminfo/e/envision230
f	85a9ef104639c394bf405e2e93977731ef2d59c527f8b5c9745c488912e979f1	python/share/terminfo/e/ep40
l	2ead47252aac4822f98759ef999c8a8aa701fed979f5aa540b31cdd1abf5dea1	python/share/terminfo/e/ep4000
l	4eba17055e4b055596bce9a76418c85878e80b69bea1dd318f3ad605192bbadd	python/share/terminfo/e/ep4080
f	2fb0dd5c96705dc26be4ba7eb5d7a579b302577b4fdb45d7c739362ac04117f5	python/share/terminfo/e/ep48
f	e4b8db38aa0319bcb25375b598dbf7342056d6ded653933a2898b8b53c91bedf	python/share/terminfo/e/ergo4000
f	dc8736a2a7404a91195e33e6b028206f965f300db87ca72e7611286c429e31d7	python/share/terminfo/e/esprit
f	621ec12f3bf842f5562998fb57d07af7626e40968e75e9af963a311090c376e7	python/share/terminfo/e/esprit-am
f	d350f0814c63ce6d8d94f961919278c088e1c92879d452e402059a73c68e8fc9	python/share/terminfo/e/eterm
f	82a89280e12736ccf61b08be0856ae860c3fd3503e5d46a865cbdca3eefb9f70	python/share/terminfo/e/eterm-color
f	a0ee3a364f22a76b07031e4f4a454f9b00e7e19f37121b32db68d5c2f3220020	python/share/terminfo/e/ex155
f	7ff5dbe7632750e8bdbf027aad2cdf486e5e8de496206877d8e03108f565b943	python/share/terminfo/e/excel62
f	347bf426685a80f1659a3f88609acee63c09b1e5495c406f4610d11ada47bbfa	python/share/terminfo/e/excel62-rv
f	f7d6f2b88041ec3420eb856012a212caf030a18c9a2628a6d5c38801a1d3c4b6	python/share/terminfo/e/excel62-w
l	d6d3ce63e14d44405abcfbedda980d5e99adad5cbe886a9c637f664906b8bea8	python/share/terminfo/e/excel64
l	c62d0160cabfb628283834999e1dd48ccee48a40d6abd216da6066e32ccee76d	python/share/terminfo/e/excel64-rv
l	837760c6aafd5bf719ac500c62e2c9752bac8f70ff3e0771c55a48d9453c3b23	python/share/terminfo/e/excel64-w
l	bca3ef7be589193bb6af7ed416075e6675caae76e457850ea6924a224865de08	python/share/terminfo/e/exec80
f	7001f539d83be8e2b834fbda957d50345ec993f4494880b264fed91e8c89ca89	python/share/terminfo/f/f100
f	3ecc4a04b3201e5171ef4d87e5c4c757aa93821509bc0e8c9eac55a77b7f91f2	python/share/terminfo/f/f100-rv
f	7dd650b95ee6ae7a833d312e7d054f8ab530b8a4b99b3a05ccdf92842909d246	python/share/terminfo/f/f110
f	4615e6f68f062d3ab3a120001cc140008315ee2d2c0d73e59a197dc395172aa1	python/share/terminfo/f/f110-14
f	d4019910d0a0e98f94d954dce1e4e41a69f15edd35bd03b1d54b8c6936e4647b	python/share/terminfo/f/f110-14w
f	606fb6da282a09bc2223008683be56dd6ae830be4c3c5c01a5806f6075ee9931	python/share/terminfo/f/f110-w
f	4fab9acc086763c73b0bc037a99f0782971954dc63ca3e23d8289f4981aca6f9	python/share/terminfo/f/f1720
l	1af384584a703b7564fc0932eddfd41e7e4359346872dd4685b526d326a134ac	python/share/terminfo/f/f1720a
f	b0401af6a7d2ea50b82a9e8b061577587ab39be7452751b971cda893b7c21dfb	python/share/terminfo/f/f200
f	6eb4c78e90f34c59b4ba34e0bb21fcf1a633142801406acc57ccb334d37c2085	python/share/terminfo/f/f200-w
f	f4a4490aaf49cc6a0df887b92651cc0166cd624d5c7bcf9dd0c34954bf41f271	python/share/terminfo/f/f200vi
f	d7c4f2d51329643732f667511054e5e54e151c30e8e121ed1035b5a5db93b284	python/share/terminfo/f/f200vi-w
f	1046e05a70e3d2437ff081699616a6745df5fb37dd0d45d042bf67b8b2286a22	python/share/terminfo/f/falco
f	e3f282e088c9eafd5c6936c959cef1d089863ef926f0ee4cc47ba5d7d052c72c	python/share/terminfo/f/falco-p
f	478598b283c99ca0cd5d5776f098a312be5ab2e12ac95d71c20f33a05290f859	python/share/terminfo/f/fbterm
l	4fb8d5af0cbef3c65d50d1b57655a95d3bafa69cd901654a3b63b9683fafab15	python/share/terminfo/f/fenix
l	ab19381aa8b047db2cdfd7ea21796c2caaae50cdfffa0c3fe56fdd7bd2c7b299	python/share/terminfo/f/fenixw
l	a87bfa9214b48d6e1fa17c245906eeba45be1f710563465226b3624950df281c	python/share/terminfo/f/fixterm
f	b99114ebffb417bff5721d19736374fb93e9098678a242d94f6f765171e98b8a	python/share/terminfo/f/foot
f	87e862857b7ac5270c79980470525e70eecd6d91d255aaf3226d8569ea5f3228	python/share/terminfo/f/foot+base
f	5e8c5dbe3d46d269560d2b587141b1d7e520e2ea2bc64e501be09fd43e062558	python/share/terminfo/f/foot-direct
l	4239b67e565878bdea7caaab1fdf7b857b70b73024c85468c2ff826895fc9a58	python/share/terminfo/f/fortune
f	438a4c75f3be39ee7ce1ce2a04e9466309ea29383e744158af1b61c7877a01d6	python/share/terminfo/f/fos
f	8d7ed3509f892a570f5f56f63c485494cc124c901f832fb016e1ba23ca68b549	python/share/terminfo/f/fox
l	51609d05325a76d01ad8afff6ded5d4fd9d70fd074974ced0fa74866a9133c61	python/share/terminfo/f/freedom
l	11ab9d2e2c05ed48309beee33728f8cb15a122bc285cc2c98633f604f3cd21d2	python/share/terminfo/f/freedom-rv
l	51609d05325a76d01ad8afff6ded5d4fd9d70fd074974ced0fa74866a9133c61	python/share/terminfo/f/freedom100
l	86111fe6699613c81e38b547a8f68920a4c312f79cbea07b7c46579d8d66b44d	python/share/terminfo/f/freedom110
l	9de814a9a6751870be3f82db5f91b869abb21f2f0df501a616d3eae80d5d4a21	python/share/terminfo/f/freedom200
f	f1538bf794c070361bec2399a5b29b0d4b8544d9210f3265bcb6405fb87c7c37	python/share/terminfo/g/gator
f	b473f70a6090b51b488a127cc627e7a89a507af4372fbad1b54b28701b4958b0	python/share/terminfo/g/gator-52
f	24e1f9af15319ebc60b56d95b43a0de89a47ef26028856fd1786f82152eeba57	python/share/terminfo/g/gator-52t
f	05ad356a0aa1ae137fc6fadeacdcba29c7339cb990fe0a3d01e747aa284d16da	python/share/terminfo/g/gator-t
f	01d44aaf573f8474c8b90378709815734e2f64a9477e78d0b214ba5d4126d246	python/share/terminfo/g/gigi
f	dd2b0b9bf2361ef1b12473294126624a74beb5898a17f278763d2bec38a03691	python/share/terminfo/g/glasstty
f	9054b3a9afffd27c0fb4748f1181703168c8f0d0ce4dd0fa83af850a8672c2ab	python/share/terminfo/g/gnome
f	37169d2474d04ffc2b21795ed9025ff99896163d5cdd4a1a7ee594f6ed1a7f2a	python/share/terminfo/g/gnome+pcfkeys
f	d3e8a85b056a3b7a1eaf31e12e6037db9641d63895abd01c833d1936707e33ed	python/share/terminfo/g/gnome-2007
f	ac6cc127bb0586e87b8b6ae4dd96f7f62d91aa45025fc68e28ed2c2725a7d59a	python/share/terminfo/g/gnome-2008
f	b0ded1f4e984bf8ee9a261d43133c4bb9e79db825c4045b5170275b693f48a56	python/share/terminfo/g/gnome-2012
f	7c411676c7c6aa80510f711598786df0ef9ad986bbe9496b71d41da73734dab4	python/share/terminfo/g/gnome-256color
f	7a82ee5e298574ea95c9e030a06c9ddfade14c9e9f36c0d6ba7d424704d07c82	python/share/terminfo/g/gnome-fc5
f	8f166485c27519fc248e929e4883935f237ffcd034b70a9c2ce55902d668392d	python/share/terminfo/g/gnome-rh62
f	cc587e16e8834fb93def4268a8f2b36badf7b1c7419adee14e78251d90e73ef0	python/share/terminfo/g/gnome-rh72
f	8deaf30621274dbedbc6de43acfceb62958750341cb4482b25f18df9c81b5cbc	python/share/terminfo/g/gnome-rh80
f	96f9fa938ea206ece1e4f30efae7a9f32e7956d58409ce5e3e7a46da98f52e4d	python/share/terminfo/g/gnome-rh90
l	736fea9fc7e5846dddfdfd672b9428623d74298037e69ebd6f6adb7766fa578a	python/share/terminfo/g/go-225
f	b94d3aae46d5dda20de22e8eb492ef1ffae371aef80bffcd7d825ed0cbec186c	python/share/terminfo/g/go140
f	24f53c966f8f9a63b4ead8a4c4e28afd79d9fe0def8374dc8d391000a91dc6bf	python/share/terminfo/g/go140w
f	dd46bd95ecd8d56f6013e50a5a144ed344c745fad7aa24b8cc17478788c53646	python/share/terminfo/g/go225
f	89fcb7b03f133c195a2c844ec6761a155f1c66a4c0d3c1e790f9b221bfd7b91e	python/share/terminfo/g/graphos
f	3071a8f4379604f1b20b7ed3d34c0afc5b49281607222e64202f4b0595d52444	python/share/terminfo/g/graphos-30
l	e52ca44edb89689d8d6abac0887758f6fb5247c82b10914b9c37de39714e2009	python/share/terminfo/g/gs5430
l	1fb9fc14ac235d9244f7944c26386743f57479cd3737a6c4a44990e48b93d00c	python/share/terminfo/g/gs5430-22
l	50cf1b2802a5cc5b89fefc20c9906e5ce93cd9f49850c353215c29ac6b18a11c	python/share/terminfo/g/gs5430-24
f	0a6069347374646d1f8391184445c8d4f4edc159851acaae755bdc641000d4a7	python/share/terminfo/g/gs6300
f	2daa5d3202c7db20161299a3833fd5a84d8ceb73d2ee1f88b96e6ff7303d0c15	python/share/terminfo/g/gsi
l	c19dc2a50696856107776ef044dfc4464ed390b8a36eebba08a90ed57f0f7101	python/share/terminfo/g/gt100
l	c19dc2a50696856107776ef044dfc4464ed390b8a36eebba08a90ed57f0f7101	python/share/terminfo/g/gt100a
f	e26395306e7775bd929c1867f91312c184c9fbffe7cdf86b0a344eae7ea4302d	python/share/terminfo/g/gt40
f	362f03041fbadc4d69b13ba92c14ce591fdc5f334d4ac78de8835ad95b76051a	python/share/terminfo/g/gt42
f	f42e9c270feafe7797e16ba9fcd959690b3c85cd18e3b503699e2174ac13aca7	python/share/terminfo/g/guru
f	0896c48a43618468c73effc245d088849cd6651819167bd75a89f6ad237337f3	python/share/terminfo/g/guru+rv
f	bb192d65446b7fe17ce147b7d9bf4a64964beb36fba9ebe1bf6274f94502b762	python/share/terminfo/g/guru+s
l	298bab1136dcde8c0157190fa5374cbf36c33f79b13a7597da8027c5afe8dc31	python/share/terminfo/g/guru+unk
f	382274ae920e75950f134eb88420248ba084ee64ee25964b0637fe9be9750877	python/share/terminfo/g/guru-24
l	298bab1136dcde8c0157190fa5374cbf36c33f79b13a7597da8027c5afe8dc31	python/share/terminfo/g/guru-33
l	eb0498249a883893e9d283e04a6e9d40a92fc78f1c32657f6c0f955b74d051d0	python/share/terminfo/g/guru-33-rv
l	9eb2e72f88bc00ab2da2972155f139ab3d5298e8e6d9863c4a56c0f47f636b86	python/share/terminfo/g/guru-33-s
f	08bd93a0572a48a4d6fdd82afe0f01eff38d7608fd4fd982e29caeaaee6c3350	python/share/terminfo/g/guru-44
f	49999b4b99228ff2358a6127b7d6e727874f08b6825ddcafca62a6d37fa6cadb	python/share/terminfo/g/guru-44-s
f	c180beec333cb4cad1560dc459214d9dc520bcc3cc892643a45d6bfb48cfd97a	python/share/terminfo/g/guru-76
f	724fd2a631825c662a7862a3bf0bc94be26643250c000c38d9f51c2d0e5339e0	python/share/terminfo/g/guru-76-lp
f	f188a50f7e164b7c776d5cc7a596e4fc6d798dad96886ad107016dbe8b0819a1	python/share/terminfo/g/guru-76-s
f	ea1450334722ee1bb01cfb99adcd4bbdd72630551b894bf436ab266ec6fa70b9	python/share/terminfo/g/guru-76-w
f	be9dccfebdcfa4d09b0e0171987ebf905a78891dbe3267330502a6f2094ac6f0	python/share/terminfo/g/guru-76-w-s
f	ca3e14e489e6230cf5374046e8a86e77486d6574c2850fa83d910e77a559a7c6	python/share/terminfo/g/guru-76-wm
l	0a32cd0d0ce1c62cd8940224a2edd0aa2ee3ea8c51a38187a34355124ebdeb97	python/share/terminfo/g/guru-lp
f	29873726c0151da62306905c7e19a185988a2be04dad7b50025344ccd184ed41	python/share/terminfo/g/guru-nctxt
f	3d0e83180cd20a2715e54716ace4247473638357be646541cf0d8c8235f21814	python/share/terminfo/g/guru-rv
f	eed6ff0956157dabf00d7df23fe9dacb522dbe21965fa3d6986a90178d4c70da	python/share/terminfo/g/guru-s
l	a92305b38ea1ba89b1950cc2bc79e0433d79f190125c8e90d11888777b840fec	python/share/terminfo/h/h-100
l	935367c5668e23e549f4fb91ef14fc2692547f716bc81c422c5a36dfa5c901a0	python/share/terminfo/h/h-100bw
l	a92305b38ea1ba89b1950cc2bc79e0433d79f190125c8e90d11888777b840fec	python/share/terminfo/h/h100
l	935367c5668e23e549f4fb91ef14fc2692547f716bc81c422c5a36dfa5c901a0	python/share/terminfo/h/h100bw
f	84a7285bd3d9c5b617ad9653f18240e79fd6b342ef1e40beab9177e004d5c88e	python/share/terminfo/h/h19
f	6e7d4e0c9c0284ba9c471f353e163991faec8df6aa666d7cc1febfab60814b53	python/share/terminfo/h/h19-a
l	33d0e6c062e81c3f9f733f1223bb1f573bccd08ffdecb49fab9c4018be03fc7d	python/share/terminfo/h/h19-b
f	c3d63ac58c3ea3673a9c42e10a8d3778d5e5e227b4f75910b62d8640ff151f06	python/share/terminfo/h/h19-bs
f	55ac564f7385120d597d7c13a219642c9e00e0a06a987896f6bab7957e174463	python/share/terminfo/h/h19-g
l	229b3c4f0ae3d68fe1073f4225dd542bddc56937dd171c417fd6bc905f287a6e	python/share/terminfo/h/h19-smul
f	ac303b55ca6a502d265d05d00aa3cba630060a6b13cc1264af446180ad2c3518	python/share/terminfo/h/h19-u
f	d60192201c9d72dc0ecb4b9d51754632551ca3d1060a60f9a710950111511895	python/share/terminfo/h/h19-us
l	a165962a9835e8ef6968920f792fdf23f30df1f0fcfc29523b8a5e07ace5ca7a	python/share/terminfo/h/h19a
l	c52838eb1a133598465ac163cee0e0d2f663a7c1512a7b34e85cae18f4184475	python/share/terminfo/h/h19g
f	8491be9f45519cc66f150b70987a2887203be68866a80493f7e4d1f54b9ff361	python/share/terminfo/h/h19k
l	1cf1db170c19d8d420db0531882c9edc50c92e7aa523197dae067b7e5374c86e	python/share/terminfo/h/h19kermit
l	229b3c4f0ae3d68fe1073f4225dd542bddc56937dd171c417fd6bc905f287a6e	python/share/terminfo/h/h19us
l	373a4ca78977ceb5d5ade653bb30c3377237c75b4c3dedbc4ba62a873683dc7a	python/share/terminfo/h/h29a-kc-bc
l	76ce4cd40da9604d9318cbf1ec199265eda979e29e2362b7793ce173e621432d	python/share/terminfo/h/h29a-kc-uc
l	702f7f5f6e0a1c5853e3fb52f1ad3cd03f87560cebef777d47829c5d858cf653	python/share/terminfo/h/h29a-nkc-bc
l	69a151a15f12c172dce4e99250c757847a55939d27a831032bfaf6f6e3ec13d4	python/share/terminfo/h/h29a-nkc-uc
l	9d053755e078005ef63af6258f5a743994a11d17daca304d49dec6c3ded3fba8	python/share/terminfo/h/h80
f	07684da9f83bb92c2185fcfac38e3fbbd7d24567f2366394c30f9f6f1ebd778a	python/share/terminfo/h/ha8675
f	b649f4d8eaa4e2bbe7294b219cd846590f82da1fa29019ba185ba136d3aac7ed	python/share/terminfo/h/ha8686
f	44fd2fb38717a9f09a7969dd17ac35542aeff12f111c6a61af552ce308150359	python/share/terminfo/h/hazel
f	264a911dee44056510cf2b66cea1ce01fc59266b524ca399c6418476c0dca89b	python/share/terminfo/h/hds200
l	9d053755e078005ef63af6258f5a743994a11d17daca304d49dec6c3ded3fba8	python/share/terminfo/h/he80
l	33d0e6c062e81c3f9f733f1223bb1f573bccd08ffdecb49fab9c4018be03fc7d	python/share/terminfo/h/heath
l	33d0e6c062e81c3f9f733f1223bb1f573bccd08ffdecb49fab9c4018be03fc7d	python/share/terminfo/h/heath-19
l	a165962a9835e8ef6968920f792fdf23f30df1f0fcfc29523b8a5e07ace5ca7a	python/share/terminfo/h/heath-ansi
l	33d0e6c062e81c3f9f733f1223bb1f573bccd08ffdecb49fab9c4018be03fc7d	python/share/terminfo/h/heathkit
l	a165962a9835e8ef6968920f792fdf23f30df1f0fcfc29523b8a5e07ace5ca7a	python/share/terminfo/h/heathkit-a
l	b9ea0520cc09192f369a3fddeaa4d3f62475188b32e617f0081417867eb79b98	python/share/terminfo/h/hft
f	24d830b54cec27d7de086bf2dc8c7a6d1411bd95cc5ae09a2dfb34005e8873e7	python/share/terminfo/h/hft-c
f	bb3ac788768b200c8d64a3368f5b97b381453b96fa459836f3ef65eb333f259f	python/share/terminfo/h/hft-c-old
f	e4448e35f6ecffa4baf3eda686970e2887c89aca19170959d49a8e8b0fd15a67	python/share/terminfo/h/hft-old
f	9153806f5f3cf25a4930d8634ea2c3e822d2e66dea747d237b5e4ad705a3fef1	python/share/terminfo/h/hirez100
f	b98f74b071f2e6df66ced6918b9f7d5678cc7ae38ab4e1e049b2b462bc70dab5	python/share/terminfo/h/hirez100-w
f	7c03274b750f4a417059397a0c88ddeacf41ac5d3bc488cb49d5019e0afa5caa	python/share/terminfo/h/hmod1
l	7f67ab30efc5b38d0a5b50df3de3e89a68c71f974f5c6aaa82ec9a96fd2715ef	python/share/terminfo/h/hp
f	3022059ecfe9ee1a9dfe2adea0716707d809f9ed9079612846fc0b939d0d3ab8	python/share/terminfo/h/hp+arrows
f	fc30840070628ee41706f59b28ceb88c5382033c38f8d6757e3dd81e2a48d558	python/share/terminfo/h/hp+color
f	78f7b1a3f2f99201b524b592436bf42093ccff65d35c55dcb983854a40c74847	python/share/terminfo/h/hp+labels
f	8b2032ca70b53731e8db5c99b276d40d536c36cc0b92d5d57d5bf92d9069e981	python/share/terminfo/h/hp+pfk+arrows
f	4c486fdac6e7e02454e8c284a580f73ee02a6baf046eea4a10d48d9207219d7e	python/share/terminfo/h/hp+pfk+cr
f	2fae3d4c34710eb9e562bb97cb2e67b2852d5252e810c5ea3fecf190138bde76	python/share/terminfo/h/hp+pfk-cr
f	71014242986b9b59e54ea270600ae20089af55bf164840cc94d0bdfd9ef6c665	python/share/terminfo/h/hp+printer
f	2dc0c0f329c53068ce52d20873821c9b00dde5d99db1156c2d8becfb510702b5	python/share/terminfo/h/hp110
f	c0433dc8354b8f4f6d8e34f35fc3d747d2765e48915d6b1dd187c48549b892f0	python/share/terminfo/h/hp150
f	1f726d57e3b9fd25ed45809804e4a07ada87bb4ed41141d1674567b77dc78e43	python/share/terminfo/h/hp2
f	3283f4c6088d5bfa5354cfb7c38635f1f39d84d1516c4c7c21a36bf3ac147b46	python/share/terminfo/h/hp236
l	efdd3db53fd09124b9558d68bd2f3e54432faf0269895232a4c57e8c6d769d6a	python/share/terminfo/h/hp2382
f	a2809d44fab2c0851ad56443da0104136fc769b2ef496129af274475991fa805	python/share/terminfo/h/hp2382a
f	4699c5358ef3e6bf8c9897cb9d6ad108b8a78b55097b37e84ce52b2a8c9c49e5	python/share/terminfo/h/hp2392
l	57c38de56684b80ea11c22b6fb7af3e778b64e2bba17c86d02ae8277d33c13ee	python/share/terminfo/h/hp2397
f	06fdaf8c6162d41911403a8a68d81e4e013184a34a9a2bad0bf9db88a934ff89	python/share/terminfo/h/hp2397a
f	c60f9af6a0de5ac8a208c2bbcd31a731cad53fc5f2ced90572a6c82fecb34782	python/share/terminfo/h/hp2621
f	c4dab5526de35ac83647204a5f28771c293bf8094aaac52b7ebeb80d56552c56	python/share/terminfo/h/hp2621-48
f	359e1164ed0c83e7d0e7e8a7c2a48f076ae78e550a0589fd261f98863b14714a	python/share/terminfo/h/hp2621-a
f	65335b1a8e3308414fdf51fa2273128d42ddcdc49bfaf8d112c75eaaf746f8c6	python/share/terminfo/h/hp2621-ba
f	56fbec5b2a3fa7085fc18d9951e3248fcbf5349c96509b338d88d6bcf5d70f85	python/share/terminfo/h/hp2621-fl
f	2145cf6695c42754e213e25677fa78fa235ae804799e0fe5b4ec2e34173db86a	python/share/terminfo/h/hp2621-k45
f	3103d3e2c01e26eb6dbbd93912d207383772cda9f4b3f57bcc61dc11026f19a0	python/share/terminfo/h/hp2621-nl
f	7c3c57eb145a85eb2faa5358547f4fae4dbbe9ec3596b17d18648ee0fad8f0df	python/share/terminfo/h/hp2621-nt
l	af44fdd09c0f5354964b3cdc42d3d8932c8268fc49c954dda1c018831ff1674e	python/share/terminfo/h/hp2621-wl
l	af44fdd09c0f5354964b3cdc42d3d8932c8268fc49c954dda1c018831ff1674e	python/share/terminfo/h/hp2621A
l	af44fdd09c0f5354964b3cdc42d3d8932c8268fc49c954dda1c018831ff1674e	python/share/terminfo/h/hp2621a
l	85b172bf25c147a25b0a83cd3befa743677d197c3dab9aed282345da749a71e7	python/share/terminfo/h/hp2621a-a
f	ddaa08edd62fdfc529e995a8d082e6e4e821786e58b998f248e50204b4b6ae87	python/share/terminfo/h/hp2621b
f	cd70150caea9fa97c715f6d1851d0e2334a45dc0298af2b7086e9e40df899994	python/share/terminfo/h/hp2621b-kx
f	100aa11c4d3b568b6d55b6506a8529bf770237b35e8d80029d9f780a67964bb9	python/share/terminfo/h/hp2621b-kx-p
f	13b80739d061831eb02cdfcf15752d29f2dd6aee28ccf100b92260ad6ff354f5	python/share/terminfo/h/hp2621b-p
l	b8ccc3c56529a9ce858df572d4827bd31c68b5589a26f1b9baaad623cc34b3f2	python/share/terminfo/h/hp2621k45
f	bae87b080281d4e826f6f5c91c4cd41cb93588706e79250335a5d2705013a649	python/share/terminfo/h/hp2621p
f	41a0cbd441dcdc6efae270c34132256a18f004bc4fe2c01e3a3adebd65639850	python/share/terminfo/h/hp2621p-a
f	65a217403a8c8fe7114ecf936f2cac193b884b3c3d8745efafe4cd0137cb21e6	python/share/terminfo/h/hp2622
l	1cdbddb514084578cd96e45a2451826206c1fe38d2702ca902eb5cc4324e8aea	python/share/terminfo/h/hp2622a
f	7d57f255cb5d02602af7e4da26026e13f3733e3ff59878cc7ec52d893854bbff	python/share/terminfo/h/hp2623
l	999d27638682d77282c5a39fdcda73aad7fe1a1db9c30033ad09579542b4c83f	python/share/terminfo/h/hp2623a
f	5dbae48ea5cd6e2a974ef0b44f43c4e545c1f2dbae50be6f302379c66735d13f	python/share/terminfo/h/hp2624
f	967851cc6203ef16b612afa5c679862acb7e2413973a6e02e3ff676e21621b78	python/share/terminfo/h/hp2624-10p
l	79c75f84d244dd250379f3bd146a8c6799402c19f5b221815a6524de52fdeb13	python/share/terminfo/h/hp2624a
l	77cba4c503e65e197331ad334b935173983a8aba834fd55613ac952a82106587	python/share/terminfo/h/hp2624a-10p
l	79c75f84d244dd250379f3bd146a8c6799402c19f5b221815a6524de52fdeb13	python/share/terminfo/h/hp2624b
l	77cba4c503e65e197331ad334b935173983a8aba834fd55613ac952a82106587	python/share/terminfo/h/hp2624b-10p
f	1bd23c5dd8f4e078d0abec446edf361e5c329bb11ede89d0702cf013b1f84f5a	python/share/terminfo/h/hp2624b-10p-p
l	79c75f84d244dd250379f3bd146a8c6799402c19f5b221815a6524de52fdeb13	python/share/terminfo/h/hp2624b-4p
l	567751ce25f6e9c4ff91b41e0cf919f7f59387396204a82df6e61ae1c29abd9a	python/share/terminfo/h/hp2624b-4p-p
f	59041e69d51dfa120cf16c369c2487fd6aefd7d889d06f5c1f85847797b006d6	python/share/terminfo/h/hp2624b-p
f	5157c2dc580b45d4be8e554a963d6651ef98d80c933ae2519b018814f0cc39f5	python/share/terminfo/h/hp2626
f	5a88ac98a02d536a966bacc388443173afb5395d7f6e247f61f8e4818edc330b	python/share/terminfo/h/hp2626-12
f	e8f5fc1f86ed312cbf74c30f8fd8c761d1cb1d42673823c7243ac4930e009924	python/share/terminfo/h/hp2626-12-s
f	7323a172490e1751ee71f442779856d709ac30b582ca6e3eb3cfd81a03bd91eb	python/share/terminfo/h/hp2626-12x40
f	1d9f42ff9c2e74a5b0ae3321f8fdba9be4b2276d7753a38646163f5b13f5df6b	python/share/terminfo/h/hp2626-ns
f	3ad7ffaf9731b49f98c70484451a8c774ab0b52ffb9e611435c63b6f1d48c366	python/share/terminfo/h/hp2626-s
f	f707d3b6aec1940a7f99bef62e70d2b5b5ae5dbd1d16f11fa564110916082368	python/share/terminfo/h/hp2626-x40
l	4f47a5ec08d2c0e033b786f10445405790ce5e9bbe0881128faffef7681427a2	python/share/terminfo/h/hp2626a
l	4f47a5ec08d2c0e033b786f10445405790ce5e9bbe0881128faffef7681427a2	python/share/terminfo/h/hp2626p
f	619ea1a82f99e47791d8e704dcb885b83ed610946241b2299a7424e1d27c97eb	python/share/terminfo/h/hp2627a
f	f357a52e7784dac1f0e077d1034f3c2d46aec3da0e2dd6533c9dfefcac9a790d	python/share/terminfo/h/hp2627a-rev
f	d74ab915174c63a20da2278f8c14b4131418b4cfdcf29a9fdc045ac828b672ba	python/share/terminfo/h/hp2627c
f	e0d545ea6e4e7e86b6fd9dcbbdb582eb05c70639336191782dcf84e7bc8bc748	python/share/terminfo/h/hp262x
f	e3a339ebf2cdea573660d11d131237152b6d0cc366b8c382e58fbf346db4d59d	python/share/terminfo/h/hp2640a
f	d48bc28eb32ecaccd6802f1efcfe716ff4ae18ee1d52ca6b702cf2a5b5387240	python/share/terminfo/h/hp2640b
f	18b2eb36fd55e12de3ccc76b82b46a084b96a7ef0a240513abfddec9b1064e24	python/share/terminfo/h/hp2641a
l	d0366dc0f2952c49aa0a807383c41f54612e0f5efa21019c82ea7eba2a1c6ca6	python/share/terminfo/h/hp2644a
f	f2281be59cebab177dacd0288d7a63839d89d289e109dfabce8c5790041e5e8b	python/share/terminfo/h/hp2645
l	1963935c80d71b3eddbd59298a33e58b4268b870a92036093f02f2d9ca9c6388	python/share/terminfo/h/hp2645a
l	1963935c80d71b3eddbd59298a33e58b4268b870a92036093f02f2d9ca9c6388	python/share/terminfo/h/hp2647a
f	89fa99bdcd9ea786fe3af3f1fcbe903537c5daa032395b3016f156902d57f626	python/share/terminfo/h/hp2648
l	a0232d01ce52d8d971cc4251f54eadfb22b4e2e5c6f0967b8c0f299780ef726b	python/share/terminfo/h/hp2648a
f	feb7c36094852574e4902d96542252e5f280a10cadf5497c6594ce39fbbc9c4a	python/share/terminfo/h/hp300h
l	575ca4855c7745b1b9b4298d4c7d0cbeb120fe76b6c7fc8cf533f8c73f856564	python/share/terminfo/h/hp45
l	83c3736872c77c4ea3805f5cd0c11eca3512f4724075e02b01ee535b23df07af	python/share/terminfo/h/hp700
f	7de6720048247b8810345e7be14857d7d74d32ae91d1604288ce9aa8e69e09ae	python/share/terminfo/h/hp700-wy
f	a43410a1af8685b35113f51fc14c793e32fb066a7fa7b087fe0548b941709dc6	python/share/terminfo/h/hp70092
l	8c08e29f449cac292a5a303abf6a90dbff2b1c758e8a831e412b06be58cc3a19	python/share/terminfo/h/hp70092A
l	8c08e29f449cac292a5a303abf6a90dbff2b1c758e8a831e412b06be58cc3a19	python/share/terminfo/h/hp70092a
f	10e419e1116565d38ebf1c666986f16a3f810c3dd12a56500955e1915cea5cb1	python/share/terminfo/h/hp9837
f	b58aa01cf749df1d59a5f7580e8f6e8d79f9917889706589eee409754363f369	python/share/terminfo/h/hp9845
f	394a01c577bb5cf04bcda62f2eb89e050abcf165829d5758ae7ef86f2bc70c6d	python/share/terminfo/h/hp98550
f	fc89fdb020125bef9bca82fb0a7dbb9bb8b0e7e9830e31f88d33998546463ed7	python/share/terminfo/h/hp98550-color
l	e51f2b243b23f2654fe530227e333aa86a9e5f8127ae34cc05d71667b0092367	python/share/terminfo/h/hp98550a
l	e0ba97e45cc9e08b94dc5745d5e7e0e76827ce9091afdd613d1010287baada32	python/share/terminfo/h/hp98550a-color
l	832339c8230cd72f242fa6e9f570900fd98a7a26de1e20294d8fdfbbc5b33d87	python/share/terminfo/h/hp98720
l	832339c8230cd72f242fa6e9f570900fd98a7a26de1e20294d8fdfbbc5b33d87	python/share/terminfo/h/hp98721
f	a36f704ad76eba9ccc4154f586f222fe9bdc9179ea93b1b7a872c2e924f49c14	python/share/terminfo/h/hpansi
f	d18ee3fbccb9893aae6687ee0e1b40dacab183c8830cbc0dc32e18d408efd6b4	python/share/terminfo/h/hpex
l	fd37fed028b7eec670fbe8b261c9a49a9945279bbb72c228f6bb5ba570af2ab6	python/share/terminfo/h/hpex2
f	c52d75b56a1dc9bbbc8822a89dda5ec1c4642b5fd1c660d81529c8bb6659a389	python/share/terminfo/h/hpgeneric
f	d448c9426ed3c95b4e3ffdc57c709898ca89e88c584321ab2844bfe0bb3b9d29	python/share/terminfo/h/hpsub
f	4964f3209a14cb341ad310adaf810f69871365ef282978bb5bee102351d7b9be	python/share/terminfo/h/hpterm
f	44998cb3e457ba05f3744c77454a2a6e0a72b19fd7ff23526c0973cd790ec27f	python/share/terminfo/h/hpterm-color
f	f81599af1e502ab9427a5179aea91ce08bd9ec81d3c65901d37862946c91fa95	python/share/terminfo/h/hpterm-color2
f	d9918bac9c23649d054288ea078b8181a832f94d93872e19530da422b0b58f47	python/share/terminfo/h/hterm
f	2272c5ff7984f64fa2daee5d99b3b3568a74b4b1a8109b970d2406643ad70b87	python/share/terminfo/h/hterm-256color
l	a22ad8ef360e479e5034bd6d113c02be3d233ff6114735f7001d054c1f4b969d	python/share/terminfo/h/htx11
f	79b1d6a0b78874153c60e550e28e9f1d7bdf1d54c48a403047e33d9c177fb925	python/share/terminfo/h/hurd
f	5d19f62541989a27f97d8b0d32d3fcc5b098b0e6115ab335a5537593235ff7fe	python/share/terminfo/h/hz1000
f	a7ea272e42ac77b5710f51807d1ad2dafb69b3b47b007e7fffd62cd489cba5bc	python/share/terminfo/h/hz1420
f	d0c8443cc429849b2e842c22baaf1bcdb4a3ae41b8b1553edf67307957020be0	python/share/terminfo/h/hz1500
f	5d5392cd5e9bbc6f42b7b4da9373f81b3b1ac4c1cf795a3af23271a2f003ec2f	python/share/terminfo/h/hz1510
f	c5e1e7b4e059a9ce6dcacafcc11478899505c1ecb8d5ba563897ac4a43ec2fac	python/share/terminfo/h/hz1520
f	9bbad327e13dc59ac1a17cdfd29d1522b3c32b4d6f10b144764136491fbbaad7	python/share/terminfo/h/hz1520-noesc
f	9af8463e6c2e262464ddbac28483e8920f98356417e737cf6ee438528d383d09	python/share/terminfo/h/hz1552
f	d5b72ed0608b5d18b2a54cbbaaad1b6ec3e2fdeb288c510de51226eaa992c841	python/share/terminfo/h/hz1552-rv
f	25bb168d1f0a6e3c6c4aa8e285800568702279f83435d470d14dc3df7cef5558	python/share/terminfo/h/hz2000
f	963fba50570ce5093281a4cf73f2e52392d036aa774c877fbd3e4c75160b8e73	python/share/terminfo/i/i100
l	3b47d01aecf851d85693ef0ffd86d208e74fd7d2ff409b3e88518b17083b1817	python/share/terminfo/i/i3101
l	d247e8b2bf696eb4237759c31d77e7ad76b2860f6124f12ccee4f3bed3155986	python/share/terminfo/i/i3164
f	f02c37de9816db4b1acc714c151b415a0299525c79b8341f2bafbbf6ee303a9a	python/share/terminfo/i/i400
f	7e9a94525aff2d771ac9119418fb44b4984ca712d3e05facaced59dfc8be336c	python/share/terminfo/i/iTerm.app
f	ea7f8afcd5b0f02292d8ba1f841e927dbb80b71f5e5d2a7435be1d97ddf621bf	python/share/terminfo/i/iTerm2.app
f	56fcb67dedfb3d368367f543ae4d00a98ef2c060984e5a23a39a3bcaa3e38da6	python/share/terminfo/i/ibcs2
f	7c91a1502e70a015490cdd6e209af924fff50535f28d980ab637cbb36f77baa7	python/share/terminfo/i/ibm+16color
f	17918f83a29c0f93af9de0ead93cb99455d41e64c58d109f6f988b4614256ae6	python/share/terminfo/i/ibm+color
f	404dc1507bb0e8c20c58eb002106463b009020c772c8e7a8bda6c1114151f7a9	python/share/terminfo/i/ibm-apl
f	6b346891059a79136b392ce9fae26a69b70305b3e267edde6ce332b44c6ef881	python/share/terminfo/i/ibm-pc
f	3103bf1f9753e489d925e6cba838096ef65fe2da0f1ff0118e453879ee894fe2	python/share/terminfo/i/ibm-system1
f	7d4331083af6b27dd87286ec6cfd3a413c862566c8b542032b611eabe64da65f	python/share/terminfo/i/ibm3101
f	6b8aafa843892b5769d793e5e3fcecfd2a339678227d0aa51cab5bb4eab2733a	python/share/terminfo/i/ibm3151
f	2cdb3226e270731e2b119108a9002329270de68bfb237fcb5ca71eec53c460f8	python/share/terminfo/i/ibm3161
f	ed1a2b5310bcfa00af0f671e7d8059cb636a9564dbb92a32dea9c45777e71881	python/share/terminfo/i/ibm3161-C
f	87370552c4ab30a5a477cc04f6b89545486e1df39899f72cd1bc4c36116046ed	python/share/terminfo/i/ibm3162
l	7d131895dadbd77c22877d7be2b27bf0b24753a700abd3043254b55ad2c18b31	python/share/terminfo/i/ibm3163
f	4d2978510e0df8c757e35ffc3ebab949cd63abc81bfa8a30b20168554f4ab52b	python/share/terminfo/i/ibm3164
f	69d6f12defa7388dbc80cb61b22f591ca4a242dcbedd3cae0985b4bf5a37a004	python/share/terminfo/i/ibm327x
l	1e2456840ed4d59b8834faeeb7f7dab688d9b9bf09832ff1a210335e59cbd3a1	python/share/terminfo/i/ibm5051
f	1ab99163abe9f6e9a4f10b3bb171f5eff28e584274e036ba44b132d31fb7e8b8	python/share/terminfo/i/ibm5081
f	77fdf53be9855158956a68880ea1f46206317249f45518e3d4a9d5142f70dd8b	python/share/terminfo/i/ibm5081-c
f	a2d4ba8f1a8196afda9b6706ea7471857098d7bfb9cd4c9ee54491b80d48a50f	python/share/terminfo/i/ibm5151
f	6808b4f82425999013a7d0530bfe0ad93669bee347b65008b4224afa161e0566	python/share/terminfo/i/ibm5154
l	85880e99081865d05f851a29e8018d442e672c0c13e6b020b18b7e4f7ac777fe	python/share/terminfo/i/ibm5154-c
f	9585e75e9b203cedff52c9eb4777011a81cf2f8808e1f68984d0569fa570b6ce	python/share/terminfo/i/ibm6153
f	6438dd29e94feb04102aca7c28adf818802be51c21688fdf8760369db3575847	python/share/terminfo/i/ibm6153-40
f	dc4ce86a37d9f5e4aab288bdea8a82a8218470c4e562454cfce51b838b7d790f	python/share/terminfo/i/ibm6153-90
f	790c255c2b8d41daf46223eed00674b72738080e7e8003eed24cbf767f894306	python/share/terminfo/i/ibm6154
l	239818e52961758f5ebc008aa8a2e6462266465be2e11423d5c7079d30c992c9	python/share/terminfo/i/ibm6154-c
f	2a3a630df013897072e6c3dab1712eaba9cfc76bdf41ee421585ee89b3a1cff0	python/share/terminfo/i/ibm6155
f	dff9af463abf57441e6e33191c63f82ef7a08ad13b1682e62450038291a92ab6	python/share/terminfo/i/ibm8503
l	d168c72aa737fc4dd2969e5adc491cd3e0fbcda63a85ff1bebba5feaf46a0f7b	python/share/terminfo/i/ibm8507
f	c333e01cf13fd7f724903904c24ab7fb1515df3731ce5f9cd5fee62b66dfb21c	python/share/terminfo/i/ibm8512
l	017defe97888947b026c08019484e6ffe223ff58b3afbf4b997815437570a104	python/share/terminfo/i/ibm8513
f	1266064c175acf538b943f3d7c1f5c87fdafe5635c09eac3adb5e8b424592e26	python/share/terminfo/i/ibm8514
f	818155b3aba2ba6816451a07b25c27078bd96b50faf415f8df8954cdecb32809	python/share/terminfo/i/ibm8514-c
l	d168c72aa737fc4dd2969e5adc491cd3e0fbcda63a85ff1bebba5feaf46a0f7b	python/share/terminfo/i/ibm8604
f	101f3190d7649ea03439062ba1fd92270dd78bd55a4204669183d469c7a3edf6	python/share/terminfo/i/ibmaed
l	4ee9568018f33fbb80675e607ca65c3617516abee56073981c6d00d2438903e6	python/share/terminfo/i/ibmapa16
l	8a5b9f8ced0c752ce628b8898a0cb2988956b16a9cb7fd0ff19963c9ce0ab1c8	python/share/terminfo/i/ibmapa8
f	64d13751bcff98b23ff4af2d8886a572a5ee87b4a40f542f758cdf87ed8263d5	python/share/terminfo/i/ibmapa8c
f	06b5f7f9a40b0fd5b5d6dd56f1fd12968d9935b46500a93b66808e44bf349ea6	python/share/terminfo/i/ibmapa8c-c
f	e7791f6a5b02c8237f8ccd6250e32e4d9df5260bf76833029ecf06067c499a05	python/share/terminfo/i/ibmega
f	9cb76ffca1908209c944139599b5b51aef2bdaae66a257ba8bb35c49e5bbab2f	python/share/terminfo/i/ibmega-c
f	62bcedc21f12b382c0161ac0aeeb002166424e3db521efafb4ada14bc227be3a	python/share/terminfo/i/ibmmono
l	0974158c13beea67da9262a702de2ed251636239c314880256c8971d173ed04b	python/share/terminfo/i/ibmmpel-c
f	e27adcd30b426446b6866f425908d8167babfa9a98b65c4f197fb2d64b6180e5	python/share/terminfo/i/ibmpc
f	ea215b2de0db90217ad9b85c22380c731c00078eaad30027523432bb71496513	python/share/terminfo/i/ibmpc3
l	bd024c1761a716d947239c0d2be8f99d74ba835a131c62771faaef24b77e9390	python/share/terminfo/i/ibmpc3r
l	dd43e416868422c5b255f96f333c70d1ca5898d57e118f338a99232aebcfaeb1	python/share/terminfo/i/ibmpc3r-mono
f	d26b97ea3fd301cde4363d294faab622c3e76888069c1850ec87363d70a782b7	python/share/terminfo/i/ibmpcx
f	ecde3806022f23ca572a641a9706bdaf8c7675ac2ae2c9244167cba7b370468a	python/share/terminfo/i/ibmvga
f	c59f2e80f888d99bd8d66fd1761a98e6ddb007e5a03775aefbd08817d7d3949b	python/share/terminfo/i/ibmvga-c
l	fe0bbc0346d00b9fb1f8aa2ac95f97cd5af855107b16a71eb33e75084e7c7471	python/share/terminfo/i/ibmx
l	4f5aa07603716dd30d4196f23349e2622d930b4897966e198b2a2dc10fc1307f	python/share/terminfo/i/icl6402
f	73c704055cce2f0ca22d7261a78960383eb6f987a746c0719dcfcb5974e44378	python/share/terminfo/i/icl6404
f	1073557fb48457907ce662eafea5a4c2caedd3f4d4bde0b41d14384e3601ab7a	python/share/terminfo/i/icl6404-w
f	a32d4a028ad227f72c4ea1ef24966dbe9b756edfb874c7f76482bdd8c4e25190	python/share/terminfo/i/ifmr
f	9ad7c8030d315ec5c8b976dd1968cc8156d873b03c089d149ccd3c6244c84a83	python/share/terminfo/i/ims-ansi
f	5b8e8de4e26ad094811c8ce57c01c8f3854220d944d67b4821a27b23e6a2e645	python/share/terminfo/i/ims950
f	c54c24bd0062b043cf2191afc195ece149cb00dbc8ea81c98b56dbbf94c8c902	python/share/terminfo/i/ims950-b
f	8ad841b5591b10184050e3702b4bd4c63deaeb0ca9d24501338288c1a706a0f9	python/share/terminfo/i/ims950-rv
f	c8504aa2b9ac751d20d1f037e7a115ccb273375aad3a8d1adc22ee3afc809e4d	python/share/terminfo/i/infoton
f	2a865d6ff2c2a0261031c7459af22b001532f6ee7ca991851a1fb06c5d21d1e0	python/share/terminfo/i/infoton2
f	fc79dc51bf5ce0a78c52ca2e535e46afa5a5de9d1c59409eaecb79c02c4a912f	python/share/terminfo/i/interix
f	5b816566c7c029ef3f05ae2aa285c9f691498c7fb12b1196acd49be1dbadc118	python/share/terminfo/i/interix-nti
l	9e642de7e3b678afe51578bab6697bb2eee0b845d8c180669b277eae57e9c9ad	python/share/terminfo/i/intertec
f	d81ce93467f569e598f12f3c73b4864fd8fe550e2c7367ce2d5d728d9025f553	python/share/terminfo/i/intertube
f	8e88f7f6aa9d8222ceaa66f729c7c4d462ef2ada9a1f048f0beed853a3ef6587	python/share/terminfo/i/intertube2
f	a43e9aaf0a3e6b148878e1029fd7aeaeda5dd6b6d4c69e22d9336d879eacf47c	python/share/terminfo/i/intext
f	bd5ed441dc8e4bb44b4ccb01071f5b2a5d7929e5e8ae76c0d55336ec5978aeaa	python/share/terminfo/i/intext2
l	88b4f7028c692ae7bb5f2cb4b9eb959569a12f71f52812797dd4db72ee1ea0dd	python/share/terminfo/i/intextii
l	c3fccfb679ac5b4b58fe45b087d4a78345f3c549fedc7b2702a15277c66c45c2	python/share/terminfo/i/ips
l	8f31d8439f633b149e282941fc33975483f205fefcd19e7c9f95a9df6965d5a9	python/share/terminfo/i/ipsi
l	5c2edffac33e5c0427628736d9026bdc259294a7723c9fc159742eb7279a43fa	python/share/terminfo/i/iq120
l	41617c19a4034e39aae447bca577d33089ded672ba711d2e1d5496bc4a5fc5bc	python/share/terminfo/i/iq140
f	08f563075f3eab9ba6d200d8f48cca4e9fbd5b2270092b811e359d9c3237caa6	python/share/terminfo/i/iris-ansi
f	41da0e7eaac03dd6f0b6d2ebcdf01ee7968423665cc787d0850a7a853fe57c5b	python/share/terminfo/i/iris-ansi-ap
l	5bfd368debbb4dc9c8320e1c8eb2ffc980307158da8453da7294947a2dc341c0	python/share/terminfo/i/iris-ansi-net
f	d2fea08d3963b5aa996b9e332829bbc213ceb6c8f7279049441300f378b8394f	python/share/terminfo/i/iris-color
l	e0bcf050fef50a9f5227d2b124b8930d1f34b919974f0d1cc68c363d29c8f263	python/share/terminfo/i/iris40
l	40e05079673b052f5bb9364fd2278bb1db8afdb28675df3482524dcd85d28770	python/share/terminfo/i/iterm
l	3cca5e5fb3e0763e4856f5345d7fbcfebc0670f210b4c58ce280e36bf1fbd2ef	python/share/terminfo/i/iterm2
f	1fde862b748d0d164773b885aca7cb3012a5056f5794f4b26b4fe382e33e581f	python/share/terminfo/i/iterm2-direct
f	40ee3dabecfc7638e4088d0d6d78ae68acba0fc4c9f3a6621cceeff073b84b7e	python/share/terminfo/j/jaixterm
f	dab5431d1ef250b93e1d519c9cd792af961690bb3b88f1e5c177c05eed078570	python/share/terminfo/j/jaixterm-m
l	75cf3a5b568124ab02b6ccaa4de0ba68c2aec385cce07c8ac00aa94b7cb03264	python/share/terminfo/j/jerq
f	63a3ca80ec618cef88af16bc0808908c524bfe81f2f28be9496febbc7c1297a3	python/share/terminfo/j/jfbterm
l	4d0127ffdcfc93d620c08764de67ba5cd37230a86742907f736a1a6f56beecc9	python/share/terminfo/k/k45
f	4d29c207e674a2185733c544e4d752f1ae4e74d754fa98a4e78c04a5c28dddaf	python/share/terminfo/k/kaypro
l	28affdb6d66f01f59cc6ab8cd20dceea5fb4ee2164deb15ab89c63dd1d73913e	python/share/terminfo/k/kaypro2
l	f8643b11aba7fc8a00b5cb35f79c9af6ccb6bc9927f9f09adc525fb3a362a8c2	python/share/terminfo/k/kds6402
l	f8643b11aba7fc8a00b5cb35f79c9af6ccb6bc9927f9f09adc525fb3a362a8c2	python/share/terminfo/k/kds7372
l	3f7925ebdc77187ede577b75c0d5e3810d30529ee78159860ccc2bdcffd3adf0	python/share/terminfo/k/kds7372-w
f	045a5cd67e33a72c87c8cd8390db3ced345c2e615f1a8b80ceb7a92850fd57a1	python/share/terminfo/k/kermit
f	fbe2aeb4f845f505a236c3270ebe245a1490ee6bf948eaf73de9e2bcbbe21281	python/share/terminfo/k/kermit-am
f	565642911ab25ca8b41a6033908076232ab7bc0ebf0aa307bb4bbdc26397677d	python/share/terminfo/k/kitty
f	c041619e2dc5bce0267a426ed24678cb91a8b836cfc74e28042198c22f78ae6e	python/share/terminfo/k/kitty+common
f	bfba12fb70e69f1b0715c821ca16f368fb3bcceee32874df8d683adc9aa4ba5f	python/share/terminfo/k/kitty+setal
f	6fb90ad081b5084e73f6439a8f8a5abe0b09caf546ffe307fe493d9f8a337598	python/share/terminfo/k/kitty-direct
f	50fa978d52cb0eb4dfdc51cf9f41c153e83b6c520e64dfaa0c9e876edf4a071a	python/share/terminfo/k/klone+acs
f	b66a8d9115c45b2d05196ed876d54905538d6243ba712747d5490ca9407086a7	python/share/terminfo/k/klone+color
f	e40c557e82bb947396aa9c474f2f530efaf8a35b4cd1ba0afd43e80e36ee667b	python/share/terminfo/k/klone+koi8acs
f	0192970c92a98db0e761de8c290b1dd46c28baec4da09ae831f64dc6e0f5a1d6	python/share/terminfo/k/klone+sgr
f	ff3339bce343345461ba542c0ab4866d5894d654db7935ed209272d58f4a7cc2	python/share/terminfo/k/klone+sgr-dumb
f	af796b7ea5c313683acf47f37963b9ff420183067e5e3fca9d2cf4f3ec419264	python/share/terminfo/k/klone+sgr8
f	c4639e39b772f6f454ab1a47e713212fa92803edf0067d3120ff907b595ee47a	python/share/terminfo/k/kon
l	e34b888158c5041d4eb382b1f3f766bc498245a0ab8a74926df787f0fe860205	python/share/terminfo/k/kon2
f	52979a12034571d20c64464a5d8ddf10d05057dbfba55a351bde3312529a7ffe	python/share/terminfo/k/konsole
f	3b4fb98c041e4aa1940b109207c5c38d2fcf8c1f336ddceab2a7167ee753804d	python/share/terminfo/k/konsole+pcfkeys
f	b03f0beeabfe767ec490d1323c9c9a13fece78b83bf3153561e41fb361ef651e	python/share/terminfo/k/konsole-16color
f	d457a05758ea88838d7d91feeb1e714c036623b6db8653e9415b576b4dced0ca	python/share/terminfo/k/konsole-256color
f	0279587827b7aadab0700ca199c41986137a6af83fa614dc7ca49a3ee4fb6ff6	python/share/terminfo/k/konsole-base
f	4b210c60a6bda5b02d5f90016d1a1969e472a23e3277204546637c0149d2bccb	python/share/terminfo/k/konsole-direct
f	3ba2749220b4d12a0871f453f0d3c91b0f1d9ce4f7d083a42e409b25f69c55d9	python/share/terminfo/k/konsole-linux
f	6f87dfba6a34196298a61557eb21a3df44909ef537afefc6084de563957dcba1	python/share/terminfo/k/konsole-solaris
f	3427602c7e77b1404b973411dc0dd3de32749c76e407fb1390746dd8a3f7455e	python/share/terminfo/k/konsole-vt100
f	e7655c4acd28d299bf509c7c37295dfd29731af9937800e0d8508a9324d79440	python/share/terminfo/k/konsole-vt420pc
f	4bec6883a77e1ddf4ee31b7850e1137c58784255ebd4bd49cf856904e274fc6b	python/share/terminfo/k/konsole-xf3x
f	d3d61bc76616a44bf446dc4652047561ce437358dae69ed8fcdfc787f5aa60f9	python/share/terminfo/k/konsole-xf4x
f	777c1f8aedd3254554863b16e4acb3f8cc6c8ed8e95e8403ec62b1316cbcb73c	python/share/terminfo/k/kt7
f	725cd7513ac1e786a85afd621b9f46527328b975c00bad7f35fb646f9ac0d5c3	python/share/terminfo/k/kt7ix
f	b854cd993348e63553a1748a199f9a3989892b9147145697858851c0e7017656	python/share/terminfo/k/kterm
l	562d3715ac58b26e0badec376b2b9678227e775586283471d2287c40212cfb01	python/share/terminfo/k/kterm-co
f	0b27e53afdffe1fef353473a6c2d8a03ce145af7754d745e8f06709fc884c5c5	python/share/terminfo/k/kterm-color
l	a81bba674143e459933f2d8acb30075423d0ce16fb155811a35724c8acf59187	python/share/terminfo/k/ktm
f	5c5306dc5b90ba6a8140f29047f9801d02dd988bed8550dd7c1a88ea9f779702	python/share/terminfo/k/kvt
l	35b681080e75104aa89269ea6340cf7adb6718318c06fbaeb4e826fa6f481f36	python/share/terminfo/l/la120
l	32bcdd9970e47b4b9378ab5423a29a3d745761daa3ccfd9f11acc7477e427e73	python/share/terminfo/l/layer
f	9d096ca5252ed4d6d3bd6310b43d5f27dfecb7e1d12e91c6139c54e18ad0440e	python/share/terminfo/l/lft
l	73c1dbe53567b57878a100623cc656efa46d069314d9e85716719745b0c34a4f	python/share/terminfo/l/lft-pc850
f	b70a4941416eb703a01b5a06fd1c914880452302b0e0b2a7dea12600607824a7	python/share/terminfo/l/linux
f	14957d2574a34af800920e1d2168f3cbff7a333a31304252bf43d27ac676818b	python/share/terminfo/l/linux+decid
f	433d6fcea2cb64e4d0c662d2935b917fb7d6b978405fbb91db790faf3ae0e47b	python/share/terminfo/l/linux+kbs
f	a4ce152f2512d1cc12efed44e7b25da6fbf05d0b5ae3071dacfebac85d9e7a5e	python/share/terminfo/l/linux+sfkeys
f	b509291df48f709d11afdd7d5a2dbc2bcf3b6648a6fe8e2b26ad9ac01ea06b85	python/share/terminfo/l/linux-16color
f	be1851ebeda26701f71f21b7cfe45233136619e36f21d0da8cc7af5814fcf1d2	python/share/terminfo/l/linux-basic
f	3c21a415003e982af74c5e75db0c6530e96bfb3adaf5656f12fb9f417d739ed2	python/share/terminfo/l/linux-c
f	7d413a39369d312e3986f050d102077a30d9e16f4c568a1ded2b0ae22b41d337	python/share/terminfo/l/linux-c-nc
f	8becf99c2ba72e1eb017e6ecd3faef34ebd2df8a6924c4fe64da237b54a9eae0	python/share/terminfo/l/linux-koi8
f	ca9102f961214a561ecebd2acecaf32c3516c114ce77972e79504081843fe58c	python/share/terminfo/l/linux-koi8r
f	3aea6dc795a3012a8ffa32c3b07f20988bc183cffb6703c9f7843487be3c8bf7	python/share/terminfo/l/linux-lat
f	4f0bbf47541b2d4b0f960acce6f5fe46eaf9ef39b273048b6badf6eed6c0af36	python/share/terminfo/l/linux-m
f	23c4866fabba2a264f7954522bd50ba4aed676a48bc90f0688c0ca9c2d392f3f	python/share/terminfo/l/linux-m1
f	aea7d24af28a0b1e5eda8eead58ad8bb3228f994257e7117859c759157385569	python/share/terminfo/l/linux-m1b
f	a02884d7e544953d7a72b070d5eaa2d46919fc4266c612759b183b982b3625b9	python/share/terminfo/l/linux-m2
f	298895365f51faf704301a18e02ea78c44eda6d7a5df629323cddc25aef1ab51	python/share/terminfo/l/linux-nic
f	5d8e8c9a921fe708d55b494b218a17e4354d8deb9b642de0a2f3c7d3b973cd7c	python/share/terminfo/l/linux-s
f	ff3eabba58c5e97db1c367b01be22a1e3f1e5f1b8fd931d6e9c43174ee2be7a8	python/share/terminfo/l/linux-vt
f	926538155d1b7ec482a9a1b3081fde9b07df277a148c4385a083220a326a8de4	python/share/terminfo/l/linux2.2
f	f679b9ef20920b7569afd9c20574dc3afbd45f37fcab983547e076ada25a3554	python/share/terminfo/l/linux2.6
f	898bd0cbebc58a11035a8ea57932ea89c10d32965f033af90ed02b59073083dc	python/share/terminfo/l/linux2.6.26
f	82db030e3245bdeafcc0f51ce8a13517e41b6996631ea707354c265d0897800c	python/share/terminfo/l/linux3.0
f	9ef189438f3b81ec60819bc3774b6e527ef12b2a0eb7fbee960b517b5400cd2d	python/share/terminfo/l/lisa
f	73c50984635c37d0ff0c8347144b2291bb8c0f8000ab1469c07a836379860da7	python/share/terminfo/l/lisaterm
f	bbe7a7feb020ae1fb862e39bd60c7065a34a6d30c4f341ad30af448244684b6f	python/share/terminfo/l/lisaterm-w
f	152a8c4e6847f388bb5c309ee8ca89a86a5f602bff01f23d804a8892f24ac59c	python/share/terminfo/l/liswb
f	df7aa653affe4053e243fae27ede00486f39ded8fb19177ceaf8012c6593d4f4	python/share/terminfo/l/ln03
f	57eb98f09443d3244026eb9bd65ddcb4df1c4918c72f46ac0776466373e70dff	python/share/terminfo/l/ln03-w
f	5b954a2068feb840f2a56474deaff50a5c1c7b42b76d5f78a93f9a4d3966f641	python/share/terminfo/l/lpr
f	5efe5830fc00a70b83e8e7b04b15e719bbd0e4af5daee96d58441900567081b0	python/share/terminfo/l/luna
l	970ec274ca867815174ebe4eff19282000f9495a6c7254e94991d1fb4dc3df30	python/share/terminfo/l/luna68k
f	7ce5268e0bcb97ced61bc63a0df5394fef6063672c9d496f30d8b62b24a362ad	python/share/terminfo/m/m2-nam
f	01b25e52251098399ddcaf7f3c6c55bf156183e9550f372be6c0a5c2d6eddaa2	python/share/terminfo/m/mac
f	1fe7d9269af53b411ccadb185d91089bef6dee0958a8a5ee586d139bdb1d2a0a	python/share/terminfo/m/mac-w
f	b5ffe38aff15d130b11a3d94941dddddb7af79afa1ebf286ef9ac088b797b633	python/share/terminfo/m/mach
f	540609c739e14abb8b67eba975e9e4353f0023593f976f4609e1b04cc678b5cc	python/share/terminfo/m/mach-bold
f	55f2259139e9ca8a1a837d79b602d532061aa7b3a1ec2002a26d8b3d4c31a549	python/share/terminfo/m/mach-color
f	9f2a5b2880cb0230fc48d494584daf9adee34a9ce4248cf8b0ca314dbe464cb8	python/share/terminfo/m/mach-gnu
f	085de63724bef7a53ede2061593f9693dd992eb92f5b1b51bcb6d7cd77f8b613	python/share/terminfo/m/mach-gnu-color
l	348a629f5ceed032c3e8706ec47d9bfafb00fb4250b018dd965435ca50cb836e	python/share/terminfo/m/macintosh
l	efde82a605e97dff7a35a4a801ff9ceb414e9ebe9d3b3a337e793ad0c4e0eda5	python/share/terminfo/m/macterminal-w
f	45fa6e03478b982bfbcc4414c9d435bb0a96b5870fd65b3f96091001a869894d	python/share/terminfo/m/mai
f	432c8f3f76370e8dc77cbb441ce61d2d42901c15d7f52d231dde6e26f042fc28	python/share/terminfo/m/masscomp
f	3db6fae68d1c036bf81225998933556ec7ffac81b5f6750a734d0e5691757398	python/share/terminfo/m/masscomp1
f	43c688b22a4c017494c28878041eae2ddd9dd84016fab9f6b9cf1bbb6884a7fb	python/share/terminfo/m/masscomp2
l	5b812399fb32227bc71fd4cd0121236b7bdb87d8a2bace9541721c06c17c9912	python/share/terminfo/m/mdl110
f	1ae4baf50e4e41da61e96f766a76c7d94236e369f2a32fda85c9cb39cc44aa60	python/share/terminfo/m/megatek
f	f43709d89ecf82e1551330138c551d72b58ed49793c5af25429c4965c4cc77e3	python/share/terminfo/m/memhp
f	9fa24acde0661dd3fe7de694bab719d3fee7edfac2ddad344b0a50246d2aee4a	python/share/terminfo/m/mgr
f	ff28d167ab471472a54d10577e8e0fa87c5df418c88ddf158e32e971aa5934c8	python/share/terminfo/m/mgr-linux
f	cb2c9ed718f5a22df75d5b8de9fd45d2edf825b17cb4e78ceee425bf8396e32d	python/share/terminfo/m/mgr-sun
f	7561bedb1c70fc862645dde5caf9259fa496f8c5fdbee090fb7e96c5a1b4d851	python/share/terminfo/m/mgt
f	0346d975de368cfa7d65a971d91b47f3c5b4dbd7cbd3913cf4fb416e5bc39141	python/share/terminfo/m/mgterm
f	759bba151956b82248b0aed8358df43e7f9760d30bc439372409e1e1d861e4b8	python/share/terminfo/m/microb
l	aca061d7dc0b29b9d325fd5b77b38a39e3d529a30a324bfd2c04401770aaf7c3	python/share/terminfo/m/microbee
l	174ced2ba166cb9d2b05646a855abe994cd11d61ecfb6b77ebcb22ca2c94b515	python/share/terminfo/m/microterm
l	a9cf14eed3db1467205e39d2b77c1c3ed0139d6622e16bc7c861871f4cb3acbc	python/share/terminfo/m/microterm5
f	46d6cc0fd610b3df480fbb0d2851962a7ee96f54c3f5493e5f6536c74f694842	python/share/terminfo/m/mime
l	b4155c846406214cf985d077116c245c4e10c31faa357c10e0ea24daef14a42d	python/share/terminfo/m/mime-3ax
f	e65f92a5ff2e9032f5dde58ab112670816c236505749a3c61d1d38a84db077b9	python/share/terminfo/m/mime-fb
f	c035240b709f3942de9600afeb385644706d435c4ffe7b9bb99b899ffa720ede	python/share/terminfo/m/mime-hb
l	caadff608748403a24ec0378c47f430e1eb681f57080482aede426bb5462e765	python/share/terminfo/m/mime1
l	caadff608748403a24ec0378c47f430e1eb681f57080482aede426bb5462e765	python/share/terminfo/m/mime2
f	b9557c1e713f83b31c74dc5ed783da514a9dd609bae11b1c78810305961acc68	python/share/terminfo/m/mime2a
f	51efa838c2f3ec349aed6312fa68d1192ee9341fd5df0cadc3aaffddb8e082a0	python/share/terminfo/m/mime2a-s
l	ff7addc6e596e2318573a582c72cc77ebea837a79802f219a0d7a7a32c8d16e2	python/share/terminfo/m/mime2a-v
f	5abf7bb934b9f74745466665b9e1f42b7b0ce5eaa4715e8460aff11b68fb42b9	python/share/terminfo/m/mime314
l	d2c4de04d36f2c4c226717a03fa71d597141d4f63a6950e09319bed118323bbe	python/share/terminfo/m/mime340
f	5917d2c001be0327b8a0167861a169fe55f5706eb8f2a6a64243a8b2c9ebc445	python/share/terminfo/m/mime3a
f	8056b0b9521a40bfb86174581b2625ef16b36118609b5ced988138a768ef827c	python/share/terminfo/m/mime3ax
l	caadff608748403a24ec0378c47f430e1eb681f57080482aede426bb5462e765	python/share/terminfo/m/mimei
l	caadff608748403a24ec0378c47f430e1eb681f57080482aede426bb5462e765	python/share/terminfo/m/mimeii
l	7ab1037e077a849d9a8c6231c158b0fd5e149c447ed56a021e032fc7753a9dcc	python/share/terminfo/m/minitel
l	7ab1037e077a849d9a8c6231c158b0fd5e149c447ed56a021e032fc7753a9dcc	python/share/terminfo/m/minitel-2
l	7ab1037e077a849d9a8c6231c158b0fd5e149c447ed56a021e032fc7753a9dcc	python/share/terminfo/m/minitel-2-nam
f	dc8481ca7e9e1e32cc6638ffa20423f2b03e6d1a4d252d0e6212b7160e21eb1e	python/share/terminfo/m/minitel1
f	2c3ab41ec56c2429bfb8372e183d090a4b3a86290422108844dd67fb1aa2efd2	python/share/terminfo/m/minitel1-nb
f	0855dea48aac25c054c60c36c9f871d630aee355cf8269f977ffba3ade02e35e	python/share/terminfo/m/minitel12-80
f	030ece7cf591b8383569b012c413d11d0170a2561e19eb638b9bde5c0603b0e4	python/share/terminfo/m/minitel1b
f	79f15a3a9b569c42b96a9b7a06eb9587b987595e08e7a2bfacd98f36f0f69da9	python/share/terminfo/m/minitel1b-80
f	3ca96c4116878774108eccc2fda1f2706bcd25fcf2e8af98014658d88a3be796	python/share/terminfo/m/minitel1b-nb
f	9c9f1a8da5d2bb7f917d560f32d7899152f02f78470eeb33f1fa83b66a95bbed	python/share/terminfo/m/minitel2-80
f	9496b00b3d70e034f2edc4e13ebc7933fbac1a3a6b39f76748bc168ac6ae6fdc	python/share/terminfo/m/minix
l	8e23925acca9cb1c3d64479210b43f28ffc0d836381e903b59f2f9ddb790f074	python/share/terminfo/m/minix-1.5
f	ce24afbd101354fb9b26f383df191b73db5a1c1065d4eafb3f7d23c8db471b5c	python/share/terminfo/m/minix-1.7
f	da57ecd763272744dda39188fd76f8782884133f6951df9f6edc13b1bb1bba69	python/share/terminfo/m/minix-3.0
f	7d02875b6c4be3248997fbfbfc675fc4203a743c230c631d37b02ae9fd84422e	python/share/terminfo/m/minix-old
f	6daf57fdd0905ced54e28b7bb1ea5b28e1db56c5f5dbe05ff9b240c9af69ae78	python/share/terminfo/m/minix-old-am
f	fde0279554e793dee0d1b1479e3b486d098de961e7e88f1eee8ebd5698be7311	python/share/terminfo/m/mintty
f	5f74e1205859ac24a6bb0468f9e852a1f228c523ab60a5373cceb9b89e9f7b44	python/share/terminfo/m/mintty+common
f	7d149e519da85ec350fccc983dae5758402927643f55d9dbe30f9b51725ebd79	python/share/terminfo/m/mintty-direct
f	2fc42ece90f7717e053bc4449e52fc9fd7b0383fbce01c291993dc600263da40	python/share/terminfo/m/mlterm
f	2bde6fe4a2d787a22ed18970e63dc866ceae08bbc095b7f46c9d5b464ee28eae	python/share/terminfo/m/mlterm+pcfkeys
f	04f5334c9b0c8f684e11296c2170009006edc1ac4368f2ff9a7e0f3e263a1f9f	python/share/terminfo/m/mlterm-256color
f	c46eff649f7a4afee09865b18909d9e193901ec11f42e2f1cfd134f5cf504b76	python/share/terminfo/m/mlterm-direct
f	3a3d71ba5882fac3c1fd0eb2697145a3d29f9685d2505ab360cc419739d81585	python/share/terminfo/m/mlterm2
f	4dcbca5bf82f12ba57abde1fafd8ac8c45a274824f978f807fa0c2b1e4716e0a	python/share/terminfo/m/mlterm3
l	40d9ee3f0b1cb89cd3ee99b1ef32a29659cd5e79f669315d6fa31a549d022559	python/share/terminfo/m/mm314
f	12169e2ff3b05160392e08c5841a79c05e4783b6fdccb2d7b8a8e117b0ef67f9	python/share/terminfo/m/mm340
l	5575553bcda2f821e5b044f0923da5e147fa80f3c6d6c28e47f5fbf01b3b0218	python/share/terminfo/m/mod
l	0ae48ff38bbe426f726dcf9d3ce724fe7deeb1c2a2ab196a3b5c4c5aaa76c85c	python/share/terminfo/m/mod24
f	02bcf2537526355483490f3fe1f5d9ea48fad958bac7e32bfb562b886a1c31c5	python/share/terminfo/m/modgraph
f	22ea83d717a5c3b727701a230457f1bc56231eef50ef55709f6e4487075257ef	python/share/terminfo/m/modgraph2
f	1e6650aaf1364bc121500b3c50f3742cd74709bdfe6ce88a25ada77e86c4f362	python/share/terminfo/m/modgraph48
f	cd4ebb4bb98499e99804c6688205af63ef9a6087d1370a86005b4cd9cf8fa432	python/share/terminfo/m/mono-emx
f	55c77d1531b53b1fb2556b8606d307f2fdcabbf3bca09cf3bca51cc496a384ed	python/share/terminfo/m/morphos
f	e5d71856114050b2eb44e10f9dfbc3f4b1448a9a6ed8c517867b20f22a61acdc	python/share/terminfo/m/mosh
f	53f9d6294e9f2455f6486c24f63fcca3691d591ad22a0463e90935296b280832	python/share/terminfo/m/mosh-256color
f	e68becedad5ed1a4a5b65b2627faa740d30a938994d3b6edfe63fb10c7dea35b	python/share/terminfo/m/mostlike
l	ac4540b604af7a8a0636e240a0a48c82b51fe1e8bf56b1d7fbcec5013b23eebe	python/share/terminfo/m/mouse-sun
f	235c0d641f490b2b7f35bd60520702bb9f19e3ead7a18059764f5ac88e29e778	python/share/terminfo/m/mrxvt
f	58b5113217004fe104881239ad114e5fc62520c425b7e2c0c66847eb5685ae55	python/share/terminfo/m/mrxvt-256color
f	9aa9e563297ee9121395706d0565a48950def2c170de28bf560775e907d69fe7	python/share/terminfo/m/ms-terminal
f	b14b8734f8a82f31c480c521b4e12376d7324ac66c37a29491f7eb69cb868a18	python/share/terminfo/m/ms-vt-utf8
f	f59c0330ee2aa7a1315082d98269a4edbfa17c842f7d652189afdad8d2e86dee	python/share/terminfo/m/ms-vt100
f	f98c2a3609d21212cf5f561531ab2841f22128bdca34257d75f06c1a6999a32c	python/share/terminfo/m/ms-vt100+
f	9de9f3dc74a5ffdbb9d7053aeec5cd716a9fb024f319556dbb04c949e3b2bc88	python/share/terminfo/m/ms-vt100-16color
f	dc4350466e3583f4295fde77eeeab6784c876c2e58dea61063bffd0a0a2d2b6c	python/share/terminfo/m/ms-vt100-color
f	beef5b75526cd1c9e205ae891ee29654103cc96be0c191768ddb41ea1edb4af6	python/share/terminfo/m/msk227
f	5e7310a50464baad4fe8812501474e05acaf0bae4c42443692dbff151c420b7b	python/share/terminfo/m/msk22714
f	67133df77a507cc21a7e9ca133c7f0c2f788db7cc5d1a5070db6a1173a57369e	python/share/terminfo/m/msk227am
l	49be3a61d2ccbbb5bdf137caf77704a223f804543279ec82d0006a43c50ad44c	python/share/terminfo/m/mskermit227
l	82d7f86cd0c2ef5091ac489d48320564988b96b27acfdaea01ad77842694c71b	python/share/terminfo/m/mskermit22714
l	b05ca052d624bd50be9e99eced4d43c9291dc900c22b0e052135876b2069a63a	python/share/terminfo/m/mskermit227am
l	fec852c4715be7c04b732cfad6fce2a6993509962f0444054c975977e8198fc7	python/share/terminfo/m/mt-70
f	c019b22b71c0163a2c740ee9689959d50d648c975d14f07eb6b5b312d3646c97	python/share/terminfo/m/mt4520-rv
f	1e547b16ae5d5e2f413fb53272f7801231fbce2d43f66d529e3e61ea50578893	python/share/terminfo/m/mt70
f	cd8e2abb7fdc5c069221d6c117057029492be932c6da3b7d820cd36c7c74b2be	python/share/terminfo/m/mterm
f	1c2f67449c3abd7cf1b6a850ed23af708a3deaa098c2d9d4b6178d7ad12623b8	python/share/terminfo/m/mterm-ansi
f	e056fe8cd46678dc852c7a09650314ce8a9b506070a39ef447fed1786686e76e	python/share/terminfo/m/mvterm
l	812e8cd31145ac7a1f51a3c1ad1d5881124d3ae3b5baa3c82c9242d4ccb3972d	python/share/terminfo/n/n7900
f	9164978cd990bb562e83c4321ae39935b5f71ab90e8a5fbbf17edc91aeefff97	python/share/terminfo/n/nansi.sys
f	f9984616563ead6cfe14f97107af9a58ef06618f1e786a98c16878c4d0e05d10	python/share/terminfo/n/nansi.sysk
l	6779ac5d12f3b9bc6ee1db8810630be64b17dc33391daf0b9a53569fb844758d	python/share/terminfo/n/nansisys
l	79675cc85ef9fcdcf55fa349b0da74f7c86ae25f6652b65056612d6b45c1d5c5	python/share/terminfo/n/nansisysk
f	44c376a877d038af1cf202e5eca75d2bbe7c3e5373915dfc7a297c4c6acafd89	python/share/terminfo/n/ncr160vppp
f	3972272bc7882850b7d1f5051c8e3fc70172d9bf355e235145dc24d1ec9e34d3	python/share/terminfo/n/ncr160vpwpp
f	7f4c6c63c70cb594f5743cc6226e400ae1d46a20aea3caa4f7aefd93c918bb1a	python/share/terminfo/n/ncr160vt100an
f	f760e5e430e3b43d9bc5dcee6cfc63cd90883aa7e903cba57b131f3a6394ee3c	python/share/terminfo/n/ncr160vt100pp
f	2f69a1105973212c624ee049d125a64093c82d029956be9d35d23aa91b698b31	python/share/terminfo/n/ncr160vt100wan
f	69f569a0195169a5bd3cac0e74e19596a15eb85e416a2bd88526426c7f49dc40	python/share/terminfo/n/ncr160vt100wpp
f	a029f09dd29b5ac3204908a32610edace53a0a8adf7a0ac7aa5d84146dd67b1b	python/share/terminfo/n/ncr160vt200an
f	015e860b7da0df1e7e77d39e022bf8d8e24fbf2fa9005a2738ca9fc67a16e641	python/share/terminfo/n/ncr160vt200pp
f	bad91ec411a111a11015b345c980b802cfeb5d27b5d7dc109211c5e6e42f6c9b	python/share/terminfo/n/ncr160vt200wan
f	a1d084d93a0c3a2f395748a9b776cab7b4611c2ab9aa5b246c444693123b0565	python/share/terminfo/n/ncr160vt200wpp
f	5af68765514d427cfb53df3635dae3b35d44d7a557c79ceb366b7fe0c2448ca5	python/share/terminfo/n/ncr160vt300an
f	9c87724d7f46bbb8bdd9d093d7c0a285307a7543b4bb4af6164cd85210bd8a6b	python/share/terminfo/n/ncr160vt300pp
f	2f9117efda960636ae5d7ab1c5b69cce80dbb3b38d1a70f57861cb1fea4cd482	python/share/terminfo/n/ncr160vt300wan
f	71f2cc221f72c366f2986ecb7561f722dc1fa8abe77de8f6eecd60895b672b31	python/share/terminfo/n/ncr160vt300wpp
f	fbe8500523ecc777b3b0254bf9c01b60d4afd8753c2da22379846db94d774017	python/share/terminfo/n/ncr160wy50+pp
f	0ff64c3321e95e8b78c066645361f28f1933e4e0162d74b822cc392513cc26df	python/share/terminfo/n/ncr160wy50+wpp
f	4367347163a998ff4b7ce6cc2c84db86672e2800757dde85695225822320c3a9	python/share/terminfo/n/ncr160wy60pp
f	6e6141ce4319b81aa4f106ead9741a200d56501b620fd880bf08965cf21f692d	python/share/terminfo/n/ncr160wy60wpp
f	ea1510c6cb68acd19da369969c20c7bd469ff57c23983c1bd753641e20753e63	python/share/terminfo/n/ncr260intan
f	98de6b7f8de991b2de9515d330f515e5dce70369dc051f64ca8ef49f19c3d524	python/share/terminfo/n/ncr260intpp
f	fa9215c1ac27f211cb8dc1f87a412d7f036a07bf8598cdffdc5c0398d5ef8d90	python/share/terminfo/n/ncr260intwan
f	603261593f308f268bd8435de6b0a0af1081d69e0a7bfd883e067f61b3661300	python/share/terminfo/n/ncr260intwpp
f	4c2bd313a9cf59b34d0c57c5ab0033254f9a5911bbdc9372fc1aa8c3fdbd3d1c	python/share/terminfo/n/ncr260vp+sl
f	a4d011f9472c6d0b5bf9c96bd82e2a2e51e5a34df7631611bafc96ab878ce07e	python/share/terminfo/n/ncr260vppp
f	7744d0aca61198121f11674e2e1a1f71031155ef51dab2ff822a30418a7fe9f6	python/share/terminfo/n/ncr260vpwpp
f	8cc81844385dcc1c9aadf20174a866b5938cc4a9ba8721a1830ba900c2e7003d	python/share/terminfo/n/ncr260vt+sl
f	85feee18f0f54f00db8fa72006ed9832c212a318f7c05f691990fc70da4c7c88	python/share/terminfo/n/ncr260vt100an
f	50c5277cb0ca2f26a18dde69370d16b45c07cde0e0317aab533c1b183377891c	python/share/terminfo/n/ncr260vt100pp
f	dc999fc274694c945e4055c05d372aee0bb72e587400cb85f0c5e9eff0780429	python/share/terminfo/n/ncr260vt100wan
f	ee14b38e0c55e00dd62e650b6350cc26e26ab33e325767f501ae8906d1566759	python/share/terminfo/n/ncr260vt100wpp
f	c2ac80667b29194148d2753503a0bb05990a002a96c467081a7aa1565307a947	python/share/terminfo/n/ncr260vt200an
f	53f23c7302ad8092ac79978a04b476615b2966dcc204b4f9d3022112570830cd	python/share/terminfo/n/ncr260vt200pp
f	97305fe9fca4657d5c6a96c68fb7be3e3f8ddc41f6e7d3c7adc865843f753e60	python/share/terminfo/n/ncr260vt200wan
f	785285de017a761db9d6fd603c578a79892cfd23c9b046bac4de4fb01589ee96	python/share/terminfo/n/ncr260vt200wpp
f	f6ab4c50c53b01191244af30c2df9f1665969b390f566cfbf2e19b31a91bae9d	python/share/terminfo/n/ncr260vt300an
f	55540791f0221e4db0deeaf47e5879c60693623eecb6ecadd02164212ba0ae56	python/share/terminfo/n/ncr260vt300pp
f	e1dd73653fa0fc8e8543635fc90efc94cdc1bf1c8eaf75d0a5f326806c27fe80	python/share/terminfo/n/ncr260vt300wan
f	58968550e6fec57b87b956feb41b70a010f2ac35579045cc0b66f1f4371f01c3	python/share/terminfo/n/ncr260vt300wpp
f	2a74472fb8352020ef0054b7b55d1529d4c7e041b608217c895e300296294f8b	python/share/terminfo/n/ncr260wy325pp
f	cad1dcf58ac7d0979653f18a45684984b6e6932e5dcfa303a438700b38e28da1	python/share/terminfo/n/ncr260wy325wpp
f	803b7d81890ebda00d6f97ae135c902aa214013eef68e0c9448c0b4fb2105262	python/share/terminfo/n/ncr260wy350pp
f	f2f7d8e32c61f8bda729a3cd0aa0be996d30962582d6be224213f59fe2dd6486	python/share/terminfo/n/ncr260wy350wpp
f	f3809690923582e13ce023cd38cd2e88de0e4124033c5faff9c765ac35d3ea32	python/share/terminfo/n/ncr260wy50+pp
f	c64d68eb9d097f4825e9f5bea13b1cf5d714cec6957fff0b168be278d52dda4f	python/share/terminfo/n/ncr260wy50+wpp
f	3130f1254158dc5bd819ea3ae7088a8d4f416c3ced129e9b9def0c717f611d02	python/share/terminfo/n/ncr260wy60pp
f	6c43f535421c6899bb170caea102dcefbf2eca50762e9d61503f13b379c049d5	python/share/terminfo/n/ncr260wy60wpp
l	812e8cd31145ac7a1f51a3c1ad1d5881124d3ae3b5baa3c82c9242d4ccb3972d	python/share/terminfo/n/ncr7900
f	8c127f751e6ad5a65e9a659d07d19778e2599ee16129f2b59e7d5ba552992106	python/share/terminfo/n/ncr7900i
f	b5cbc7ab7f983c65df484eb558ca2713025a69c0696044ecd187c023ef24dc67	python/share/terminfo/n/ncr7900iv
f	3194cefce07d8e0cb9e2a5d1cfeb0741ca846fa9e2dd9c4d8a5f363e3725549e	python/share/terminfo/n/ncr7901
f	448ec32543586bec3e6a81bf8a06ae1545627d02d2838af4b79ad57be53bc3ea	python/share/terminfo/n/ncrvt100an
l	d8f061cc7b0c15e1da7018562634f01ed8a5bb1c8c95af49df493a8c88ceabca	python/share/terminfo/n/ncrvt100pp
f	f0d65694177cbf905049c78ea268fa5f8eb2b449f20bacb108f5596a0c0e927d	python/share/terminfo/n/ncrvt100wan
l	a416e7aa673fdb261ddcfd064a04613f8e09747605f417318b09e4ca01d702b2	python/share/terminfo/n/ncrvt100wpp
f	b03fb84620256b3f08476eb6fe2f07a58b8df6f4cef7e4bfb1717bec3ff0b5eb	python/share/terminfo/n/ncsa
f	944727878f24611037b552e57a445b5c11eff36cf37362075e8de8038b8992d2	python/share/terminfo/n/ncsa-m
f	717b47cec9bb1b9bafc9922b9610ba02cf921624622b6854b6756566a0e33396	python/share/terminfo/n/ncsa-m-ns
f	fafbf9553868d86be93e383d7e956e7d2e1c35cbbf5946418bdf0e50a6e8d412	python/share/terminfo/n/ncsa-ns
f	4a43cbf891e1e50262a3e1a726127cf1446446f910cad0089300abc581184ffc	python/share/terminfo/n/ncsa-vt220
l	8e97e06fa3c82989fc5f915269c2cc47c9c0970d33a47d02dbb3c09f0c63a840	python/share/terminfo/n/ncsa-vt220-8
l	4f46fa8df57608116a6dd06973329b8b41dbfc2f8a06b36b082c16ad5939e112	python/share/terminfo/n/nd9500
f	25f6a9bb24538d2fef419dbb5f5fd0ab449600523c2dbbe34582dc71fe03818c	python/share/terminfo/n/ndr9500
f	3b9aea0c1a033d1d6392335fa362110a6b5eafacd1976fa9b242631e6ea73217	python/share/terminfo/n/ndr9500-25
f	5fad88663012cb988590325b86059169f5fab58b01a3aa965f63b6df9584e558	python/share/terminfo/n/ndr9500-25-mc
f	8e6f0ce62d79ff270617902a795d0e75557fc9c3b8095322c09590482510f9cf	python/share/terminfo/n/ndr9500-25-mc-nl
f	b34c2d23b6d3ee13a32a3cf2bd217d0e91c32fd2295021a61c7daa0383e3efe6	python/share/terminfo/n/ndr9500-25-nl
f	31e1e3cf08b04fc4f64182d1123bd4a38ad46e9b757f1f4bd40ed7bc8adcbea1	python/share/terminfo/n/ndr9500-mc
f	eb05a365168977ffb61e211e5a241ecc73efe1953023c4978ebec388d4ae1330	python/share/terminfo/n/ndr9500-mc-nl
f	8c5b0a05d869aed12f14769eb8cb92f52eaace002b2868524ab59050fe31e7eb	python/share/terminfo/n/ndr9500-nl
l	b989910386e4ab6098aa4c236ff9a148b27b6a65fb0a7d9868e72457977dc021	python/share/terminfo/n/nec
f	48b69b6af615651ef536deee6c5ca8176a25a6f6bfd05786c494f19fbc093010	python/share/terminfo/n/nec5520
f	bb0b593b5347083730ce35fc006bd80e3bdb939a752e957f41efccabba70e792	python/share/terminfo/n/netbsd6
f	3c53a0810d7480ff7257324b9acf96eada874abcbfea1db5190808b785e795b6	python/share/terminfo/n/newhp
f	b12d7e129200986d48721a2d02786c8d0a244d93ddac6fd292f182ff185697ad	python/share/terminfo/n/newhpkeyboard
l	828724b888e018dc59d9a917c17163561fb0a79095fe4654a3e0ba1a452a1a35	python/share/terminfo/n/news
f	a83f12e0b872a9b68f0c5dd55dd5bb29ad85e6b121150fdd80c8461b4aecbeb5	python/share/terminfo/n/news-29
f	b0a4d2a11db0d585d586fd9c0ee9a74f464d9f3b3540358c9b955b1b8a0713a4	python/share/terminfo/n/news-29-euc
f	730999a89892bc88add297e60ea415e792befaa89b4d08d33546a5f0979131b3	python/share/terminfo/n/news-29-sjis
f	4926b09ac22664850ab507a1eda60ae664f82b1b673cb667385525d19eb0caf4	python/share/terminfo/n/news-33
f	04687580f41919da726de45638f68ae1b10db9ab535b42f48a2dff593ed134fd	python/share/terminfo/n/news-33-euc
f	d0a8a4967b2d48b022200b7107afd3aa1e18f9d66c952b582e1b6d11a4f05cf1	python/share/terminfo/n/news-33-sjis
f	eeb048d76cb32184e34fe31c5c878d2a7bbc5c2e153e8abf64448eb649dc00da	python/share/terminfo/n/news-42
f	3b6c5089cbde125072e6839532eee1d95650f1724180ab613bb214f5821f449d	python/share/terminfo/n/news-42-euc
f	5ffa3a341ff8bb609c7026fa1fe731bf3416af6906c001551ba55c78f3c2caf3	python/share/terminfo/n/news-42-sjis
l	1a3edef89a5a5868d6e488f8691514d1b25fbde5546881082f3c35c99cc4a904	python/share/terminfo/n/news-a
l	828724b888e018dc59d9a917c17163561fb0a79095fe4654a3e0ba1a452a1a35	python/share/terminfo/n/news-o
f	4887c41c08de5322dbd301e6e38738cf297ca9ad1c1521f1bc0cbb07e7ba6614	python/share/terminfo/n/news-old-unk
f	32ae00753b8cbbc485715d1571b95bbbec6832fc55e03eff970ee36b41a912de	python/share/terminfo/n/news-unk
f	5a0460e37b65dfc705b5888070f472c83ce711da565fa36e34af53d0c247b33a	python/share/terminfo/n/news28
l	1643ba40b0f435ec9dce435ebf002a3f8c8ab2f769159f9495c20e02f6f10dc3	python/share/terminfo/n/news28-a
f	22649c9e1db2164dcdf573805f227c6cbce9501c09d69c661c98ff22a0be591e	python/share/terminfo/n/news29
l	a6ecac98781bf00839a8d992eea1cd18404470cbeadcba1c9407bb1d3417ee84	python/share/terminfo/n/news31
l	698c5ebd2c7c8dfbacfbb2bf4cb3405491b29bbaaadb9925c63a01695c8a7795	python/share/terminfo/n/news31-a
l	a6ecac98781bf00839a8d992eea1cd18404470cbeadcba1c9407bb1d3417ee84	python/share/terminfo/n/news31-o
l	698c5ebd2c7c8dfbacfbb2bf4cb3405491b29bbaaadb9925c63a01695c8a7795	python/share/terminfo/n/news33
l	828724b888e018dc59d9a917c17163561fb0a79095fe4654a3e0ba1a452a1a35	python/share/terminfo/n/news40
l	1a3edef89a5a5868d6e488f8691514d1b25fbde5546881082f3c35c99cc4a904	python/share/terminfo/n/news40-a
l	828724b888e018dc59d9a917c17163561fb0a79095fe4654a3e0ba1a452a1a35	python/share/terminfo/n/news40-o
l	1a3edef89a5a5868d6e488f8691514d1b25fbde5546881082f3c35c99cc4a904	python/share/terminfo/n/news42
l	a6ecac98781bf00839a8d992eea1cd18404470cbeadcba1c9407bb1d3417ee84	python/share/terminfo/n/newscbm
l	698c5ebd2c7c8dfbacfbb2bf4cb3405491b29bbaaadb9925c63a01695c8a7795	python/share/terminfo/n/newscbm-a
l	a6ecac98781bf00839a8d992eea1cd18404470cbeadcba1c9407bb1d3417ee84	python/share/terminfo/n/newscbm-o
l	698c5ebd2c7c8dfbacfbb2bf4cb3405491b29bbaaadb9925c63a01695c8a7795	python/share/terminfo/n/newscbm33
f	958a9d2eb2b0994c116a3c0cf007d3d3044f8988efa47f12744091761b622ccb	python/share/terminfo/n/next
f	d765df32105ec954a58ed6dacc62b9eea9e68aa0c57dcadb35159fbe36b6e417	python/share/terminfo/n/nextshell
f	834e53d399e051a7adc8f1c74653f46ffb20b28c35d8c4dbf31f8067bc2dffce	python/share/terminfo/n/no+brackets
f	2782a1251c4e324f297759fc525a6f7f1aa76b5fdfe5697b34627efb275e3bb2	python/share/terminfo/n/northstar
f	80eaee0fc098ddee570016ef5491f514b5d401ac21db29287402367817213cc4	python/share/terminfo/n/nsterm
f	d4ec173c58bd8320a734cad554f71132b7e4f98805e9c651867625e13b4396e8	python/share/terminfo/n/nsterm+7
f	dc3f00847c6dfbcaddee85c8304a04c45815cf2e3eeab17f86387f22ce044fca	python/share/terminfo/n/nsterm+acs
f	740a55c4927ce4e1bd589615df871c5977509e58c7442940c4bf33d696ba329a	python/share/terminfo/n/nsterm+c
f	67e9a82179cc639da1965c4970213b01d374646e71a8a5340449e8365e7e4857	python/share/terminfo/n/nsterm+c41
f	3941163dbc2016fde7ba5aec1795289c46db508e66c843fc97969774ad31dcbb	python/share/terminfo/n/nsterm+mac
f	aa608ff176164cb7a78a852d85e73969faf6a0a9fb7ab7b3b6d89946da31bec8	python/share/terminfo/n/nsterm+s
f	57d4bca0bd666e90113b2b7940b364f937f9f922ff5f8632f3cc79fa9c051bda	python/share/terminfo/n/nsterm-16color
l	72c25905880faf21b80a5f2e5a0d364e08ea20d212236bb12c589a7e8983bcdd	python/share/terminfo/n/nsterm-256color
f	363b604534e29f3d1d2b87977b188b0822c2d4e47fa297e1b78a276bacd01296	python/share/terminfo/n/nsterm-7
f	3f90ebb8bf75f73dca0f872995ef3e9cabc7b656e24fe60c98fa8f8f035896e8	python/share/terminfo/n/nsterm-7-c
l	108eb4efdd83f70d46100691dadfc20c61e57eba099e99a402417f518f9b60ac	python/share/terminfo/n/nsterm-7-c-s
l	3df653536d91681f4fbcca36e0bb58e6c9bee2c0c793a2e68538d09660774aa5	python/share/terminfo/n/nsterm-7-m
l	5afcb232ec1f60bf2d4447f538d2bba7fa5b6680a2be940388289d30c0009863	python/share/terminfo/n/nsterm-7-m-s
l	48100c5c568e7294b10843b930dd7c06b1004aed669d6b45bfec77a2cd8afc74	python/share/terminfo/n/nsterm-7-s
f	8bcfcf75c446f4ec48946aef9d10228ff485895d9bfbd5c10a3d064179a0b915	python/share/terminfo/n/nsterm-acs
l	9b79d7b873cea4281593b1fa0fba69c32dfbc537a443fb51197c47952bdb20cd	python/share/terminfo/n/nsterm-acs-c
l	576d4c93632ed1c0eb7e63b00dafaccf85da1623145ff4bbe8918948d4758e24	python/share/terminfo/n/nsterm-acs-c-s
l	bd311dcbcbab95d5642fd2b0be15ce7541ea696386b8cc4608eb3da5f3df24ca	python/share/terminfo/n/nsterm-acs-m
l	8e11e649089a463bf5b5cb5c949dc17d9c9ec5e32471e8bd48136cc477e935b7	python/share/terminfo/n/nsterm-acs-m-s
l	6a78a185873426db69cf46b7918ff8d4b58a1c9a0a0666b2891eb393c30700e2	python/share/terminfo/n/nsterm-acs-s
f	2e3c6be4c5d184e0001e6784a98826db1ae8598ad54cb0f84830662eb45fd2d6	python/share/terminfo/n/nsterm-bce
f	1421923fabec5c645aa91d8df2a5f14d511167eabfba9a94afe2ea92b527996c	python/share/terminfo/n/nsterm-build309
f	b945aecc3cdfc79db2ea24f65186c301bc7676753d012f58103f0ca50b6602f7	python/share/terminfo/n/nsterm-build326
f	9077644ca55086390e647b744db1a0223165ef7c47cb01d86c038e635ed6a2f1	python/share/terminfo/n/nsterm-build343
f	9933f42e949d0c496fc8c3df0ba734533c63bbf62b36fcf13ec49a59c904aa2e	python/share/terminfo/n/nsterm-build361
f	aaefb343c700925a2262d5d0094e8c61a8cc4b701bc6ceaff457a2f7cbe12c05	python/share/terminfo/n/nsterm-build400
f	c3a4f5b97f83002493f64eacd0329db8ef472729e1ad92b711baafdf541727e2	python/share/terminfo/n/nsterm-build440
f	f6f6707284adf0153ba419b842b7d3011b2c7e97faa13a9e4f81558bb0da6220	python/share/terminfo/n/nsterm-c
l	485cb6b539f32649cdd06912d7e171354c59eb3aab8edd61bfc7cc3942b19403	python/share/terminfo/n/nsterm-c-7
f	71a7b41c5c536bdbf1eba8d9f08ed8831558ea99c8659a9b193b107b921cbf60	python/share/terminfo/n/nsterm-c-acs
f	6bc078c51adb0d959d34bec559a0ec957cf446b9a84084d6813dba859c380e18	python/share/terminfo/n/nsterm-c-s
f	61aa3babe4337da60c27aad337d99755c4bcea2a6088f252b37399eaa768ff11	python/share/terminfo/n/nsterm-c-s-7
f	63cf1bf5e4948e5d1163b42d782679bdbeb3b07a581417149b3f87434dd5878f	python/share/terminfo/n/nsterm-c-s-acs
f	9c1bfd52f351b0112c082f2472e68e697539cd93c1eac1d44f2af467bf73dc03	python/share/terminfo/n/nsterm-direct
f	e47f33105a399864ddb47f8ad64f4a668a230645280a6aaba9431b09f22235f1	python/share/terminfo/n/nsterm-m
f	e6ad93c836aba135601f3678f5c8de209869cbd30a4f7409753070f975ed1151	python/share/terminfo/n/nsterm-m-7
f	5713755aac43f0a13bd42fb550606febe5efe827649e27178bba855339283af7	python/share/terminfo/n/nsterm-m-acs
f	f444b5670ae533a60a95dee9e7f89b56509d0adc264027f93e300945370ecf7d	python/share/terminfo/n/nsterm-m-s
f	0504009616601abd7bb23219f9f821711501da7f6a0c29a54fd75d25a862c9a6	python/share/terminfo/n/nsterm-m-s-7
f	d0de8bb0850b86bebec0db5cbd77da8a22f1add08a2dd534b209a83efb939180	python/share/terminfo/n/nsterm-m-s-acs
f	250e2b21b3a13f436d82a643ff99d842f2d9e1c0fd540e28b7d7e997857fd66a	python/share/terminfo/n/nsterm-old
f	4a695ab53c30ecd9286c2d79d446ab7afda213a4131c06c7b1f479acb3a8c2d0	python/share/terminfo/n/nsterm-s
f	eb3795aa9067b34f1d247eea93c046589d8d4b7585ab6dbbc44a7cdbffacf8fb	python/share/terminfo/n/nsterm-s-7
f	cbf487de9eee6857c080177e05e6a53c80385440cb000cb47cbdc0aed0ba2605	python/share/terminfo/n/nsterm-s-acs
l	2410c14f201a10776228145d8dd161605c946202c05ba774601c5788e1a753ae	python/share/terminfo/n/ntconsole
l	38711b9ee86c004271c2fc95af36f9f0efa8cd0d900c8c9db14daa6189f9e0ed	python/share/terminfo/n/ntconsole-100
l	407c41bf50b228a2e48fa1266faec94636c1e16d985a825eaa1ba1c7c4354683	python/share/terminfo/n/ntconsole-100-nti
l	2410c14f201a10776228145d8dd161605c946202c05ba774601c5788e1a753ae	python/share/terminfo/n/ntconsole-25
l	9f4b0ef62a5975fa740d143ef9ed9ab3c20ffbc920821f6d4b42f0046e230775	python/share/terminfo/n/ntconsole-25-nti
l	5ea0c572139b044a051462cf59d407b9a070cadecdeee00e789163c3497b96e4	python/share/terminfo/n/ntconsole-25-w
l	61699a11153e7895b19540587e4d48936c5545f0eea40157ba0f0bb549dd4a56	python/share/terminfo/n/ntconsole-25-w-vt
l	90513892352856c971215d1b325e7d9ffc93f8195473da061b9e7d4da3912637	python/share/terminfo/n/ntconsole-35
l	9395e0fb6f57333dfc2ff4667f3c135d3a427724d06d404a73c4616072c81480	python/share/terminfo/n/ntconsole-35-nti
l	c7dfc79098ff4ce584c692c16e46590b8df88dc9cf43f627091565d1173a4b61	python/share/terminfo/n/ntconsole-35-w
l	f8de771c38f2ff5e54b3a64482326350235b71f6d6a41e3f6c4700f30110f76a	python/share/terminfo/n/ntconsole-50
l	6b36899151bc277805c9a627f26194fd8ef0c9840478d6927c5da91de89d48d2	python/share/terminfo/n/ntconsole-50-nti
l	2f831ac440586e960a238578a61b1f5f6351c1e287392dab1b727057e7e488f9	python/share/terminfo/n/ntconsole-50-w
l	e7dc0e2c38aec9765e45949f0b1a3ebe9629c7735d1f83d6e012d595ccae9f3f	python/share/terminfo/n/ntconsole-60
l	5d0c5f64179d1a7224cf62e6b9ed0e54bab99237fba1b8f05a8f1cb137f0303d	python/share/terminfo/n/ntconsole-60-nti
l	7b20ca1f02cf3ddbc30d9d09c886abb5d187883c00535f99f8683a9bd0930a83	python/share/terminfo/n/ntconsole-60-w
l	5ea0c572139b044a051462cf59d407b9a070cadecdeee00e789163c3497b96e4	python/share/terminfo/n/ntconsole-w
l	61699a11153e7895b19540587e4d48936c5545f0eea40157ba0f0bb549dd4a56	python/share/terminfo/n/ntconsole-w-vt
l	a6ecac98781bf00839a8d992eea1cd18404470cbeadcba1c9407bb1d3417ee84	python/share/terminfo/n/nwe501
l	698c5ebd2c7c8dfbacfbb2bf4cb3405491b29bbaaadb9925c63a01695c8a7795	python/share/terminfo/n/nwe501-a
l	a6ecac98781bf00839a8d992eea1cd18404470cbeadcba1c9407bb1d3417ee84	python/share/terminfo/n/nwe501-o
l	1a2fa6c1169cd639fb8d0b31478de984e9e2c332c9e4dd31a5bc6a73ced7d4a7	python/share/terminfo/n/nwp-511
l	ef31cbbb07ac10cabfe242baa93db34ed750103deefc141d36252997d58b9fee	python/share/terminfo/n/nwp-517
l	fc4b785cebb9f85b084a8cd26033a0fe181389ec18f059b2c9802dd52c8d29da	python/share/terminfo/n/nwp-517-w
l	698c5ebd2c7c8dfbacfbb2bf4cb3405491b29bbaaadb9925c63a01695c8a7795	python/share/terminfo/n/nwp251-a
l	a6ecac98781bf00839a8d992eea1cd18404470cbeadcba1c9407bb1d3417ee84	python/share/terminfo/n/nwp251-o
f	5bd7b795c8d52526a0f6b2d68e47c784b7bed54b85ab57525d1f97b0140b6c27	python/share/terminfo/n/nwp511
f	2a7ea9d827f1484240428d1ab35faf977cae1f2cb01b9f99a7638cc22a9691b4	python/share/terminfo/n/nwp512
f	5bbe4f82a88f25e1a862acc30e5044b4bd07660a59b2257428581628479cbb0a	python/share/terminfo/n/nwp512-a
l	828724b888e018dc59d9a917c17163561fb0a79095fe4654a3e0ba1a452a1a35	python/share/terminfo/n/nwp512-o
f	f1eabbb7ee9b2966b06a7da2fa2093b9723baca0820097d8960c4f581d755dfb	python/share/terminfo/n/nwp513
f	edc7f834c3fa120e18facf7f03ff29f1d4c1a53d205488a1eb6a0a03f93ac40c	python/share/terminfo/n/nwp513-a
l	a6ecac98781bf00839a8d992eea1cd18404470cbeadcba1c9407bb1d3417ee84	python/share/terminfo/n/nwp513-o
l	828724b888e018dc59d9a917c17163561fb0a79095fe4654a3e0ba1a452a1a35	python/share/terminfo/n/nwp514
l	1a3edef89a5a5868d6e488f8691514d1b25fbde5546881082f3c35c99cc4a904	python/share/terminfo/n/nwp514-a
l	828724b888e018dc59d9a917c17163561fb0a79095fe4654a3e0ba1a452a1a35	python/share/terminfo/n/nwp514-o
f	26249bce6c058f5cfd42c125f33eda353348c4b303481ef98a084fc919ec96d9	python/share/terminfo/n/nwp517
f	43096dcf0bf545df1d018f74e0ec73372c6e295e049333e333f611ae6ff5afd0	python/share/terminfo/n/nwp517-w
l	a6ecac98781bf00839a8d992eea1cd18404470cbeadcba1c9407bb1d3417ee84	python/share/terminfo/n/nwp518
l	698c5ebd2c7c8dfbacfbb2bf4cb3405491b29bbaaadb9925c63a01695c8a7795	python/share/terminfo/n/nwp518-a
l	a6ecac98781bf00839a8d992eea1cd18404470cbeadcba1c9407bb1d3417ee84	python/share/terminfo/n/nwp518-o
l	b7ca812a8cf1b9468755ce7d9d2435f7b30e774e1e09dcaebcdd222b211dbfcf	python/share/terminfo/n/nxterm
l	0b7648237725b6f362fb50e640a03e24286b0c0808100bc306c01cc7e6a83cfd	python/share/terminfo/o/o31
l	cb2a684ebac313d66568ed158a8d53f741e252b8668282893421f313fcdea7f5	python/share/terminfo/o/o4112-nd
l	4a0aefc3db4effe2fc00fb4b8929f5faf88f4198a0bb5b405e14b02b4ffa5f08	python/share/terminfo/o/o85h
l	4a0aefc3db4effe2fc00fb4b8929f5faf88f4198a0bb5b405e14b02b4ffa5f08	python/share/terminfo/o/oabm85h
f	e467f5e684957f2d082ee081c2b777c2862007120a808f2949ee33b065e63699	python/share/terminfo/o/oblit
f	0309d55e361c206c202e3526ddbf065ac68b71d724a9a8b05ec57c437aef0c40	python/share/terminfo/o/oc100
l	048e74aa93008f7747667c61ab5cd5b6693a71d656edf7ebc63be02e0258456e	python/share/terminfo/o/oconcept
f	d2353a2e5f2adb0704d55a27b6ebc632116613729aa4b5ea6d9b1e464085990a	python/share/terminfo/o/ofcons
l	8448c3c85f8f8956f04e84adfb8c084a0c39bbeed8c07c43d2023849cec1d244	python/share/terminfo/o/ojerq
l	86e42b26db3a0810565719d0bfd00e4aadcca78b7e41009b8d77f5cf03a62cf9	python/share/terminfo/o/old-st
l	0e3956599641df38d29fe1d23306fe8518d190e35bbca3ac0036f0e697d5066a	python/share/terminfo/o/oldibmpc3
f	570f5a54dfb74f8f04e5d9007c263a9cd63959f57ef0b6f3d8c84fddc57c43dd	python/share/terminfo/o/oldpc3
f	e13e0ad503370288221b0df13d5d240fcbbfc4e35f4c19b149b3d6f6cf24c8a6	python/share/terminfo/o/oldsun
f	e8509b210bfc2c35ab16743a2191a11f7826ad57d5fc257533a3bfb8283faffe	python/share/terminfo/o/oldxterm+sm+1006
f	90adf957c7a151e351d6ef4970b4d7606a238eb5c720cfeec53edb706511f949	python/share/terminfo/o/omron
l	2410c14f201a10776228145d8dd161605c946202c05ba774601c5788e1a753ae	python/share/terminfo/o/opennt
f	60ccfddd3874df0f02ace592037ec9aae000ff56962ae3309a23e82b1522edae	python/share/terminfo/o/opennt-100
f	38526dfca9ccc27efd87690cacb45e68427845b3c897228f86401869274b6f3d	python/share/terminfo/o/opennt-100-nti
l	2410c14f201a10776228145d8dd161605c946202c05ba774601c5788e1a753ae	python/share/terminfo/o/opennt-25
l	9f4b0ef62a5975fa740d143ef9ed9ab3c20ffbc920821f6d4b42f0046e230775	python/share/terminfo/o/opennt-25-nti
l	d2df348e9ebd79ca4c27940d802cae540a2af21d54dd0f8251637bef6dbb42f3	python/share/terminfo/o/opennt-25-w
l	4c25f4fe1189cf8b5b876b5b3e95c6d4d9e80a710dfc344c4059e73665801ee2	python/share/terminfo/o/opennt-25-w-vt
f	d6b65b4ef043257e037831084344c1359aed4e6a39073b44cc3dc45eb38ba564	python/share/terminfo/o/opennt-35
f	0223395091042ca6c5c86ee83cada3b566d89860bb258b345898f2fb59340836	python/share/terminfo/o/opennt-35-nti
f	7266843a5198c99756a2df632cb2ba7cf76ae36426e73caa112e805260ff2c70	python/share/terminfo/o/opennt-35-w
f	f25119dd9ad67352a63866b754852098cf90ecd43f8da83b11e8f94b011eb704	python/share/terminfo/o/opennt-50
f	ed68eaf8f8f99bc84608e72b9000720f90e18a6e5f4b6e27662f3d186c2dac35	python/share/terminfo/o/opennt-50-nti
f	849eecc59afb76ba3f9d4b593180517975e3b51dae3f755c5779a81083163a72	python/share/terminfo/o/opennt-50-w
f	a690a2c4e2c295c9c7789c4640076252e6a49b625fad13fa9ca7d158a837c80a	python/share/terminfo/o/opennt-60
f	0f5d22b15c6be5fa5c3b03882d1da7ab410ccfefe5c8e111f1484ef66fc5eef3	python/share/terminfo/o/opennt-60-nti
f	5b7d33fa8b0637159e6f92195d97f21241250a577d38577511133310d6a2113e	python/share/terminfo/o/opennt-60-w
l	9f4b0ef62a5975fa740d143ef9ed9ab3c20ffbc920821f6d4b42f0046e230775	python/share/terminfo/o/opennt-nti
f	4f9f50b1fdb89f95e293c99f37b54bbaba0d6e333db1aa0ba8a9add61bce3439	python/share/terminfo/o/opennt-w
f	36d8e0164d4519f41bb55ccc4ed9ef925abc0353404a918af5f78c6c6121099e	python/share/terminfo/o/opennt-w-vt
f	865f5b578ccdb36706932bed5dbb0e1481dd033db74178353d0fee330a5eebaf	python/share/terminfo/o/opus3n1+
l	87748555f1c75b3b1ec5c23f2fcb93e2624383b589a41d5970793feec906edfe	python/share/terminfo/o/origibmpc3
f	3f1863a3715b06b6dd8332b0f9b69d9b23b68b33bd60345737a58731891ecce4	python/share/terminfo/o/origpc3
l	d7625ab537a6e5cdc768febb2ad08ad15b3009e8080352b2fea27a64dd0198dd	python/share/terminfo/o/os9LII
f	6df0c441f0c4a4a041c0e27fe3db9d4a17c21bc0209fa17be17a447fe6902722	python/share/terminfo/o/osborne
f	837e2150033cdaa6c7b82129fe2a48a6ea69bfa1649e50484116a497c926043d	python/share/terminfo/o/osborne-w
l	275ecd543817b433a3629cdd21fc2e2cdc7fdca66dfd7db0e5589c5565b49218	python/share/terminfo/o/osborne1
l	a44c56ecabf461faebb74d7d980d5d0df86bdc00b4bec462a2b6b1dcc2502de3	python/share/terminfo/o/osborne1-w
f	532923bcb93f815e15583c798faec23dbbeb7642ac471105035ff3e6b04ced87	python/share/terminfo/o/osexec
f	824e650872bcab8424425309c0db269665c50e91fc8eba0774c9953262696a12	python/share/terminfo/o/otek4112
l	cb2a684ebac313d66568ed158a8d53f741e252b8668282893421f313fcdea7f5	python/share/terminfo/o/otek4113
l	cb2a684ebac313d66568ed158a8d53f741e252b8668282893421f313fcdea7f5	python/share/terminfo/o/otek4114
f	fdc123b745dbc8705675d7950ccb99f1df28e045b95dce19d4a33400d8b08ea4	python/share/terminfo/o/otek4115
f	01f306b80bfb6a1e4eddc2e1856eeae103d236bac60bcf52e1045c947066ad22	python/share/terminfo/o/owl
l	0de7ed15ec782ef4034c613b82a4dbc6a433557158d34ec8732937e91c65ffca	python/share/terminfo/p/p12
l	11bf074b5fbcc4158b9d42295c38b64e094ad185bfc37dafd177b69fc0724d7c	python/share/terminfo/p/p12-m
l	86f0a81f5ac299404366d864e48c9e60c8c31f67b83c4dbc86be3dcc3b2ea059	python/share/terminfo/p/p12-m-w
l	d49118eec31aa8e0911f71ed90e9e3baf54153642be7144fd81f074e57e70fcf	python/share/terminfo/p/p12-w
l	ce3f4466b58a2d385972378d40f9bfc96cd4559aaae9fdc9e160c87755543492	python/share/terminfo/p/p14
l	9f0455d76b338a893fbda1bc3adf8f103271545d1b2b69264288018cffdd5329	python/share/terminfo/p/p14-m
l	25c3d9bf9e04bea2a9f3d8dad44e40a37a1d462ca1cf7d82a2ba81c33f7eca41	python/share/terminfo/p/p14-m-w
l	5d82cf32a1087720f4e2a98d393dcfe0264e209fdda1086073345db70fab1a51	python/share/terminfo/p/p14-w
f	c1a24c98b746499ca15f2eda499c0c1256fc4c9024a0a7eb7461a4f6c1efb566	python/share/terminfo/p/p19
l	8e36f7a82b48f27f2e380bd768c6d0867c29eb1bde95acf9a96dcad83b21ae98	python/share/terminfo/p/p4
l	26d8491c6547233258ab3a67980401ef97daed9a86983caacb2d1663044b9169	python/share/terminfo/p/p5
l	7622da71ef53f4a42795f4a17acf8995f6a6461f9d1265e9fda23ea7eb78236f	python/share/terminfo/p/p7
l	e30bb0e1e106869229b3e052892b067f9f9a429d2dac45778bac778b9c66723e	python/share/terminfo/p/p8
l	923a50fafa582bf3e57525d58e8ddfd4ac2b10609a1cc5184429f522662928a0	python/share/terminfo/p/p8-w
f	3b451294c4ad8febc2fe5b5194f78b8d137b0e9a26932b9309621b50c8f728e9	python/share/terminfo/p/p8gl
l	85cd6c48d8ed0fc5c767cddae8727f259a2c07974ff59266823d5727b6d6a262	python/share/terminfo/p/p9
l	e0804533b4eb49e4a529e97d4d4bdeef0d50fdcf74311fca5d634b2665d025e6	python/share/terminfo/p/p9-8
l	8be91aee2c5715a5284d549ed6ed73ccedb8cc8d4015fc852729abe01eb1a1f7	python/share/terminfo/p/p9-8-w
l	af357f45d51a00381495a4a4a440031899e33cc06e72ab3a623c2354c325c35d	python/share/terminfo/p/p9-w
f	aa5d7f064a54c383aba9c528ef4276bdbb65bcb619f17e29bcfb528615ecfe9a	python/share/terminfo/p/pc-coherent
f	7b37332f0d3b818aef91eeab4738006ac20e325e49dd881cfa9ca24fda79037b	python/share/terminfo/p/pc-minix
f	eafce3a207a062d1a68e8e4ddb9118d03c2ce9e2ba01a6f24340038ff4e53b90	python/share/terminfo/p/pc-venix
f	b6b104dd2931fb96de27ec520fa671b23e7d6816c0d14144c90e811066a36802	python/share/terminfo/p/pc3
l	a30cb9588da11ac8bf9fc9c349116c9ce11bf3d1884f39f130581a01b3f9486b	python/share/terminfo/p/pc3-bold
l	bd024c1761a716d947239c0d2be8f99d74ba835a131c62771faaef24b77e9390	python/share/terminfo/p/pc3r
l	dd43e416868422c5b255f96f333c70d1ca5898d57e118f338a99232aebcfaeb1	python/share/terminfo/p/pc3r-m
f	91647447219899d54b601ae62c7841a4793e58a3a8745f73e2109e160f09f335	python/share/terminfo/p/pc6300plus
l	5c185128d5a1ea4c934c86a0599b93a4f64acf06812f8fd0c48d3b3d61d35a95	python/share/terminfo/p/pc7300
f	d2b55029191e3d8b62f740326865885ef16aac2977ff8a90c5928708439cd736	python/share/terminfo/p/pcansi
f	50e3d00b6df2cc9260117816ec2cd6d400e7ef7242e935d660482a8f083ec67b	python/share/terminfo/p/pcansi-25
f	aa69702d8f3a8fb0688c8399a4468be07e21ce6d62a8ce1f495301ca258ff43c	python/share/terminfo/p/pcansi-25-m
f	2d94428fd3591cd7247177a43cbb7f7e5f267d447318f01cbb5f3a72470458fb	python/share/terminfo/p/pcansi-33
f	2dc64f21bcd03c1c9c8f2f6050e8a4f087a1182e39fb41e33763b2ca7e27f315	python/share/terminfo/p/pcansi-33-m
f	01c5c8af8cb64df4a61bc7b791549f8d0e7658b998a9e9765d6f17da176a60f0	python/share/terminfo/p/pcansi-43
f	ba7c3c880ac182a075a725cd675f3e41062e5920ede9c9bd252201d4b3fa129a	python/share/terminfo/p/pcansi-43-m
f	77766f78b11a5ccf2cc8449f60ed44425d3cdaa450e9243bc70cf48e2653ffb2	python/share/terminfo/p/pcansi-m
l	2a033c5e38b3c881e72f1ca09c62fb5b0ccc9abc44f81cfb23cbb6d2cb5e109b	python/share/terminfo/p/pcansi-mono
l	8191f9d84580eda22ed3ce77b62018f334c73ae4540679025434bd5220405cd9	python/share/terminfo/p/pcansi25
l	b15ffe61339c4fa2b3b9726f4368de5aa90f06e6c3d0f03cdd29b7f243c34901	python/share/terminfo/p/pcansi25m
l	b3b3768a0e2f906f56b6bd9887ef29174ad0818c3fab54e9a9d4f3a67bcfc6a4	python/share/terminfo/p/pcansi33
l	bc19075116ea78c08d61c7f0f72f392f663bdae5768a5e9628c5be84e3c598ad	python/share/terminfo/p/pcansi33m
l	8ff2ab14b3ecd9f84c0981b0ccaa444728b2524b2b196587dc784e95a001542d	python/share/terminfo/p/pcansi43
f	ddee9a2b83f21f809dd766c6c8333bd50f0f07897b12221c71bf036113f9d031	python/share/terminfo/p/pccon
f	9776425bcc9d01904a0bfdf3602ac1a6ff98c8aba6db05b0c94e19ab9d4602cb	python/share/terminfo/p/pccon+base
f	b60c95a5797479f418d5152e6c010a3ed0a4344c1d84e99c2c0e8f856bc1bb4f	python/share/terminfo/p/pccon+colors
f	1e13da742c4f1ae6c172a70c2e3712983a6e76876cac4ccbfb95c059fe945db1	python/share/terminfo/p/pccon+keys
f	1465e77fe2f669d0a23ccb6151528a49941e54b63d76010a4c963cd52be25dde	python/share/terminfo/p/pccon+sgr+acs
f	fc4029e4be7939f2a9d97f643f548548c91ddcc80d7e85eed934c70c5ab52e35	python/share/terminfo/p/pccon+sgr+acs0
f	c906794eec564f31ab310704d9d6504bc7374245c84efc0d7229f4de8e0bac70	python/share/terminfo/p/pccon-m
f	52e670fccf539c907ce7dcb186284be0cc3190c1b36365add194d1df1068c81b	python/share/terminfo/p/pccon0
f	30c8ff35a0f16696234f28e3cbc560fa8861f69c7c21532cc915b7eb70a32fa4	python/share/terminfo/p/pccon0-m
f	13bb3aa409df53e36e8ba13e648b2d6553702edf60707f91ac50406633534a99	python/share/terminfo/p/pccons
l	9b0c637a073a287b3072e4e4c8c5773bfee37c7f115c7430a4b0796465c1e196	python/share/terminfo/p/pcconsole
f	550088e93650c65420cb330495abc70429f98177a6f3b15ceaa8c383e01cd402	python/share/terminfo/p/pcix
f	8d1a4ee910a529d96ca1b39321a2cb4b33eda74afa933b87297fb2ceb0743903	python/share/terminfo/p/pckermit
l	344e00d12e21e12a02560f3227906909288ae0cd6346b5b26317f809d9f6bfc9	python/share/terminfo/p/pckermit12
f	917cefa9d1c7cc35b20a92ee8dc93581b9cee77ef3642310a63f6edd264b5904	python/share/terminfo/p/pckermit120
f	480dbfe5b7fa421114a462c16cb23cb5db690d6230f4a696a6af4de60224fbd1	python/share/terminfo/p/pcmw
f	53db746145c103eb83c93c76344c4e5290ae58a0033e1bda89a512bcee19149a	python/share/terminfo/p/pcplot
f	d9f41be7f766a6dddc54bee08b6073eea8dbf2dc782ddf0d95db3a6d4f960e77	python/share/terminfo/p/pcvt25
f	697f986da11624cdd9ba137e0bdb1cef6593fb2cd08a21dc8aa868d50a59eae8	python/share/terminfo/p/pcvt25-color
f	d82b8e52697988de737f542edbf2349a162a9095254997136a770b373ce6a4c1	python/share/terminfo/p/pcvt25w
f	ffec04d7e9896fc1c665ce27d4055fab86c1edc57946d4b0f7e1b3ae110e1575	python/share/terminfo/p/pcvt28
f	5459e55484195e2a6dd9363aeb4e40b9cced07177d1746e2a69436a7507a6bbe	python/share/terminfo/p/pcvt28w
f	f78091bb9629c4a21f2ec6a9a62c207f2fe5672d4e3164ceabeed960ac44651f	python/share/terminfo/p/pcvt35
f	7f16153898a11c36e9accaf3839c29ec16a191ce859d8086ca6f89079914cafd	python/share/terminfo/p/pcvt35w
f	5946d7768cc2b99c81ed5f183af0e3cf090b79105447d822b1ed0b0ab36f2395	python/share/terminfo/p/pcvt40
f	5858c83b23a87148879e8170c62ead001f6aa7a603076364b06b0974eaa249c6	python/share/terminfo/p/pcvt40w
f	cea2380f22bdfbf150ad5df0f99c0480fe5e3a62d43ef32e24159d0e047bf52d	python/share/terminfo/p/pcvt43
f	42461edb282d9145995c4330ac4875523d0dc313ff54f1cfd5fa267893699867	python/share/terminfo/p/pcvt43w
f	cf4c7e3bdb212685bd58e374d39eb6d2e5ec1f6418026bcef65dff283b2549fc	python/share/terminfo/p/pcvt50
f	0938f2d481d119fa0e72d24644de9048ab675fd4f6717943b1de85ee19138911	python/share/terminfo/p/pcvt50w
f	291ac729af357e295e29be2bb496bd9600105488d58d6ec7e3f3cd19d63ded90	python/share/terminfo/p/pcvtXX
l	8543d239575f8cb67976fcd3183309d5a43ef4e6cd59a3e0a490e4a06ff3c2cf	python/share/terminfo/p/pcz19
l	051c41284578c9475e05654a96d88220e6550e1ac16516fa4a50469c80f93123	python/share/terminfo/p/pe1100
l	f83fdb422f7278a04f8b84bd626816b16824657b55b33b90cb80f4475f61fe4e	python/share/terminfo/p/pe1200
f	953f194d649473aa39b9bfe73f5bedde83170bbd9e9a219f1257d79474370f8d	python/share/terminfo/p/pe1251
l	61c819a3f706a7ddb41a10c19139b6c3502d96f44dba24142a0d6fce31fbc99d	python/share/terminfo/p/pe550
l	61c819a3f706a7ddb41a10c19139b6c3502d96f44dba24142a0d6fce31fbc99d	python/share/terminfo/p/pe6100
l	10b14042262b427c0d5c19d3a5a10cc30d2ff1bab29f308f74004b1af6f526cc	python/share/terminfo/p/pe6300
l	10b14042262b427c0d5c19d3a5a10cc30d2ff1bab29f308f74004b1af6f526cc	python/share/terminfo/p/pe6312
f	c6d19d40f42ed0c005c8e1a46770e6c7023b160e46ad5601decc631d299795d9	python/share/terminfo/p/pe7000c
f	7d418ef11700cf5616afd4caf77616b9d1626a2d075247b94203b8f5c6ad77dc	python/share/terminfo/p/pe7000m
f	e24c2ec9d65ab7c17d65e8106ed65aca9ab40300ad0061355590a56276982926	python/share/terminfo/p/pilot
f	d855baae11464067629b628abc9969242d8958650f6d9fdad53d88d4e1b48392	python/share/terminfo/p/pmcons
l	845f7b1136c9a4a59c6bca09980bf0a38ec6adfd96b0b8934525f07bb0adabb4	python/share/terminfo/p/pmconsole
l	fbe5c648127f962ad684f9c2fbd9ba49d62d97c1363695b278c3310a0baa2c7d	python/share/terminfo/p/printer
f	39ee96a05890edf7c95cf17d5a5a466335e10e8774c55d2f10fdee4a1aa44e19	python/share/terminfo/p/prism12
f	1284842ef226fc27d0a8614f8ee0b8c658ff129cee1f536c0dbbf3e211e14c2b	python/share/terminfo/p/prism12-m
f	f232d14d6146890caa90759f2aba06fa82c164435a4b920275172fc85f820e2b	python/share/terminfo/p/prism12-m-w
f	bd307bb71a65c91964f607c16dbb5dd6bec3c1021af40d131c4fff0d21ccb114	python/share/terminfo/p/prism12-w
f	c53f7b78e43b0b246426a0f26e960ac105a80ccc9be3e3279766b0041f2e130d	python/share/terminfo/p/prism14
f	23737c9a205bbbbbc85a62c80254d4ec8cb8eb32a64e986dcf820f4ad768b325	python/share/terminfo/p/prism14-m
f	97535297b9704349ae55bf36441bbe0c5b80684cd239cfa42e1c708eabeeb097	python/share/terminfo/p/prism14-m-w
f	6ee79958d432a872619163990ee6910b53d49327444cef231e7746ac7b2b7d53	python/share/terminfo/p/prism14-w
f	31e99ec2d7580af332a37c64d2d373457f17f593627bf7c41368a96afde2e74f	python/share/terminfo/p/prism2
f	6167139fd4c2d8625340b4a827a34db12cc9d0449ae45c70187fdd7445db8ade	python/share/terminfo/p/prism4
f	c348160ac726d6bb6a723d5a58eb5cabd462298091582ef4d06ea29fd7740ac8	python/share/terminfo/p/prism5
f	d497651d116ac3449e8970687e4c5a4197315778d213e7ac701eb84e73de174f	python/share/terminfo/p/prism7
f	1c0b7f48758dfd628ab01d198de7359655758465b4019bcbe77cd294d207baf5	python/share/terminfo/p/prism8
f	edae34a978db3b2242adee4100ceaa5d7912a7f437e5e257da83535aef3e6374	python/share/terminfo/p/prism8-w
l	cc665043ef297fead3dae6c77711638ce09fa706d18d957c28b4fa06bac393bb	python/share/terminfo/p/prism8gl
f	f5803baffa6cb3270c1a5f1451f9ed2156c3b2f49f2d469dda262a2d48caa710	python/share/terminfo/p/prism9
f	88bcea1dec4da1516465faa17334139187fccfaa7424ac348b3a65a93640a226	python/share/terminfo/p/prism9-8
f	48a81d8e94b5d7fa313a690e6fea6908d3b376eb305642bb97aeea2e2594bd78	python/share/terminfo/p/prism9-8-w
f	f5ca03cf8e26f1fe39b116d20324f7476ef6c6dd6d1df87be4ed2fbc6b19cb61	python/share/terminfo/p/prism9-w
f	9c9cfdb3af956944b3fc3e4a8ff9ee6cc271e87c3326227a0481e69f17f6146e	python/share/terminfo/p/pro350
f	7c301fc7ccc7fb1d0f63ad366e487e18fe758ddd0b06d11db1ab7ea4e79eabfc	python/share/terminfo/p/ps300
f	d0f1d1961f5f7ac4eb6bc9c30d2a2160b021832f8a60da8d8dcf2073e2e870a9	python/share/terminfo/p/psterm
f	5b7fa5c7684c48191c665e5473c2f53fa184261009c30c65b7166ca6a2b26a36	python/share/terminfo/p/psterm-80x24
f	f58421dd129db562dbd1feef653b7c0a27e4e289063972ceb2e80c1dd10581ee	python/share/terminfo/p/psterm-90x28
f	a2d26cb4ac157d61fe75743256b089c1d8e4342a51e75844a849e06a5ef11a4d	python/share/terminfo/p/psterm-96x48
l	fdd4ed983889dc08373085100bcc531c2767fd52289962b4465d3ef4cd9586f1	python/share/terminfo/p/psterm-basic
f	81494dc03d8dc2eed0ee44e3216dc7eff04e6a5eb556816c09f3f790bd647b7f	python/share/terminfo/p/psterm-fast
l	67276a8c2af1f197c7d23959c8b70b3a825261995849ac93ef71fedca17f749b	python/share/terminfo/p/psx_ansi
f	e3f846175929cb3a99c9bead78050985a1b2731a273b1e1ecb2afb85a79bdf1f	python/share/terminfo/p/pt100
f	ac0ef601cf990547872d43a1cd4900b78d1c5dfef2522e077e9bff7139845334	python/share/terminfo/p/pt100w
l	c3373e8aaa04ca2ca0637716914b76bb37df193d196d1da068e4f41bbe41ea9e	python/share/terminfo/p/pt200
l	fafdc70b6f5082589554220747b8f96c9b6ac13faa6bfaced2a149efd3f406eb	python/share/terminfo/p/pt200w
f	ce16323ffa9cafcfabb5072b5e078657ac4891cc9dcc1c4040ddd9ac3c38ce5c	python/share/terminfo/p/pt210
f	ab1eebe8ff83b48b2bf481a8d39d12bb7fdeea3033278e39db638c8718ed923c	python/share/terminfo/p/pt250
f	1425df129c5eb5e8989fdcc47953e3273e140230e56b1f6beb84651926604975	python/share/terminfo/p/pt250w
l	e52ca44edb89689d8d6abac0887758f6fb5247c82b10914b9c37de39714e2009	python/share/terminfo/p/pt505
l	1fb9fc14ac235d9244f7944c26386743f57479cd3737a6c4a44990e48b93d00c	python/share/terminfo/p/pt505-22
l	50cf1b2802a5cc5b89fefc20c9906e5ce93cd9f49850c353215c29ac6b18a11c	python/share/terminfo/p/pt505-24
f	0cd40859afd1f67e885de75d1b5c3fa5752e218ee3dcc0efeb3b9fe29bb3a7fd	python/share/terminfo/p/pty
f	f873fed7125ead729700958ad88ecf3e4bbc5404af7d296190ab7e137ed3761b	python/share/terminfo/p/putty
f	67f531a60249cb40a3d0e76b88472e6bf69b91f70a64788b0e169d54f8903afa	python/share/terminfo/p/putty+cursor
f	eff46b2ce3d5add09f3532a11898d207762a55b274585db0e58892f675d14d84	python/share/terminfo/p/putty+fnkeys
f	15908297bf13d861e00e43533de00aab961ba4459407b368809c7ac674c9ff16	python/share/terminfo/p/putty+fnkeys+esc
f	a1ff6e770d1ae3da0dfe310abb5dd4dcde52e2d6d30953d3862d66ff3f83c4db	python/share/terminfo/p/putty+fnkeys+linux
f	5751191a1b2027e9cb94df4a343150d8720f7488a67a58552c12812f8b739ec9	python/share/terminfo/p/putty+fnkeys+sco
f	c5b50f7348fd988ff286fdb4ff3bdfd3f18a6226dabf32ce54f8a4d9ea61c94a	python/share/terminfo/p/putty+fnkeys+vt100
f	3c53ca8f00598668a6f9bdde6e5b434408d82158cbb399c44ba3ab7441a30da5	python/share/terminfo/p/putty+fnkeys+vt400
f	f8d44f7182323fc87b77e354e31460e9c02fdd117b3db8f77abc8eae646207b9	python/share/terminfo/p/putty+fnkeys+xterm
f	3fc95d6aa89d2a46f99eb3c5c59087297aadeb3b199f786c241f0d2a36249733	python/share/terminfo/p/putty+keypad
f	5f41ac7fe27e65a9ee9ec437c2821ba7e73fe4ed0640463a8bcd846b3ad83023	python/share/terminfo/p/putty+screen
f	cf7a62d613be17bddfddb32b5977b9e892cb4779c6cd40243f498e958a4aa197	python/share/terminfo/p/putty-256color
f	7990ba4278c07a1f5e83e9d3eef8a4a30cef73a13d706474911268513ba46bcf	python/share/terminfo/p/putty-m1
f	85e4c80849b3ebadb276185aaae7f26f8370d438af999a80488678e403e907ce	python/share/terminfo/p/putty-m1b
f	f92e3caef18432aed04f61e850cd2fbedcdb485a6049702374103e5ee699f5ed	python/share/terminfo/p/putty-m2
f	65b27ce461b149af6165ee1199720db1f11ee1b03dca4a70e62fbfa23484ec49	python/share/terminfo/p/putty-noapp
f	50b3fa146b3727afe18c17558af038b48e5aa8ff94477580557d5ac0ad1fc66b	python/share/terminfo/p/putty-sco
f	51d3f121b4127df5124a94725f33fd6a07f4fbdb0ac4d68eb40914c9b98496c6	python/share/terminfo/p/putty-screen
f	5193bfad17d395208eae2fd892ebbec13b98f9a53b3b761ebd2c10d7b70318c5	python/share/terminfo/p/putty-vt100
f	56549f6a15910c6ee83b2922aefd8b06bbe24d0c739afb966802d06cf10023b5	python/share/terminfo/q/qansi
f	6a8d9c9d1ace08800b1ad6cd7ee6bc336243880c15e2cd307a6a75250a0dd66d	python/share/terminfo/q/qansi-g
f	85976ac7a23fd2defa5a3b7eac7c379a79344e81466170ae12ff6f5ddebea78b	python/share/terminfo/q/qansi-m
f	a334c05425671185355579311e800cbdd6d11fe397cc71b83e6ab853606342a6	python/share/terminfo/q/qansi-t
f	a72bf4578f38c9c8f68ded1712937b6b8c571f58dc0252eb86747ddacf8fd8ea	python/share/terminfo/q/qansi-w
l	80da01c67c277cd834df01c9a8cb36faf18cb1959ae63190677f55c7109dcd17	python/share/terminfo/q/qdcons
f	99004aad3efb3683cba2a19026144782cbfc4b9eed0d1031473b99344b2a839d	python/share/terminfo/q/qdss
f	aaf9f9c2e11d3cabf17186fe94be9b2c3d92fdfa98e17796ae70030c5f58c24a	python/share/terminfo/q/qnx
l	69c71dd4bb52870b96ce33308c00b7e0d0b4be1af77c7ef9dcd2d23ca706dc09	python/share/terminfo/q/qnx4
f	e8dc9ef797fdc3372a63f31e881dd705132ffd78d0cf054b7d73f1ed9d146ee8	python/share/terminfo/q/qnxm
f	252f3c60412e66f0ae7ef893101a151498b781870b2ac080275f94151a6dfe32	python/share/terminfo/q/qnxt
f	ca78680ed9a44e66d79ce57436dcf318d08106e093c3b54c2a367d793b5ee7df	python/share/terminfo/q/qnxt2
l	502203237363820b5172d348387fd108002539d190b7beb7ec3adba8ae6ab818	python/share/terminfo/q/qnxt4
f	2106b3a30a57e6ffb60f499f5d9e3bb70100dbe57b5270463bd5f1e7bedbffc8	python/share/terminfo/q/qnxtmono
f	062d1e165712e78effcbd8e10b8a59ae62e450a7c87083589230eaeef659dab4	python/share/terminfo/q/qnxw
l	55d933f3036834311eb10c8b9f7abc333106af346f5e0c4c92997244c05b0ba9	python/share/terminfo/q/qume
f	6a38127e051961f481f62d604cf802a7f3c5e6f43473cc2b13d1a40aa3f118c5	python/share/terminfo/q/qume5
f	20ba238a68e152b4f22efdce411ab5333a659747d0c8a195b96200f1d478d123	python/share/terminfo/q/qvt101
f	1b9dcd2dd133da88db94ea861792b4228d3ba25acf63fde361f892879598280d	python/share/terminfo/q/qvt101+
l	b94dee7d0d8ccd2cb66c9347efb6af34a60f7ceb8710fac798092a15ab67d3aa	python/share/terminfo/q/qvt101p
f	fe31654eea8307f44c9db51e615edc2209b675cc488be7534c42c7b6bd342698	python/share/terminfo/q/qvt102
f	dd39f8a3bf185e9b5919d4fa38a00a48b2a23b8b67a8fb567c9777b19b9b899b	python/share/terminfo/q/qvt103
f	158bcd5103a7d4b29c548a6ce4c97bab9fe5f2f7725882bba78b1fddced90b1b	python/share/terminfo/q/qvt103-w
l	0e7b87b15177443cc089979404d0816cb3d41337860ba5390632fb36981b3840	python/share/terminfo/q/qvt108
l	ff21efc09517220a1ed5633d61714e165e2d1491cf2f72ae3e0dd187583aca1c	python/share/terminfo/q/qvt119
f	8e2b8378d246f847273c654fdcaabd33ce1c4558dd2c7807683f078e09369372	python/share/terminfo/q/qvt119+
f	82e3294d74700b9dbd9c09d8c85a2a4890f6602e7d5772f156ee505caf44330b	python/share/terminfo/q/qvt119+-25
f	764745b5f5c403f54c0748a022b60a83305f64a81810cccdda5ba10d2eb556ed	python/share/terminfo/q/qvt119+-25-w
f	9bc491ab61fc353ed312278791c4a1403bcf64f0a014092da43f003c2854f138	python/share/terminfo/q/qvt119+-w
l	2590476bced43cf703b2854e10b744740870eebc957cee8bfb7f79e3e494bba6	python/share/terminfo/q/qvt119-25-w
l	313501c356d4e0f1d87bfd7a8dadede9a11771dd0fbfd715b2d90524045e4834	python/share/terminfo/q/qvt119-w
l	ff21efc09517220a1ed5633d61714e165e2d1491cf2f72ae3e0dd187583aca1c	python/share/terminfo/q/qvt119p
l	c68c0218d0987ed32162755f2a632463a6d533cf7b4aa0c7c23761c46caa2489	python/share/terminfo/q/qvt119p-25
l	2590476bced43cf703b2854e10b744740870eebc957cee8bfb7f79e3e494bba6	python/share/terminfo/q/qvt119p-25-w
l	313501c356d4e0f1d87bfd7a8dadede9a11771dd0fbfd715b2d90524045e4834	python/share/terminfo/q/qvt119p-w
f	c5347938ce456b588198bdfd5a552759000d3e555a7d4e8e8e5ea80946c2ac30	python/share/terminfo/q/qvt203
l	98d3f613fff81baeabd3f00c33ecd0acfed652631870600f587ddc80d7f81e8c	python/share/terminfo/q/qvt203+
f	2b1d6ce00389512d2c99f1f184d91872513326cc70d6b19f986bedbfd7a25e15	python/share/terminfo/q/qvt203-25
f	66dd38632e32f3efcba1c392d149daed55dfbe019d38850e0a90f7f5eb15e350	python/share/terminfo/q/qvt203-25-w
f	2ef4c53f7fe3a7267b835cffebe135d5227ca23ad5243f61cf4a4427b55500dc	python/share/terminfo/q/qvt203-w
l	1baa6e57de692ab853bef35e13d91ac555924873521375c02d65ccbb8c05a728	python/share/terminfo/q/qvt203-w-am
f	7570ac0189fb699b968b972919463dfcf09cf16f458e05cadd9927a97e90f78a	python/share/terminfo/r/rbcomm
f	ffb0af7f339142c7c1e4ba86e09c3c479f3e2bdde288f2d48833e305142f1da7	python/share/terminfo/r/rbcomm-nam
f	9a0726794bde89ad2bf5448c83ce430a86281a27733b8b740c8fda64f80371b8	python/share/terminfo/r/rbcomm-w
f	7862b15049922f1a4d1a88fd60f4030d7ebc1744a4556866d244d4b9e0aaf6d2	python/share/terminfo/r/rca
f	be1c0c4f7960861c7a73dc6c888b016ddf623999d1b15ddfb2dfcee69a7fc989	python/share/terminfo/r/rcons
f	7f5e5b481087e8a89f033d9b47cdbee476f5f5bae54803c8481c5fb416ca4784	python/share/terminfo/r/rcons-color
l	50bb41a72187f1c3cf5c7fb56f6e5604788552e6825a448dcaac26033e63d41b	python/share/terminfo/r/rebus3180
f	91320d6ba8cb19aee3d74e5883164f1259441787af8ea99927feadcf8c8c518c	python/share/terminfo/r/regent
f	f576773e3e08e5613aa126e888100b3fd2e50b8e2056f37ed109e6a8cba53498	python/share/terminfo/r/regent100
f	bfc204322b394bcfee6c05d1688aa91ea6f8924cbcba361f96532c219fb1164d	python/share/terminfo/r/regent20
l	10d68521a324c04189c783a89694f29e9eb3240449a35d8714a23a763633f348	python/share/terminfo/r/regent200
f	dddb7c332b17623e900ba067c6622cdc18ada55407fb678e44d985fbcdcb2ed9	python/share/terminfo/r/regent25
f	6e4649af11383f079904146a20150645f5ac23573bd0bc412c5787c1e2987f3f	python/share/terminfo/r/regent40
f	5c9026b84b88e94e79fec6bee2f406126855a3bac870914617f69417feb3328b	python/share/terminfo/r/regent40+
f	1ccbaeecaf4c784c896d8ecfe3f64d5f356aaf1e3d939abc3d021a55179376f5	python/share/terminfo/r/regent60
f	85221e466f87a445ee517e87dc98f1d81b57f9dfc424afebf5da30975413fa6e	python/share/terminfo/r/report+da2
f	b81c26dfc67ec840380a6c69412e4fba2ab87b564b56cbf60c44f5349b647f46	python/share/terminfo/r/report+version
f	e709215511cba1e80ba3eec536709aec3634ce8ec658eeda5de693509aa4bfab	python/share/terminfo/r/rio
f	67d6965c449b91fb08fac1494035ee17ef754e6ab9126a388ffa44e5937e703e	python/share/terminfo/r/rio-direct
f	15e9e3bb1e703c9f0a86b8abc8d5edf613ce64459bfe81790b77889fb1772b8f	python/share/terminfo/r/rt6221
f	afceaf3a4d16d6fa6061d8547b033d55172d6bffb68e5e67b811ec33ad58937b	python/share/terminfo/r/rt6221-w
f	fc171992cb1d416855f53184eb34931f896d2899307a8dca75a08023ae884054	python/share/terminfo/r/rtpc
f	e20569b88d29b6338adc5258440508df33f14ff628a6dac6e189015c05850416	python/share/terminfo/r/rxvt
f	46b24684f7e681afac7062139dfe5e7cfd6e80d0fb1c8275535c04c191881602	python/share/terminfo/r/rxvt+pcfkeys
f	02b9cbca40360206050281b16e3954423f5bcb5683e41ceee8102706d092f558	python/share/terminfo/r/rxvt-16color
f	4418a18ca03accf0fc83b55c22ffc2be471a409a7dcac3059aa097ee1ed937a9	python/share/terminfo/r/rxvt-256color
f	9493606e12cff5f295904283f220e423162d33c9ef1a89123fa45570405c538a	python/share/terminfo/r/rxvt-88color
f	81906286a1b7a97bbd0bda85dfee37531711647945e4880cb40e260d63f8241d	python/share/terminfo/r/rxvt-basic
l	1d283cea84ffa02ed613a1147139750ba965cbf22f931459c6b9687fe24dc502	python/share/terminfo/r/rxvt-color
f	9d1f5908ad763186b706541025cffe2195ca0644d3d1b3031c8ba57f8a8993b2	python/share/terminfo/r/rxvt-cygwin
f	79a9600f27bbc3b8e04b20cd09920ca883f4911091afc97a29bd35981767646b	python/share/terminfo/r/rxvt-cygwin-native
f	78e34ba4756971b90ac747dcb96ec96f3837fdcad5efda30a7eefdc3a5bd65be	python/share/terminfo/r/rxvt-xpm
l	5c185128d5a1ea4c934c86a0599b93a4f64acf06812f8fd0c48d3b3d61d35a95	python/share/terminfo/s/s4
f	e3f4e46cf79ec25fd0a37cf3a6ed2a85474017700c65a501752f016c3e58a68f	python/share/terminfo/s/sb1
f	71268d4969681c008e765f380caee203efb80e68aa4ad972458349b54d3cb216	python/share/terminfo/s/sb2
l	e39e61423ee6eba5859a37f14e4c397bd6826d26d04c4c397df5c6638e13695b	python/share/terminfo/s/sb3
f	c7ca2176809344ccb4bb67e19ea08dd213faf3b5857869f829116e7fa4017920	python/share/terminfo/s/sbi
l	4d25c6094622874b26caab04db10a7615d1bae3627d2b07004f22cbee71cb05f	python/share/terminfo/s/sbobcat
l	e6391cbf0f00d5d0023e1b0b86c57f356699aa19b0644168cfe99bbcc1044006	python/share/terminfo/s/sc410
l	e6391cbf0f00d5d0023e1b0b86c57f356699aa19b0644168cfe99bbcc1044006	python/share/terminfo/s/sc415
f	d01ba44307cbc45209f460584a4bb598d2f7862ffb6544d5d8006d37d9488228	python/share/terminfo/s/scanset
f	261e1495c9c458e76065c0c045807a53c8f784c2b1e0fad52a7bf0f6b61a787a	python/share/terminfo/s/scoansi
f	0dea01faa1e76e0e1a0d107e0e4cfe3d0a2bcf958e9408eb233030171986c1a7	python/share/terminfo/s/scoansi-new
f	49211d3357ff209e585fe08d6f706a04ff63bf492a9d9549c6a7831dcb9897c5	python/share/terminfo/s/scoansi-old
f	173d3433ab6c064a1d2e01308603aa85f873d58e9cfecdb4c8cfe7dce1fd1250	python/share/terminfo/s/screen
f	a068f52236610a87f90470c9f67b62a741cc70cb7e37b745c6f140561d447e51	python/share/terminfo/s/screen+fkeys
f	5a84e4797f5870cd971d1afb4e6909671637f00ce1379a258bc05e33ffdaff08	python/share/terminfo/s/screen+italics
f	04e2d2a20905a85daf8c652e6cb359a4c43c0df0da42079fa250a40860b501bb	python/share/terminfo/s/screen-16color
f	0111bc37fbb52f41acb8d27bbf01cdd710763b93a9dc1492e3a3d15e85ad53f1	python/share/terminfo/s/screen-16color-bce
f	8661c0add50094e2dbbe0d7e88104f880bb98c717ee6023ad396bb68f7534776	python/share/terminfo/s/screen-16color-bce-s
f	a41fe2bd12cb1297742a3810b77359197cedda91759108f65f6414c85d68fdd8	python/share/terminfo/s/screen-16color-s
f	cbac29ca9641403d7c2e377f4c54c52f24e811f98d47c71b599707e00ad91f0c	python/share/terminfo/s/screen-256color
f	172193e6284722c819e36338e22ffecb7e7963320903edf4d3a001a41f041a5c	python/share/terminfo/s/screen-256color-bce
f	a2bd084af92a1206b3cf1ceb445621149dd0d7c47fd4722e961a44cc2ab1cba8	python/share/terminfo/s/screen-256color-bce-s
f	27db443cd6637d638f5f68108c55a8ef0715468545c74eb4ab6938dfbf461cfc	python/share/terminfo/s/screen-256color-s
f	f80b74d7aa96b6f746dc7f41f6d0dfe4f26f613d62ca2baa728a56c0abf1f309	python/share/terminfo/s/screen-base
f	8682908bb4ff7a6a169df89daec7fceb8db40625f4a65151a3227b1f063c76ba	python/share/terminfo/s/screen-bce
f	8387762fdc4cafc48a790ec2fb719be9920ff621d9eebc633951c8bf3a0480a3	python/share/terminfo/s/screen-bce.Eterm
f	0a5feebca7ccabdbbc85fead592c002fcf4f8c56ced8d9016b9a4708d546fb0c	python/share/terminfo/s/screen-bce.gnome
f	20f00ced9e07c0512e2b4d9e3f6c3ccc1206e9121b65640a08eaab1f14b698fc	python/share/terminfo/s/screen-bce.konsole
f	959681a734fed329302006c2e173d467665847ad20f87f0d885c1d7fd25edfd0	python/share/terminfo/s/screen-bce.linux
f	6e46e3ac16c3c22c551d263669a40e85ea667e1718b8389446bc1ea4cdb161ce	python/share/terminfo/s/screen-bce.mrxvt
f	89e269781ba729feddffa85e7c2ec82bea6145e963ea279175417c4200be77f0	python/share/terminfo/s/screen-bce.rxvt
f	51f871a7503e3253a7a85de4e59e03021ec3e5a48b6c6695d5f71c96e28435c9	python/share/terminfo/s/screen-bce.xterm-new
f	b996938cb7001a903b77d811a11c60889e9b1ecf0f69fdaa27d75173f14a526b	python/share/terminfo/s/screen-s
f	f9dab4b1b272e786dccd636667771bae5a10e842ae30bb5021fc0268eedc0d54	python/share/terminfo/s/screen-w
f	0cdc69a1a9d76f90782c9033fdaca7867d761dde7ae2cbd1277d8b1a2e84a859	python/share/terminfo/s/screen.Eterm
f	d4886d3fdc5387163bd059bf0e58c069c8d926182cdf640adf7e1659dec1247a	python/share/terminfo/s/screen.gnome
f	0c0cc6b86a2c6ad9983b60a6919bd2c30103a4cacb43d253a1d5eba45d05ade1	python/share/terminfo/s/screen.konsole
f	3ca9182791653b7f757cbad483bc1c154ee8138725f61948bee7a06e8e26c3f8	python/share/terminfo/s/screen.konsole-256color
f	f0f79f15f1e6399f89c588fab95672ac30b8e302909af932419b8f9a51a310a0	python/share/terminfo/s/screen.linux
f	c5ad4ea16ad1f125f114e541950a6cba9f513c46cf92777c968281daf8a9ee0f	python/share/terminfo/s/screen.linux-m1
f	dbaa607d40cf6d62be13c22d85f9c650aead151de51255010ec74eaf318012ce	python/share/terminfo/s/screen.linux-m1b
f	20bb717ab1142a084fb71ea5c14db16812ad9d214610c52a1366d65efc679709	python/share/terminfo/s/screen.linux-m2
l	d219e7a183f22af18c39e3e44fa1b228724126d6f287d2bd1c50cdcbb6c825bb	python/share/terminfo/s/screen.linux-s
f	43ac4f54e85be3b2042b6c6057cc14231e1a1019efffe1e3409560db8cb3e6ce	python/share/terminfo/s/screen.minitel1
f	fd7c164ad7473edd49de0f7e024ee6276552afb09d06794dcc4c111dfc68c736	python/share/terminfo/s/screen.minitel1-nb
l	b74e94b9bf8f1d5e52e5c00d3a6b07c24ffac34d6e7a8e1c2180cd484a61f63e	python/share/terminfo/s/screen.minitel12-80
f	b2dee72b1f070996f3b961b475f31010d45117937f7c93a127ea52dd159a2770	python/share/terminfo/s/screen.minitel1b
f	b7df16a05e6e2856e02ee8d7755439060a1b9f6971a75eaee3441057b2927abc	python/share/terminfo/s/screen.minitel1b-80
f	783412459aae0a54cf5d4f5201ae7987f1e63cc8215dacb254729f444c5bd37a	python/share/terminfo/s/screen.minitel1b-nb
l	b74e94b9bf8f1d5e52e5c00d3a6b07c24ffac34d6e7a8e1c2180cd484a61f63e	python/share/terminfo/s/screen.minitel2-80
f	8909db72f8212356f3f05f7ed42db109f8e32a77ae7a0148b03e85454cd5c30b	python/share/terminfo/s/screen.mlterm
f	d24773e5b2b7297d3e43add2548dccc987b7f5915a3f59521eb8db6ca812cb90	python/share/terminfo/s/screen.mlterm-256color
f	e2645a0e8d88a61bce9e4c0b292e7e93013941138a8389c50d4cea947e232f46	python/share/terminfo/s/screen.mrxvt
f	39c27a0a3eba6d7f9abf311ca74de3a0065797a3bf45da87f696cd6349d211aa	python/share/terminfo/s/screen.putty
f	594dbfeb6755c858a91a171e6e414dae1e7ae7c482e072f23f0dd24bc927921c	python/share/terminfo/s/screen.putty-256color
f	b6052971b83320904cb8603d729d2f35613c991184871790b9a9d04808113c41	python/share/terminfo/s/screen.putty-m1
f	f4c7ab0e18195f1be1a42d4b8ad730daeb941783d77ade794ea5b1cade4676ba	python/share/terminfo/s/screen.putty-m1b
f	ba48e198e121648eba6183c35423362aee03e8620b0408ea6f15fbba04c86795	python/share/terminfo/s/screen.putty-m2
f	8983e116d7c302b9764918d14a3a1f48efc0475da61bc1d9d094cfc111d470fd	python/share/terminfo/s/screen.rxvt
f	fc7a97ce77ed8cd2229eeac066325d2bc962ef30398e2fbc57ab7ce36f166c7d	python/share/terminfo/s/screen.teraterm
f	4816052cc09c892a0e0287a1895031309c8d63e4bd7cd31bd0bb5455a9bc0248	python/share/terminfo/s/screen.vte
f	3eb0f1f6190e6efba9567b10658e649abfd30b82f00290b107a2369bb4dc2981	python/share/terminfo/s/screen.vte-256color
f	46b968de78a35eec757c30c52f3edf8add93ca04bb0aa43e2c5071100e76e5e4	python/share/terminfo/s/screen.xterm-256color
l	95f76839bc2c5ff6c591588ed3e7e1d017a4bd61455b8e3ae4b24e0a7f204a5a	python/share/terminfo/s/screen.xterm-new
f	d7b2d447bde520f07fb34eafaa5a52475c6a573cd25ffece947538111a082697	python/share/terminfo/s/screen.xterm-r6
f	ce6cfad8b16adc144e7f0c183c42acca79ebfad2d02a96df1f92b0a003fcaccc	python/share/terminfo/s/screen.xterm-xfree86
f	587fe5d3d0da8ef4d30a2660c390f5372f66b29d0f4311ce9efe79e7b1eb58ee	python/share/terminfo/s/screen2
f	38c4da5d9feeaf45773d58f596e0f056f0d59ff602d2c91ea57c518020ca7d88	python/share/terminfo/s/screen3
f	1c63eb0b9a3c074996e936246461bedf4df1f270d4c564fa530539b597f0f665	python/share/terminfo/s/screen4
f	141753843fcd5e5e94be9f253897bfa4b3393c0423a8490243f7128400303ae3	python/share/terminfo/s/screen5
f	1431f8ea3a66593d12e210d87388b6533649a7a13c77e9256418c1d6fa51ade9	python/share/terminfo/s/screwpoint
f	cb46c6a34251d5a533780d9ac6fa2dd6f128a2b4a4a692f102eaa29bea4d59f9	python/share/terminfo/s/scrhp
f	c76f1d601ac0463f927e454c68e8e97f9eb3004524f3c489aa2eb4232e388fa7	python/share/terminfo/s/scrt
l	2a4375682b9e9f87cce5d23a6a05f3a0ca28df27873047ecd72f51de88faf3bc	python/share/terminfo/s/securecrt
f	4be2e586ddf0cd255ac044ddea608e021fb7430eeeec3ed1e538f6a16dcb2820	python/share/terminfo/s/sibo
f	5ea1022b0896b1bab0d26f922b0271f3d59d25b986489378b299cdc9d51600ad	python/share/terminfo/s/simpleterm
f	7e5b0e5417d366669ad91d9c05ec87f13c1c41b49ece99e66b662053c712e79b	python/share/terminfo/s/simterm
l	0e99ea9e5a75b4d9fe6008168ed371859285e3f61b24f7424d99c280d4e52ac1	python/share/terminfo/s/soroc
f	fae4522d1ef87c82b63b34aee360fbca1cda2aef472aa9b3ce632790c784fd69	python/share/terminfo/s/soroc120
f	aa0ddb69918858febf82908defdf270519b7a6452c156bb10fbc3177fa6146c2	python/share/terminfo/s/soroc140
l	af016173749bb935159c2070ccb214305c620190a1684afdee25034469ac540c	python/share/terminfo/s/spinwriter
f	99070c12ff2798f36b3f33e72df6cce0c09a43c35aaa9dc9163675daa521b8eb	python/share/terminfo/s/st
f	41cda824ec237bee2e7054f570046990150bbe4157308c8ec42b70382c68960c	python/share/terminfo/s/st-0.6
f	359e5c5b7feff4c130f671ad1296ee129c219823e93622028028683c70f06127	python/share/terminfo/s/st-0.7
f	90391cbd447242389d9e2a8b3385fd203c1f5136b770089c5eddb3b5a645d9b7	python/share/terminfo/s/st-0.8
f	10e79e8f9fddc8a66b0aa1b232786434eb057c5caebceaec2f04e122144ea51f	python/share/terminfo/s/st-16color
f	0d0618247c9667e44ac9e41c0964886d745822ae4976ca9403bce23e334e939c	python/share/terminfo/s/st-256color
f	d92cd205259b1e8ac7a59f830034701ccc704ca20a05d15e68f83a70c7381ae2	python/share/terminfo/s/st-direct
f	6d27b1e4038bd1d4063c9fd78f3430e3c234780f6fcf3b5fc1f6b3c41a921a67	python/share/terminfo/s/st52
f	ccb79f32abb48f42079603aa0b64779929dfb84760b59d5834cd098369c9a0bb	python/share/terminfo/s/st52-color
l	6d02016ea8ac5fecbd384f6c2ee051c3f71162bedbc2c675608de29f51f6628a	python/share/terminfo/s/st52-m
f	b6e57e8397dac62026b57c7487046737f10e790677658845cce37eb1a28037af	python/share/terminfo/s/st52-old
l	56af4bde70a47ae7d0f1ebb30e45ed336165d5c9ec00ba9a92311e33a4256d74	python/share/terminfo/s/stterm
l	d9fe588724e0a4c3c611c87878695749ef2cdb3e153d66581d26f2f6b0f5b079	python/share/terminfo/s/stterm-16color
l	3784f0443ea25b65c44222da1ee5ea4e9d19a45a82e4db6eefb92740441e3869	python/share/terminfo/s/stterm-256color
f	f421ca02bd71e2a86852551c0070f56f989439c020819b2cb8340a1f036e89ab	python/share/terminfo/s/stv52
f	012fe2e41d936cf7334b56e9eac6c4b3596155b9fe8b937ca3e7a31989081141	python/share/terminfo/s/stv52pc
f	02e392161cb23f49a8fb1ba2f1a6583e013c0c26672f58c5eaca828db3b19914	python/share/terminfo/s/sun
f	7815d7dd6af72c5c4c570ddc1c1a1b251d449f8add4d05dc81ff6a72efc5abff	python/share/terminfo/s/sun+sl
f	60d8a04bc2e1f2b381d6620a5bae2cf9c13046f8c12e8bf00b77375c105baf17	python/share/terminfo/s/sun-1
f	1774d903a9a76eff43986e59fb4366735ccc41f54fc71ffb54726c962401aa8c	python/share/terminfo/s/sun-12
f	78fc7ea64bd13bfb0372b1e6edb84c35c6f07dc455dd4e929484d715b708b99f	python/share/terminfo/s/sun-17
f	18bf27ab916de54ebfb31742b15878b5eca1bd3011c04793f484ccba7818fe76	python/share/terminfo/s/sun-24
f	1af2d9cee6b5b097e4f9e28b0c44e49e3068d04776de616600e495c7bae5dabf	python/share/terminfo/s/sun-34
f	97c191149d68e0e39363a6e6d5e55972f7a60513c8a7a4b31c5c089c3e69b319	python/share/terminfo/s/sun-48
f	a1780cef6cb168b40675058d231be434b54a36c63ddd473bce96e34e4da6997c	python/share/terminfo/s/sun-c
f	0269528a106152fb44e9ce73f8c47675c24f880691ea5591ae9087ea6ae17fce	python/share/terminfo/s/sun-cgsix
l	b5852989e58ac4852bdf67fcc94bf97d962000fca4a87a9cde57f3e3a6dc8f4a	python/share/terminfo/s/sun-cmd
f	7b5f689b5a7c9790431da8d784722d9d0808f524d04a88b04e1a04bd6f163d4f	python/share/terminfo/s/sun-color
f	ffac18dfe64d8c68e864251b941453b545750b43926d880c6abfd041014659a4	python/share/terminfo/s/sun-e
f	2130688045672fe956550a4f837ba89c192513aa96ddc638e835d5f0a40fdb8a	python/share/terminfo/s/sun-e-s
f	93632b9e2fecf823ad348d34c89a90b32f44829e16e3ed9ff1720501af1d7cb1	python/share/terminfo/s/sun-il
l	479f35131fdf3c44aa2034f3ef942bf775ff65ca541e94e4dec98116f69db4bb	python/share/terminfo/s/sun-nic
f	122306c1ce83ca4f3ce92ffefff2a5dbc253f073f08cf8ea5f9c2881e8d48b6d	python/share/terminfo/s/sun-s
l	0a118d06d2e0e0d64eaba5b71b8f497da5c6f89dab20accc09d32757bb0b11f5	python/share/terminfo/s/sun-s-e
l	bd1327bd665d9489e3d265751ed8faff15db9e2541f1f1ed404a02e644972cfd	python/share/terminfo/s/sun-ss5
f	3f7dd5d302e99e529bc1a97a57d08b62e0fb0e71300015deb9357ec1b2ce7acd	python/share/terminfo/s/sun-type4
l	27756f050e14a1cb1c1ee867f0eace9ea4d9fcb81b8bee089469f1ebd5fd7b17	python/share/terminfo/s/sun1
l	27756f050e14a1cb1c1ee867f0eace9ea4d9fcb81b8bee089469f1ebd5fd7b17	python/share/terminfo/s/sun2
l	479f35131fdf3c44aa2034f3ef942bf775ff65ca541e94e4dec98116f69db4bb	python/share/terminfo/s/sune
l	ead741f35e73e7b0172af293e1cd0e7c552e91725c29402b7548c48079916202	python/share/terminfo/s/superbee
f	9e9ef177fdd88ce529367a7381b2c7c53bfaf93d63f396de77013e6cd2eb8f6a	python/share/terminfo/s/superbee-xsb
f	f556735a2aadcbdea8b4d14fe007c30ad06098a0a4c04de1ff53d126192910bc	python/share/terminfo/s/superbeeic
f	985a754c752be6a45c6bb515b463a2c3f3be1b06645a2e959fb6c78885dab9a9	python/share/terminfo/s/superbrain
l	b8d6bd32bc428b1e516903a11f49538e7c9ffe92d38e883d80c974a3bf610318	python/share/terminfo/s/sv80
f	06e5736b4eef85a7e4abaf15abd8328a482b85c39d0fac6eacfc0f1eaaa8a041	python/share/terminfo/s/swtp
f	8983003b6057fcafd1ed9048f9930445d1665907f0272ff9163a64188a58b0b9	python/share/terminfo/s/synertek
l	16facf14323e2fb77a6d85c94abbcfb0c4315fa877527f6aea0c5f30df6fff14	python/share/terminfo/s/synertek380
l	b7e5791c262db9e6e79e1acdb8427714130fdb83415bb872dc574786397a1928	python/share/terminfo/s/system1
f	cf717c6284813b4026c42a11b1fe86ed08ee9646fd5713a1a11a0b4e178d7d9e	python/share/terminfo/t/t10
f	e0cc87a1f2f0d7af87b789c77612e1a31deaa6fd3441a762b0ff76010dc23016	python/share/terminfo/t/t1061
f	316814b3ea6d990795f430f7f635b8776c7fd89f3424da0c20c7aa0f3167dd41	python/share/terminfo/t/t1061f
f	da4a84d6ba76b1ffa233eccaaa9e914fb9a34790e8a6c780753f61dee95d8f43	python/share/terminfo/t/t16
f	a7aa4fe8d4624ddeea8a10cbe14c5a51b5ef251c6ae3217e8279850a95a6336f	python/share/terminfo/t/t3700
f	ea76e9f22ef2c76988a5633d162a89de337b8b472908d4d69f755eeb61afa2dc	python/share/terminfo/t/t3800
l	23d4493a4f8bec831eca29d5e647888b4af1b200772636e5d0bd9b0d018708bf	python/share/terminfo/t/t653x
l	2eec651a3e06e5b9cb3592ce6cfcb0b4af8a5cd58c95c3d66d23aba3d1e3d51e	python/share/terminfo/t/tab
f	e85f3d181896a0de17274e65d0f770e8b8c0b029a6abc2bb933d59bb76b6be87	python/share/terminfo/t/tab132
l	2eec651a3e06e5b9cb3592ce6cfcb0b4af8a5cd58c95c3d66d23aba3d1e3d51e	python/share/terminfo/t/tab132-15
f	71b98a4c1fe95ae19d001bf638c4a4dea2147b7a69c8e67da80659c3e5b12fe9	python/share/terminfo/t/tab132-rv
f	568f46e6065a1934d0c253616c8f19240eed5dee8949878d0a42938221bc73f9	python/share/terminfo/t/tab132-w
f	2bfee5324ed0caae890e48d5699588c092fea66676579e5e2a82b16bcb18e1e9	python/share/terminfo/t/tab132-w-rv
f	1c22f857013b441da2792062332f30cc65ab3a17116808e2c517fffffa307c18	python/share/terminfo/t/tandem6510
f	4d6dbdbf80540a008d986b7ef4549fbeac96f46fccd33ccce6ff95a23fd7082c	python/share/terminfo/t/tandem653
f	5985cf9050a76522835d7602c3e54a555b1d78324b1fad45555a45dae7f161d6	python/share/terminfo/t/tek
l	ec22019b737fbad759251f2766d36889d06fda044236b326ae9e358ea2f3ed00	python/share/terminfo/t/tek4012
f	69e918d835a151057eb9397534271be685f892a28bafd861d23ba935e28584c1	python/share/terminfo/t/tek4013
f	22ff8bdf87be828e0da3dfcb9e1ff6782d716bd6553bf41d69fb840cc3da1ae2	python/share/terminfo/t/tek4014
f	b8040e8226652ebc7668f34212bd42d26ac65a359677b7e61a1b36e41c3a099c	python/share/terminfo/t/tek4014-sm
f	c9dd4c5db52b144c57c0e8268281c99a373347eca070b48d25e292c9a1e73f99	python/share/terminfo/t/tek4015
f	43f49e12f0258cf67ae3c20dec2aa8d02174aa10ab4a7549177f0f987a812002	python/share/terminfo/t/tek4015-sm
f	14c0a22da39d52cd9a440b5f2185b2f9fac85b18f7fc3184a11df510d919271b	python/share/terminfo/t/tek4023
f	bc173ab115f94c1e627642b196e2a7636981d7258f7b43b327880e0624492382	python/share/terminfo/t/tek4024
l	5a57b7a546288e2ae9cae0bbbd77dc74922477abdf0a0ca2de535de5518b4571	python/share/terminfo/t/tek4025
f	ab39c873e7fe1837175fd4cd11e75998528d80dae755cb78e74bfae94c99a183	python/share/terminfo/t/tek4025-17
f	7eb2b731b398d8c9010e3be950db8b5fea063001ca437eaa8d5c836088a56484	python/share/terminfo/t/tek4025-17-ws
f	ed2af0cfd9a29c75ed9854a636a47bf568eb1a8b92872d99cb336f8c24fb9cba	python/share/terminfo/t/tek4025-cr
f	03e76e341f49b3b725a7b2fd013f43f4aaf121073fedebadb8a6571b5ee35705	python/share/terminfo/t/tek4025-ex
f	bf40807e321db5f28b97b5a9654c61f63b04199f434e9a92850c95cd61d8f15d	python/share/terminfo/t/tek4025a
f	f458b3e007015600c757945be97efe03020c845f025fc5ab7d8f032c9c5fad3d	python/share/terminfo/t/tek4025ex
l	5a57b7a546288e2ae9cae0bbbd77dc74922477abdf0a0ca2de535de5518b4571	python/share/terminfo/t/tek4027
l	599666e985f397761b8bfd89e3444788d70a0a03156f12fab5a033f0e5249309	python/share/terminfo/t/tek4027-ex
f	56914a1d79fcbab672f1fd6194f663dc4bde2a5b0a9ea51b070a09d16dc09122	python/share/terminfo/t/tek4105
f	5e33918fa32f8fa4f21dd16f55437c43516c96050faef24434f4abca94fd98b5	python/share/terminfo/t/tek4105-30
f	93a9185fb3c04de885a275a2dc00de2b5336546312d4dd96ae5fc97ae1ca8530	python/share/terminfo/t/tek4105a
f	4fa8727a5c1f4a9dfb32d88ddcd892217206141fa29a1ffe3f0f0b92577541ed	python/share/terminfo/t/tek4106brl
f	ea72a2f5d844d07e3110755206c2d74958ad9022238d90760f52ac2b976fb0b2	python/share/terminfo/t/tek4107
l	ab0e05f63e9671eed644829629cf2717c8ae45d734e1161d13dcf48dcf7c40ad	python/share/terminfo/t/tek4107brl
l	9679006c789aa2b3a6e7359672e31dd70731b719659358072d6a9acec2920580	python/share/terminfo/t/tek4109
l	ab0e05f63e9671eed644829629cf2717c8ae45d734e1161d13dcf48dcf7c40ad	python/share/terminfo/t/tek4109brl
f	7d99b9d71380c59ca7bd02544ec49d5fdb97cdbadaeb0050be6af3e7cffdfeca	python/share/terminfo/t/tek4112
f	be254875e9059a73400d52d32416875c944f817bd3e12346e3e80b8dfa43c1f1	python/share/terminfo/t/tek4112-5
f	03e094a672cb6ccee706b108ee70837cfd05c2ad42797e7bece7688a40d21c5a	python/share/terminfo/t/tek4112-nd
f	b20982d1931ded9ee9d7d15cba6554f1a46500c823ca28561482dc4305129064	python/share/terminfo/t/tek4113
f	01426caff60c5ea5e5305550bed7b8a134b2d3613d16d38f3b32b57edb278bfa	python/share/terminfo/t/tek4113-34
f	3ecc687159b9b850bb4ecc57b4ad5f0ae5fba3bb92873bfe53214fc16d4e9e68	python/share/terminfo/t/tek4113-nd
l	f26f68f23c3e022a3dcac92a9b60f81abdb708084fa65c7e3e41224f11764533	python/share/terminfo/t/tek4114
f	49ec1af99fc4ef75ff1280c49aee35c13fa9718da0b1ae6948b5d1ed25fb81fa	python/share/terminfo/t/tek4115
f	d9b0a1322986f01056e4c6fa7e42f53090a686deb5b6ecf12973ab75da77b978	python/share/terminfo/t/tek4125
f	d888457f4d1cbc143468606d0341b6d03b9b3c1815b33b038dbcb4d8ef1734a6	python/share/terminfo/t/tek4205
f	d940cfc1b1b71a20337b3aab8db4dc2a8eb5ed50eee5c62db03cd42ba7c1a268	python/share/terminfo/t/tek4207
f	4321b12a7a530da1b15b0f5dbbfdbeb8bb30b3d26277c123f4eb56f7010e4340	python/share/terminfo/t/tek4207-s
f	6ebfd19e40b9a026bbf66c299785c2499dc5368ae4a0017a7fd8157e46b1ea7d	python/share/terminfo/t/tek4404
f	d8c347a7bedc4ebf744573c8c6245f4b6b37ca631443a33576bf73e2113b3c5f	python/share/terminfo/t/teken
f	b277c3c8a39c1e95bd13b0ea0e785ef8bba5609126f1ba27ef0dff286d5456c2	python/share/terminfo/t/teken-16color
f	529d7e90353e65ea4aadd17086031a3b8912689fca31e64ed45277a7a84f11a3	python/share/terminfo/t/teken-2018
f	28a68a9a8dacd243e073fae0fa3513ae154d518ead6bc9a35bf94754b57f452c	python/share/terminfo/t/teken-2022
f	fbf0b8299e348a6186aa8395a4acf8a37af08f2e77673f822d062dc3f0f527e5	python/share/terminfo/t/teken-sc
f	22c469f3d208aa822414156246849294d901716a421661d6209436213a6aaf39	python/share/terminfo/t/teken-sc+fkeys
l	437b31140ce200fd8b2ae5f4f54a519450ff022dee49ad432f9b0cc54276166d	python/share/terminfo/t/teken-vt
f	9193743169a891aad824e27ab36439e0a18764a734efcc781751ad757f709af7	python/share/terminfo/t/teken-vt+fkeys
l	f451409fb21c666a2ee20056e63f088fde7694626e9de6d7c665e84c4ffc61fe	python/share/terminfo/t/teleray
f	ddeff2d619b4072c5aeea1f0d257873bb897bb5347f6369acf49e8749c50467f	python/share/terminfo/t/teletec
f	4e45171106372b30d13e11934d5cd217aef45dfc0f2c065b4b0b1f7d9d2cbf9e	python/share/terminfo/t/teraterm
f	a8d3bc383bf0b23b446d3eaa2f0d6f68ada81de13efb7b670168586d01f39121	python/share/terminfo/t/teraterm-256color
f	4f49ba5ebcf1944b51bad1ae51c60108ed60e0218a0fbce5ff7fc85b0d8ac17d	python/share/terminfo/t/teraterm2.3
f	418cfdcd83b5dfe7f146057574ae7b6c833b25ff46863747399468a54f7835c2	python/share/terminfo/t/teraterm4.59
f	fa0c93b565e9d1e691d62c731f313114bfa2bce8ff9e82c3cd85620255c4ff5e	python/share/terminfo/t/teraterm4.97
f	f81f89f75321286ef275a0ce7b62b7315ae7caab9629f1abc6824e47f3e4ec01	python/share/terminfo/t/terminator
l	215b09b038a0272cf6baf19f7733315a462c493bf1711cf6c22f49f730d7d82c	python/share/terminfo/t/terminet
f	03c85e9ba93c29365681f618f731478242a42a8a24e92cdda242ff1a8b088d86	python/share/terminfo/t/terminet1200
l	215b09b038a0272cf6baf19f7733315a462c493bf1711cf6c22f49f730d7d82c	python/share/terminfo/t/terminet300
f	9da722c025e14c6b63cd6b2fd571c3ea11584851e53bed59b5f09d23ad45e146	python/share/terminfo/t/terminology
f	e9758e818b010ddb8a206eb8b7edf2a6d356fc57925a24a8c83fac1e7e1b866c	python/share/terminfo/t/terminology-0.6.1
f	eff45f891947e805562bd415735607ca18ea31d88b2d925e60bfd656626ebb80	python/share/terminfo/t/terminology-1.0.0
f	d6be3a00e08dd909a098d3d1420b17a6de5f8d6e4436f7bc2dac34f72944bc24	python/share/terminfo/t/terminology-1.8.1
f	02c600307863c977d3f3b9d94545a090cb2df8786d776046cb42ea0dd491f406	python/share/terminfo/t/termite
l	2cc1cc538890ee940818bd72a8ec20fca29f4d8a85ecf17fae8979bf02d90e09	python/share/terminfo/t/tgtelnet
f	05ea65d8fe552e261c575f1c02efef4445d73205c9af6449ea9fa1cf6557d975	python/share/terminfo/t/ti700
f	c903de8099ce0203e63cbf10876c0dbef6aebd055d54d01ec413d4be841b7e16	python/share/terminfo/t/ti703
f	30835df38014205dd1ccd0854d176af912c46aff0feb3984686522794ed000ce	python/share/terminfo/t/ti703-w
l	71813cc51bbfd2f4336a4cd9d98baff492b6b617fd4d541067289203d7d1095b	python/share/terminfo/t/ti707
l	6caf0b2a3b0496ad83af7fde8c0245387c114c4d5ec8b7142edbb37c277f08b7	python/share/terminfo/t/ti707-w
l	88c6814fdf3e924ebf1026e2f457bfc564351d10c289ff04b6f7da5f6d90af55	python/share/terminfo/t/ti733
l	88c6814fdf3e924ebf1026e2f457bfc564351d10c289ff04b6f7da5f6d90af55	python/share/terminfo/t/ti735
l	88c6814fdf3e924ebf1026e2f457bfc564351d10c289ff04b6f7da5f6d90af55	python/share/terminfo/t/ti745
l	88c6814fdf3e924ebf1026e2f457bfc564351d10c289ff04b6f7da5f6d90af55	python/share/terminfo/t/ti800
f	206c3f2905534f3aaea0badedacdb413585dcef77334c4054b345a0117444a55	python/share/terminfo/t/ti916
f	6a503ad20da3a3e1ef20318636171fb0548c094f7041b5c04d64ae963fef6f26	python/share/terminfo/t/ti916-132
l	046140e8f565763ec0901f084d42749ae5987bb23dc5aab6513e1014dcbd78e9	python/share/terminfo/t/ti916-220-7
l	0f26d7041375b4cff9589501380cac0cdde566c93b67ba72e0b0138e7d883c9a	python/share/terminfo/t/ti916-220-8
f	1ad39e85adb253b724eebdf3615a16d6558338f2b6c49e32b028e808efeeda0f	python/share/terminfo/t/ti916-8
f	8858edf34a30f169197aafaa6b55e16aca50e2a2934e6142de90c0a84d34a067	python/share/terminfo/t/ti916-8-132
f	6483b886053fb259b3c5b052b30a35d744346fd16b06df29c9a0b3bf58cf5ed8	python/share/terminfo/t/ti924
f	542a7c1bc74f0d0a6f3677990a61c82a40de357cc7b4e2007d2bb467650e7466	python/share/terminfo/t/ti924-8
f	50a2d30a94fbc10307c88d8b2db236db1f48bea29fe3c0f201c60ee3561b3f07	python/share/terminfo/t/ti924-8w
f	d57e74b30915e224f5c0c8aa9a526fe485834006834e1753f552a0b3a7149d00	python/share/terminfo/t/ti924w
f	ce668df32a13d57462f4fd38ad4b43cbb09c3eca76e86d14c962aa7312c1b133	python/share/terminfo/t/ti926
f	2a063a260a8b8bea6c2da1772a8853552fc1426b915a36969f8468c2a03b8e93	python/share/terminfo/t/ti926-8
f	585f4a5d8edd0a28ba2e7729579bd797d7c60bfa0233eaca4cfbaea76f7e5fbe	python/share/terminfo/t/ti928
f	08eb0d40a60d3f53e829edad1f5b20d96188af40d93c35b7bafde7c9cf1ec933	python/share/terminfo/t/ti928-8
f	5adf85df0861aa84294ec36d2bde7c3c9bdc77014c5721566b26f530688912fb	python/share/terminfo/t/ti931
f	e17a2c9eea3017d6f093dbbb826579cf8298849227867c39d9e1cdd0bc6bb316	python/share/terminfo/t/ti_ansi
l	0e07cf830957701d43c183f1515f63e6b68027e528f43ef52b1527a520ddec82	python/share/terminfo/t/tkterm
f	1ba64c97a13daf4e0629c66d20933597d8804a58af1fd404bb30c22c199e0b29	python/share/terminfo/t/tmux
f	b6b2e5fc2649b8248ff40572217a379a6228f20e90b4bac05521c80a7cdfbc9b	python/share/terminfo/t/tmux-256color
f	84e5a310f32420bfa65d2c26bb1d1c3edb0d411bbeabbb41d4042173354e88ea	python/share/terminfo/t/tmux-direct
l	215b09b038a0272cf6baf19f7733315a462c493bf1711cf6c22f49f730d7d82c	python/share/terminfo/t/tn1200
l	215b09b038a0272cf6baf19f7733315a462c493bf1711cf6c22f49f730d7d82c	python/share/terminfo/t/tn300
f	fb3bedcf96d184d07cbe9ceca71c0e3bc59d2fc71012256908eaad2e338614a4	python/share/terminfo/t/trs16
f	c9517d350c03c72b60bc11f55d7e647fac82e3c25b141e0ead3bbb508afc2c9b	python/share/terminfo/t/trs2
l	5a5861ec7e754d7e284c976095a7f33925304ef76ef0a6ede61be0c11ee1ad62	python/share/terminfo/t/trs80II
l	5a5861ec7e754d7e284c976095a7f33925304ef76ef0a6ede61be0c11ee1ad62	python/share/terminfo/t/trsII
l	77772aa438deebacddc59b3f89597d6092b87bd11cfa2b9418524ef43f6e3f42	python/share/terminfo/t/ts-1
l	90dfbb0081354c31ad12b3693b5e0082dcb836b748916557f7a276d883635098	python/share/terminfo/t/ts-1p
l	77772aa438deebacddc59b3f89597d6092b87bd11cfa2b9418524ef43f6e3f42	python/share/terminfo/t/ts1
f	c308baf3fc6488f9eb5ce2ff29ed7bf26b2de0e1acc31c4b5373347271057663	python/share/terminfo/t/ts100
f	1f02230060e6b4f4b9a1fe913b7215ef1832fa504f2f217d2d450c887e7f5eba	python/share/terminfo/t/ts100-ctxt
l	fb33df409bf1f5881629915f40b4a751bc8705b3c8436a6e3f337f735f8bc440	python/share/terminfo/t/ts100-sp
l	90dfbb0081354c31ad12b3693b5e0082dcb836b748916557f7a276d883635098	python/share/terminfo/t/ts1p
f	3b5dcf01fca56da45f73ecd30627899233740702df294e192a2dc3172bcad185	python/share/terminfo/t/tt
f	ba161a57677edec278ea1829ba5513c66e74bee511dd30514bc813c6a0397ce5	python/share/terminfo/t/tt52
f	babd94cc9a89e396204c2e123082d4ffefc77f018ed7c8edc6a95542598f5266	python/share/terminfo/t/tty33
l	7c37e93bcc1813b4d5db53e736f3f0aded86c2f70e2b6cd08bd2aee44f9cdee6	python/share/terminfo/t/tty35
f	54ac07f5dfd7b2d842ba71f418c931fc693c3f2a3ed0a1b1cfc7c5220530ce9c	python/share/terminfo/t/tty37
f	cd622526fe5258b18cdbe5f81f3a99fa83d5b3f4a16320777da8889d90862cc8	python/share/terminfo/t/tty40
f	b3ed3fe840c9babbb028dbe303690e39ce31aad7af7f09542f48e856b51c995f	python/share/terminfo/t/tty43
l	c5693ad50c415c8b1a7ecfcce59dff56f8ad618c9b22265bcc33d20b5b980a83	python/share/terminfo/t/tty4420
l	65285c3d003b0b82ad3a8fad6e22727ab42b4fba99e92cf9c51f3f541f7dc51c	python/share/terminfo/t/tty4424
l	857037f3fa0c196abf381509f31d4f92f4e32d620ced6326e3328d26f5ee5035	python/share/terminfo/t/tty4424-1
l	5963c75ecde299b95c165222255788ce8805291103fa74b040a2f2d4b6a35065	python/share/terminfo/t/tty4424m
l	5af3555e9c3ef2110c9b6ce3dbbf3e638d70f2530fcf3aee6e2fd35822962c2e	python/share/terminfo/t/tty4426
l	1fcdc7e5685a39a854f6df9ece58f57d66f2e43972471feb7b85cf4179ebc594	python/share/terminfo/t/tty5410
l	c39d5a683632a005195e88b6e228d55436f5055240daacae6e7fbcda73576e63	python/share/terminfo/t/tty5410-w
l	83d5c9061c1fd98af455a0150c767fa6d76d9b73f9d74c0e046ee93f934983ad	python/share/terminfo/t/tty5410v1
l	cc8c817496101774cec6919ec1feca692986f849d035e68e8cb84616290b0fe6	python/share/terminfo/t/tty5410v1-w
l	943fc0479c7828bf5cd2e75c2260389b662a87d7bde85f8b63446cca213e4553	python/share/terminfo/t/tty5420
l	6cf4d86bc5db70491c0b105b22738924ec2da20c5fd7c71074dc6e56e759db0c	python/share/terminfo/t/tty5420+nl
l	5f3ed937dda171f321eb27719de79985b362778b70fa85e1d0d23cc66d586c79	python/share/terminfo/t/tty5420-nl
l	d6aa31df8bcd0a1ea06989a8b951c2f8ec6d7335c92ae7118389ba7f035c0c2a	python/share/terminfo/t/tty5420-rv
l	26b9d4de3894a85719559332ff8d0bcd59d010be832ce5c4d63ecb1d36c03693	python/share/terminfo/t/tty5420-rv-nl
l	6441f85b0295465ced76bb56f326eea432ce1b3ac80f171c3c12afd5c62ef8a4	python/share/terminfo/t/tty5420-w
l	781e53c56555841afaa3224e1c630568f460e0af40c2e7b91ee07adee73a484b	python/share/terminfo/t/tty5420-w-nl
l	089d4d4c8acce4dda8700149f37ad6c0523be6e18428197e2fb0b614e213d94b	python/share/terminfo/t/tty5420-w-rv
l	4fdca90c656c53caa63adc585c5aa324097fe6ab408cf02abe2bdac300834de4	python/share/terminfo/t/tty5420-w-rv-n
l	070653f218fdfa8393c3bd8b33566412186ba3ec224dabe5f6e18bf95cb9f587	python/share/terminfo/t/tty5425
l	bbbbfac77094ffa70954c847aef0803230adc9f30ca5cfe2850d6b66341f3068	python/share/terminfo/t/tty5425-nl
l	15ca9b1650cfa8d4d6b1df4467bd740b1ba9284413e052d110d1ea9536cf7013	python/share/terminfo/t/tty5425-w
l	da43cef32557c4e4b63fd1104620aae97da956ff2674b64780019f285b4ef5e4	python/share/terminfo/t/tty5620
l	7b169b67b5611198122f2131f202ffc4d527e5c63fee3ae6c943ac0b87394f7d	python/share/terminfo/t/tty5620-1
l	0cabf1a58820174912bcbfee679a2ff10c1e11fb3deeb69c4b9fcf4cc6b3d539	python/share/terminfo/t/tty5620-24
l	57565671c82ee4975c693bdde6af93049d3b6b6cefc9b4ebe0b1e54fc5266582	python/share/terminfo/t/tty5620-34
l	32bcdd9970e47b4b9378ab5423a29a3d745761daa3ccfd9f11acc7477e427e73	python/share/terminfo/t/tty5620-s
l	da43cef32557c4e4b63fd1104620aae97da956ff2674b64780019f285b4ef5e4	python/share/terminfo/t/ttydmd
f	3938392ab515515a1796172d1ea7ba0137252d48b153a920321ce0c1d92a06c1	python/share/terminfo/t/tvi803
f	11ced313636f3d1eeed888361a6914e5ea1b1e8d3bcb7f572ecef6ef94dabcaf	python/share/terminfo/t/tvi9065
f	d293b6a0fc5a6e40d3f38e9145458fb621872b76d4d005a8ead8d460bd561805	python/share/terminfo/t/tvi910
f	8c74a2b3c27768eac109fa4043334fdc8bb0519865e3d852ec642a576e574ccd	python/share/terminfo/t/tvi910+
f	ba8443ff6ce90a702b2eadb27cfe6221e242a77639ac26837e3b6df6ba76636a	python/share/terminfo/t/tvi912
f	aadf502777665cad553f299e4a90d49a5b39d2fab30066af09419ab830318fd6	python/share/terminfo/t/tvi912b
f	095f7f37c150e6915d06e745c51a9d60c9b1da51810685c4156fac3cc5c9abd6	python/share/terminfo/t/tvi912b+2p
f	d9682adb715f720485979e96e38ebb8078c67d70c42c6ecc5131a9b127f0018e	python/share/terminfo/t/tvi912b+dim
f	37907aca3c890044a55dff7fe4e1200bd40e0f0002f6c2a3398a100aefd94dbb	python/share/terminfo/t/tvi912b+mc
f	e62e455b5177e2dec7048aa093d0aa547a1866bc11b1f0e990cd286e5c9aeb0b	python/share/terminfo/t/tvi912b+printer
f	c255b474c06cdda62e7a888d8e7298e9480fbbae0447f9a1039e706671256806	python/share/terminfo/t/tvi912b+vb
f	86b8018e10b5bb0db2d24eaa7d6a3230af3bab702e06e31b1df4678ace20e0aa	python/share/terminfo/t/tvi912b-2p
f	ca0250d98e443b579914c0029bbcd2f12132e71902edd16ccc065f8b72672645	python/share/terminfo/t/tvi912b-2p-mc
f	965a065692b4cdf3a5bb8620adac885bab5d5b4269876adf47b4fd02a5395601	python/share/terminfo/t/tvi912b-2p-p
f	08590dc8fb80d153368aa735a072d4b1cac335525e051578cd08f12c41566fa9	python/share/terminfo/t/tvi912b-2p-unk
f	f86358bc2d62d53bd5b4c1eafe05e386f1a9e3ee50766f359e11808ca7bbcf76	python/share/terminfo/t/tvi912b-mc
l	a83b057635285cf93c9dc46ed14f5f04c9a2de1fc5b7032c04167af7c346f87a	python/share/terminfo/t/tvi912b-mc-2p
l	801c5228043dd3b169123108219a6542eaf7b33db65013bcff10fe6215b379c3	python/share/terminfo/t/tvi912b-mc-vb
f	bed15902e853507cfa585892cfe9f05b71f080414518afaec31ffc2672343c2c	python/share/terminfo/t/tvi912b-p
l	5cadee9450c0d47fc0539e2ffac6dc4fa6b1907fdcedcc9c6a54a0d03a31b9e3	python/share/terminfo/t/tvi912b-p-2p
l	827091933b946f3e6b9d65d4785a2d4911d4cc653178c7b0d4c4dbf07f88666b	python/share/terminfo/t/tvi912b-p-vb
f	cca2d4a029f34d46f724a3414563f98c1aec90ffbfc5176d48a94f1db39d7ceb	python/share/terminfo/t/tvi912b-unk
l	8868bcadc463b0498a10b7df3fd1dedd9495ee77059c2cb8f84fc163eea7804c	python/share/terminfo/t/tvi912b-unk-2p
l	29416c97e3e47127a6abd61079bfd2c6da45881cc42b7e803d54928cfde0f929	python/share/terminfo/t/tvi912b-unk-vb
f	9ee0651ed1bc8f4342879e3ef69d074fa99413173f6953e3599b1b6062b32819	python/share/terminfo/t/tvi912b-vb
f	0f485a009e0f92c2d87cb5f4679dde398e397dbc28e947e6b9c1209eb3688f84	python/share/terminfo/t/tvi912b-vb-mc
f	0fc176054cfcbc0a9519a45dbd1f29922a577e58b0bf15d07018b720101e64ee	python/share/terminfo/t/tvi912b-vb-p
f	6259108237c89827c70619e673c2bfebbef2f9aec6ea5cc69edd987974b92cc4	python/share/terminfo/t/tvi912b-vb-unk
l	8debe4cf0b572d125560fd502499312ff5844dc015d3f599464417f6715082b7	python/share/terminfo/t/tvi912c
l	d78d2f36ddddcea23b8f7f1f7a872da4d067d4b9a35b1254650205bceab80b91	python/share/terminfo/t/tvi912c-2p
l	a83b057635285cf93c9dc46ed14f5f04c9a2de1fc5b7032c04167af7c346f87a	python/share/terminfo/t/tvi912c-2p-mc
l	5cadee9450c0d47fc0539e2ffac6dc4fa6b1907fdcedcc9c6a54a0d03a31b9e3	python/share/terminfo/t/tvi912c-2p-p
l	8868bcadc463b0498a10b7df3fd1dedd9495ee77059c2cb8f84fc163eea7804c	python/share/terminfo/t/tvi912c-2p-unk
l	715cb660380e3af4e7ae6058e6555ead6be0f46effc37691c7ee17adf9471fb9	python/share/terminfo/t/tvi912c-mc
l	a83b057635285cf93c9dc46ed14f5f04c9a2de1fc5b7032c04167af7c346f87a	python/share/terminfo/t/tvi912c-mc-2p
l	801c5228043dd3b169123108219a6542eaf7b33db65013bcff10fe6215b379c3	python/share/terminfo/t/tvi912c-mc-vb
l	4f97788bd03f3524fcab5f71f8f9f1145c455d3ec77a1f93e584bb8e429d7c54	python/share/terminfo/t/tvi912c-p
l	5cadee9450c0d47fc0539e2ffac6dc4fa6b1907fdcedcc9c6a54a0d03a31b9e3	python/share/terminfo/t/tvi912c-p-2p
l	827091933b946f3e6b9d65d4785a2d4911d4cc653178c7b0d4c4dbf07f88666b	python/share/terminfo/t/tvi912c-p-vb
l	59d657e4963862efb322453b5ae16bf3ab065e0285095e7fd30e52a5f6993037	python/share/terminfo/t/tvi912c-unk
l	8868bcadc463b0498a10b7df3fd1dedd9495ee77059c2cb8f84fc163eea7804c	python/share/terminfo/t/tvi912c-unk-2p
l	29416c97e3e47127a6abd61079bfd2c6da45881cc42b7e803d54928cfde0f929	python/share/terminfo/t/tvi912c-unk-vb
l	ea38d020f3b907d10515770975f0f656a87ffe31fde191dc34cb648e5c717905	python/share/terminfo/t/tvi912c-vb
l	801c5228043dd3b169123108219a6542eaf7b33db65013bcff10fe6215b379c3	python/share/terminfo/t/tvi912c-vb-mc
l	827091933b946f3e6b9d65d4785a2d4911d4cc653178c7b0d4c4dbf07f88666b	python/share/terminfo/t/tvi912c-vb-p
l	29416c97e3e47127a6abd61079bfd2c6da45881cc42b7e803d54928cfde0f929	python/share/terminfo/t/tvi912c-vb-unk
f	4582095d74c600d07557d3c7dc1f30fe93486b9879c5eeb9cb29c94afefab469	python/share/terminfo/t/tvi912cc
l	9d365975b2872279e0ff54b5335787bfddf0b2ebbf0eac1a7280d1efa3891ea9	python/share/terminfo/t/tvi914
l	9d365975b2872279e0ff54b5335787bfddf0b2ebbf0eac1a7280d1efa3891ea9	python/share/terminfo/t/tvi920
f	c3bcb143b7d9ed73fa42c18f1eebf061c3f825de07f40942c0f6d3a04b0ee01f	python/share/terminfo/t/tvi920b
f	21c76bf6783a2abbe6aa907d24a70b0ee2bb816021409a010434d59eea435455	python/share/terminfo/t/tvi920b+fn
f	c733f5b3433cd424af0d6ef040ac2829a9fe1e2c20d320428d2e66569669c639	python/share/terminfo/t/tvi920b-2p
f	a4b936a448d0d9542ff2102c0f9448ebda59fd519d999568cf9e673ae9cebe52	python/share/terminfo/t/tvi920b-2p-mc
f	41015801d303d689f0e334c9297a585eb10a4acb116bcf07716b47ff1a5ed9c9	python/share/terminfo/t/tvi920b-2p-p
f	2aacc4df6c0d2b72aef4dc0ea90240567914b078948b5a427866335ec3bad917	python/share/terminfo/t/tvi920b-2p-unk
f	35b4a2a191d374a9d7b9cb749c0e13f71acc2711e309fee83dcb85bac284b83e	python/share/terminfo/t/tvi920b-mc
l	af9b2e222ced987646cd10948a5c35d3621b04f638c5a3cec5a83340777aea25	python/share/terminfo/t/tvi920b-mc-2p
l	8f5e88a565cd34066942362724d7b9901772535a12f6384bf89f67106139957a	python/share/terminfo/t/tvi920b-mc-vb
f	b89d582fc62faac64b2ac0045f038ad87881049e42a8cfcd2669ef2e7b7a9978	python/share/terminfo/t/tvi920b-p
l	870f4049d6143c8c222142d5b05a4760dcbda1f796be8d4bf784cae998d862ee	python/share/terminfo/t/tvi920b-p-2p
l	40b1f215b0b84e8e5b4f4917498d8bb099fef57dd8510a842c59c00881789a80	python/share/terminfo/t/tvi920b-p-vb
f	79ed10336ed2d1d18670f94b416b1c09a925223a0ec1e1471c727d70d1bf3abe	python/share/terminfo/t/tvi920b-unk
l	75eef97871ba6967e84a6214bff17f9306750f08b76d17fb64f58df2e9d082b7	python/share/terminfo/t/tvi920b-unk-2p
l	3e25074a1ac8362c492ca0e8c1aa1cda7644eff9b0cfacaabd733f1c6db7b5f8	python/share/terminfo/t/tvi920b-unk-vb
f	cf293f218da7247d687189906720ba9c17adb60105ec109b553126c12c1da712	python/share/terminfo/t/tvi920b-vb
f	89acd117657cc0ea15d5d2e796266a1616f38c76fb1c348db87ddc0d3e19928a	python/share/terminfo/t/tvi920b-vb-mc
f	345e86ed39c9f6a9f0c71442d35b21a6c9d752179a6d0e274a37958caf2f4c68	python/share/terminfo/t/tvi920b-vb-p
f	fcbae9f5144af5520c41913dfa28605d0bd0b8d7b3ff2ca3a5c223b70d2e4b95	python/share/terminfo/t/tvi920b-vb-unk
l	73c8e7eb224acf86bb697b7c616ec29ca893d744b1342d6c12d040ab5db89cd3	python/share/terminfo/t/tvi920c
l	b220f578931996eb950193b8eb53ace82f738074753ee056620a85d948211f57	python/share/terminfo/t/tvi920c-2p
l	af9b2e222ced987646cd10948a5c35d3621b04f638c5a3cec5a83340777aea25	python/share/terminfo/t/tvi920c-2p-mc
l	870f4049d6143c8c222142d5b05a4760dcbda1f796be8d4bf784cae998d862ee	python/share/terminfo/t/tvi920c-2p-p
l	75eef97871ba6967e84a6214bff17f9306750f08b76d17fb64f58df2e9d082b7	python/share/terminfo/t/tvi920c-2p-unk
l	45004a712afb8829dee0c838fe4f8488ea8edae50d62620bc5a5cce1af02478a	python/share/terminfo/t/tvi920c-mc
l	af9b2e222ced987646cd10948a5c35d3621b04f638c5a3cec5a83340777aea25	python/share/terminfo/t/tvi920c-mc-2p
l	8f5e88a565cd34066942362724d7b9901772535a12f6384bf89f67106139957a	python/share/terminfo/t/tvi920c-mc-vb
l	982b8e2532c84fe4075513ccad21ef5e40634b84b49ad6c692ddd4f84d25db76	python/share/terminfo/t/tvi920c-p
l	870f4049d6143c8c222142d5b05a4760dcbda1f796be8d4bf784cae998d862ee	python/share/terminfo/t/tvi920c-p-2p
l	40b1f215b0b84e8e5b4f4917498d8bb099fef57dd8510a842c59c00881789a80	python/share/terminfo/t/tvi920c-p-vb
l	c265890a39389d2a29f1049edcc391ea2e8d881f3ed896deab80d1747e944dc5	python/share/terminfo/t/tvi920c-unk
l	75eef97871ba6967e84a6214bff17f9306750f08b76d17fb64f58df2e9d082b7	python/share/terminfo/t/tvi920c-unk-2p
l	3e25074a1ac8362c492ca0e8c1aa1cda7644eff9b0cfacaabd733f1c6db7b5f8	python/share/terminfo/t/tvi920c-unk-vb
l	cf797e27b71510fb37d811cdbaac8bb68f1167417f11544f6817f3927c59672d	python/share/terminfo/t/tvi920c-vb
l	8f5e88a565cd34066942362724d7b9901772535a12f6384bf89f67106139957a	python/share/terminfo/t/tvi920c-vb-mc
l	40b1f215b0b84e8e5b4f4917498d8bb099fef57dd8510a842c59c00881789a80	python/share/terminfo/t/tvi920c-vb-p
l	3e25074a1ac8362c492ca0e8c1aa1cda7644eff9b0cfacaabd733f1c6db7b5f8	python/share/terminfo/t/tvi920c-vb-unk
f	8b5fd3123c69744a40866b6e7aa4523c7f94d292fc9040ec458625f6f6231d3d	python/share/terminfo/t/tvi921
f	fa8f16efa4afb114c9c422fdec8fd0a6ac6b936225df0b600b6b5617217e1bd5	python/share/terminfo/t/tvi924
f	343c9699a1eb073490150c6de586bdc021742a99d23fad2bb53e97b041b36f5a	python/share/terminfo/t/tvi925
f	a3aeebffe89438224eb3ca24032a9ad57381f5f4e55fa6dcc842b141a4f82f37	python/share/terminfo/t/tvi925-hi
f	70d4ca5ef438b36dd4b93db8eee764b6a495ffc1d199059b4cbba2570d407375	python/share/terminfo/t/tvi92B
f	defea95c0e0ed9b555502b8a9f41311d34e28ac6e63528f35587e83cf3993590	python/share/terminfo/t/tvi92D
f	f743c2a99e0f2659388af88439b846351a603af9d110e266ca633f6b8b511211	python/share/terminfo/t/tvi950
f	c12a3f7a217ba40f801fe06dadaae52e9715927a1114be137c461d94f1ff6fd0	python/share/terminfo/t/tvi950-2p
f	87c3ef98244d438da1a647f21e00fcbcab2020d89ac050cbe3e3153fb2ca1cc2	python/share/terminfo/t/tvi950-4p
f	42448a73bb53f861209b4494a0921f20565da7958715c00a0cb925683bf18edf	python/share/terminfo/t/tvi950-rv
f	68d3d6b1552ecda61186dc5af83ac71dfc2153b65fc3602b7837206359396d96	python/share/terminfo/t/tvi950-rv-2p
f	e4d6d2e408efbe9a452eaeb5acb43e4c4aa8b8e2724a009859c35b4bdac9c243	python/share/terminfo/t/tvi950-rv-4p
f	7f675de1311a964d4f15eccd1e1daa02a030bbf6c31ef8ced4216e9fb45bba0e	python/share/terminfo/t/tvi955
f	3478368a5fac6ef11814a044488d8fa1d72357b3c99f4fe03b0864a260e06ce0	python/share/terminfo/t/tvi955-hb
f	9130862fe5df627691fb0ce5f0a9d1c1d10eca95d1dee3aaadbbb5407098fead	python/share/terminfo/t/tvi955-w
f	bc767ae8bfddc8c23043f44bee091bb42e8b1369ccabcaefb981823b5795fd59	python/share/terminfo/t/tvi970
f	9e989b2163c43554e78b53205f29c6ba596dc7ec2d820cd15645db2a3cc0d3d2	python/share/terminfo/t/tvi970-2p
f	b5400f52666c854ba81eb17175191ba384435454462ef8da6e96e16c0c93ca25	python/share/terminfo/t/tvi970-vb
f	153bb703c9f78cf71a84bfe679ba0e3afb0bb2cfa31508d0ded47b0dc8554d65	python/share/terminfo/t/tvipt
f	d0f23f94e7325c92a98105fd65fe54bb8affefb1a2349d30a6f979b899e0ca6c	python/share/terminfo/t/tw100
f	92dcd7d38ef3d88a00c05fa2265926ec1d64d805d28f95e084ae7a072ff0a977	python/share/terminfo/t/tw52
l	8c258eee0ea3bce671aef653c9ccad331fb9e1a5eb3800f48ae53ae201c43a21	python/share/terminfo/t/tw52-color
f	496babc39e36494328d2637a250cb29d31c44aadcce314e61e4dfb72ffd9b587	python/share/terminfo/t/tw52-m
f	52604a55d56c410a968fafde239040d5121f4bae036be6abbd40f41b2f21df0b	python/share/terminfo/t/tws-generic
f	f8c27141011977544cb3d4b07f241b3bb831ed49951f2f22fb17ae9ad1056198	python/share/terminfo/t/tws2102-sna
f	3ab3cc4364e2b2e46cc8b2931f2340c658c71236918e7d08e0b743d994cf4b66	python/share/terminfo/t/tws2103
f	6bb370c0ed1ffd3ae1ed84572c86e0a0e0055884e0edda8786227ccb76aad7ef	python/share/terminfo/t/tws2103-sna
l	218baa8cba7b1342dc275fe4612765da81adc265fee1ed93ef7c1360dbd9d71d	python/share/terminfo/u/ultima2
l	218baa8cba7b1342dc275fe4612765da81adc265fee1ed93ef7c1360dbd9d71d	python/share/terminfo/u/ultimaII
f	eaedd3476e06af82fc779a2a3bc7e80eeef6e8b67a30e4fc2fc5d38ea5a212db	python/share/terminfo/u/uniterm
l	1aeb44663d100c9694e9e5190608932281910d542e42f88752a1168d2ce61fa7	python/share/terminfo/u/uniterm49
l	5c185128d5a1ea4c934c86a0599b93a4f64acf06812f8fd0c48d3b3d61d35a95	python/share/terminfo/u/unixpc
f	ae6a9912d9843881210a9b8f1b6dad7e77d85e19943d4b1866afd7484e824127	python/share/terminfo/u/unknown
f	893356ac485c8f65e418f222d486306d97fcaf4daf1e8acc581fd34021670d2d	python/share/terminfo/u/uts30
f	1dfaa220db10be3e7503603499d58e2945ae43b0f4d9ebd31384a94505a4de79	python/share/terminfo/u/uwin
l	dc7933ea9afc76ccfb1c8d6284294f02663129e5a9aea0270ad8562ca6438b36	python/share/terminfo/v/v200-nam
l	0176a3a4bba70ce2c64c05c78e475750a4898e023e245620c0ea31fc933a5129	python/share/terminfo/v/v320n
f	6e6c0c8ed37f69335a818a0a3b5711194b5319a874c02638090d408e5c7a1e1f	python/share/terminfo/v/v3220
f	a04594e9641cc844462f78aab181649ef76b35bd1b7ad08f1548f99353d3cc71	python/share/terminfo/v/v5410
f	ec4dd316cb093fc0d4af1e9bd20e5a1cdda495474f3943e682afa76a11dd5d18	python/share/terminfo/v/vanilla
l	20b59205200fece2bcb0a525848a72e355d362c8365aa167a36d151fc5ec8156	python/share/terminfo/v/vapple
l	f0a449d1635a8775cd606ab1ee928c3eb6cc817a9f54c123ace023f1231e92bf	python/share/terminfo/v/vc103
l	f0a449d1635a8775cd606ab1ee928c3eb6cc817a9f54c123ace023f1231e92bf	python/share/terminfo/v/vc203
f	2301c65262c310ce8a384291b5d6a24b8e47a8e4ef5f79f825a42ef51b1b3fde	python/share/terminfo/v/vc303
f	e66a015f418e5293c0f94c8aec500eb4fed9db4aeac8488ace72ca71e39523c1	python/share/terminfo/v/vc303a
l	d9f8ec67ab84d03d38197a2b2c3e2899f5fcce698e75f7c508b69f94c05b2a5b	python/share/terminfo/v/vc403a
f	372de90f83f03ebb10a166f2f79a2afe1d303bfab038d2af734854c8f4988ff4	python/share/terminfo/v/vc404
f	4a90a0810f33ee902c87ff48ec0691500691a5f445e9914f07be020a20a45ae1	python/share/terminfo/v/vc404-s
f	c7be35f7cd4c87e46b255b7e81f8dab6ecfa940e0ed00a30d23c15746b09cbd4	python/share/terminfo/v/vc414
l	b56020b61052d4d14edf3a4264c554508ef2c069ca6dc29404b14fad6f787674	python/share/terminfo/v/vc414h
f	b817f639e5276dd541838b760da057e50391aff3552a5643239bae875fdc8bde	python/share/terminfo/v/vc415
l	b4bd50a835c356db989f913e3fce1a17d30eb37db97c7593589997592fded71b	python/share/terminfo/v/venix
f	b02661f1e7b937ec30df2248fac11889c3d8a009565b353e6545aa9b8813775e	python/share/terminfo/v/versaterm
f	067298ce39044746278cb1c81360130a8b514f0e97fdea9ad28210836ce6ed26	python/share/terminfo/v/vi200
f	81c123fb43b2a107b62abfc8bb03874785f9220a0fa35f57f9a2efa3439931d3	python/share/terminfo/v/vi200-f
f	3f5b5005469cead828149e0137c8962e3674655a1e8118cadfa572862cace2c3	python/share/terminfo/v/vi200-rv
f	6e99d9b61e3a0f94d136a0f0225a7b8a55af5e36dca81e1f1adcdc0eca09cde5	python/share/terminfo/v/vi300
f	eb08dc204f7c9d0699b4a0c7d51f70dad52391a1af921a522d951791acf70eef	python/share/terminfo/v/vi300-old
f	bc80ff106e53a321f621e1375fcb72ea1ca62a7bbdd61230fe2ffd5fba3d244d	python/share/terminfo/v/vi50
f	6db81599cf9763ffd23377f928b55193225105c44c519b89aa7ecbbd3c93750a	python/share/terminfo/v/vi500
f	6137d20a86cf55e08926181ff54222cada796dc4f543fc6975cf98904b9953f6	python/share/terminfo/v/vi50adm
f	9cc51c0f0cf90ff156a3473ab67430b4e9b0b0e035e47bdfaee89faded7456d8	python/share/terminfo/v/vi55
f	6e4ad0920f3194a3c0836badf7db6e28839e877343ed991e1efc86abf153f990	python/share/terminfo/v/vi550
f	fbae1a0a78952575a9bd9591b32624cfb3794785f4b2a91448e9bb1da6cac10e	python/share/terminfo/v/vi603
f	18301bcb750a58abb2bab65a6fb76c44baff6a159d463ec9ce3609036307e939	python/share/terminfo/v/viewdata
f	1a45d44b976b35f0d12e6371f3eec68507df51d102519753f671fb705a5d7ae6	python/share/terminfo/v/viewdata-o
f	64f250a74d24e0c3115ac62cd233c0e1c8dfd28bf5590d495795141f41fe7c96	python/share/terminfo/v/viewdata-rv
f	2d74fbaa580679d4977cb49102d80286ec2d22788f1c5a13cc0b30f09470ef77	python/share/terminfo/v/viewpoint
l	6198020bd10213aa788745694bf462909efb2420c31539eb719f48570b33f51e	python/share/terminfo/v/viewpoint3a+
l	86d27bd723d67689cdd07121d90738ee48fea20a0fc51e6557dca66e981f6e05	python/share/terminfo/v/viewpoint60
l	884de8b88601acb9caa323850bdda8ea5e6c9d2b46df16287f5d73618d407a41	python/share/terminfo/v/viewpoint90
f	c08462a7d8133366e12145e67812434be010686328cd323cdbb8b986c402e4a7	python/share/terminfo/v/vip
f	ddabda3d06140bff5c9064b4d3a111bfcce01b77435cf0f1b31d89b417472103	python/share/terminfo/v/vip-H
f	8ee1b8419a9d2d6bbac286adbea9f95eb3389c0a39a9984c6544dcb6cc62df14	python/share/terminfo/v/vip-Hw
f	37c370fa5e57bb194d11a9cbc0bb1edf5bf0bb2f94d1e8af53136e22a407cb58	python/share/terminfo/v/vip-w
l	1275175c25157b07bc329bccd859b3189e2a77e512610edcf186fab8d3cabd46	python/share/terminfo/v/vip7800-H
l	04066d94b314650fb0c4ec4943079ca7218dafc08479de2a2fc620886c8dee6e	python/share/terminfo/v/vip7800-Hw
l	1ba0a74cd10abd58d3ca81dfba59bec10614dbeeffb582339085eee27992944a	python/share/terminfo/v/vip7800-w
f	7680c0f580b9e440fe65afd79113ab0419e1d444f765deb4ab755e63d1d3f932	python/share/terminfo/v/visa50
l	ad1eb17ef5aea41b1e1356ca5d36418e024e7caa23ad94006356b9017be235db	python/share/terminfo/v/visual603
l	32bcdd9970e47b4b9378ab5423a29a3d745761daa3ccfd9f11acc7477e427e73	python/share/terminfo/v/vitty
l	9e2ae82a4019bd03899954b9bbebc05937845a20be6be83375bc7a0a3b162995	python/share/terminfo/v/vk100
f	24efdb61ecf4d3f114784c528547ed9889c65268e0ecd7046a60b38bf9dc32a7	python/share/terminfo/v/vp3a+
f	4122c47e3da11400058e035edd4a6b87c9d8a18148b823ce9933b15183e0b837	python/share/terminfo/v/vp60
f	8669ad48169d1cf8f8f11dcf02c1175bbb1c91938c9eaa4fc27c6e02a774afad	python/share/terminfo/v/vp90
f	ca4f82ccfca457af70dceb59e09eb3e26fce2b8c6fd009ed5a3dda7b220b79b2	python/share/terminfo/v/vremote
l	4e8a47acd7b5b05d2c7110fb585ad5fcc2cf74e968e0de21500b9a8ba85acc5a	python/share/terminfo/v/vs100
l	07523a28fde4569b15db8a72d85ead5213c2cd13b9c9725d7161700e775a4e18	python/share/terminfo/v/vs100-x10
f	5c844420b3882152061fc0ce1e7f51fd64a99dce4052a552db8865f94a689097	python/share/terminfo/v/vsc
f	36d425e0696dbd316ddcfa9e4657221853c1c94d0a0a109c8087d5b07b66a517	python/share/terminfo/v/vscode
f	0b4e1e34118df454f7ba10f5b66ca6c413619e539bbca1f1f7610c76fb5fe2f4	python/share/terminfo/v/vscode-direct
l	b430a76a16555b669e9dc938f07a5685201b02c178d74a65255b62b0161387e5	python/share/terminfo/v/vt-61
l	d66900b28a5bb1febda56b393e776c43cb701685f398a321911301235ef59e6c	python/share/terminfo/v/vt-utf8
f	779a219d6ed2ed282f9416ee04fe65f92a1c90606cf6e93a61cebfc3aa96c982	python/share/terminfo/v/vt100
l	faffd14b636369722345ad754738d74c684527494a0d6adca728732fc942d5f0	python/share/terminfo/v/vt100+
f	a72ef18ffbaefc05dee1abee229f08ce01edf6d3fac07343b89bcb534d0e6367	python/share/terminfo/v/vt100+4bsd
f	d8dcd8e85872ad5170c361460d8da5047d47d4044b3d7d9a8de1ea7a1a365d8e	python/share/terminfo/v/vt100+enq
f	b8a18fdaf7933b173a630aa357b37a14c35499adcfc7cc5a8160d33569bdfc16	python/share/terminfo/v/vt100+fnkeys
f	2df64c3dccd433b9a3d3232fd8c605534c5300bc18aea4870815294c05213c16	python/share/terminfo/v/vt100+keypad
f	d3f789baa649fbae335084a644f29f9b63b69a39f9552167549ae1c7138ca3eb	python/share/terminfo/v/vt100+noapp
f	c5d79a80f036975453d16638ef16120f559ddacd2cb34136c6189b5d72b77b0c	python/share/terminfo/v/vt100+noapp+pc
f	3d96b705679fdb49245ceb9910bdcd2b8599b22f0eae9d69b2d977de0ae09fb5	python/share/terminfo/v/vt100+pfkeys
l	0a5b8ee5451fd0c93fdd4d70947e1fd64263ecaf454cda670b73b179a17a4290	python/share/terminfo/v/vt100-am
l	5a050579fc3e748731e586b8d62a6d5378cc80bf36e2e43fad79493b1889d7cd	python/share/terminfo/v/vt100-bm
l	5a050579fc3e748731e586b8d62a6d5378cc80bf36e2e43fad79493b1889d7cd	python/share/terminfo/v/vt100-bm-o
l	e3f69451eab8a4313d80bb924576b91e7dd852f23bf7573382c7fda33fb14c49	python/share/terminfo/v/vt100-bot-s
l	bee4db3b18a61b7160bf23ba75e769ecaa41c053ed62936b5199d2bbef81b559	python/share/terminfo/v/vt100-nam
l	761c8b31b21b82a7404582555240ebe63f7b4db72dd551b6172b4dce50346f46	python/share/terminfo/v/vt100-nam-w
f	0c2f3a0c2146f970dbba975536dd8fb3af0ed8406db6756463c1858f0df8fcb8	python/share/terminfo/v/vt100-nav
f	1728db8cea6f4720ed29c1765fd441f0cfc01b494c37962c353cfc6fe677902d	python/share/terminfo/v/vt100-nav-w
f	289651087fe34e9e4e64cf38ee1520b41c7964bd42b54dc3435d9a5ca860f0fe	python/share/terminfo/v/vt100-putty
f	e1aa5dd34de1542e080b518465feac910fa279db7fc9ae740115ecca078643a9	python/share/terminfo/v/vt100-s
f	e22e584c2aa4b6e287e63db8a6e416924e64c1630cae8734d75739454423793c	python/share/terminfo/v/vt100-s-bot
l	86dcf33dfe6d6f69ce1394a06c11527f435c5d54f59c2ab75d6c04b2fbc6eca5	python/share/terminfo/v/vt100-s-top
l	86dcf33dfe6d6f69ce1394a06c11527f435c5d54f59c2ab75d6c04b2fbc6eca5	python/share/terminfo/v/vt100-top-s
f	f8e8754f757585450aec673b4995444b9a71964e7aa6f3491b8c6196a83d7c38	python/share/terminfo/v/vt100-vb
f	a4c2ccbd0bb9ed21dc6b9dec3788ec2907f272bb0943c652a896e8203e2a4fe4	python/share/terminfo/v/vt100-w
l	6614e7bae09257edf67c7d971e4df6be1d97128bf55556fbf86d504edd1e6a95	python/share/terminfo/v/vt100-w-am
f	1ee6fdd83b37a5ff8e9434c1e6385b225d63847152b2e9b4681e5dcd3a52503d	python/share/terminfo/v/vt100-w-nam
l	5455d83da76c66d87fbead27316711ca965397e18f3ad18fa9bc2a2382d457cb	python/share/terminfo/v/vt100-w-nav
f	194a01ed53c2e3f96ce7df65035bd34dd49148564e9fb070498f5ab5376dea35	python/share/terminfo/v/vt100nam
f	7fe8275bde4dc821f6b89ca2fd99badff00d02db7d92fe9a419ebe7331426e36	python/share/terminfo/v/vt102
f	ff57d6654b54f506e25dba1d8977132aa08888c3bbb86dcdbd74ebda2e4765f5	python/share/terminfo/v/vt102+enq
f	6f0ec35f38f91a62789bfd8fe6b3c5f972f9a645b8ad5759332ca964c25832b4	python/share/terminfo/v/vt102-nsgr
f	3b0e0e0b8a8ab6399aeb48f819b5908cc6d0d27838c19e053102c9db6c617221	python/share/terminfo/v/vt102-w
f	b84230c0b6258743a496e1062f42fdda79bc11f8cc7d7110ba8c3acd29943044	python/share/terminfo/v/vt125
f	f967b9b2df44b6f0ad920dc51797716e123a15520e730f47bc49f20c5627cc89	python/share/terminfo/v/vt131
f	37500254b5d2833895e7e22ea903a0d5dd07bf98b264bbd089fcf49d30b0acca	python/share/terminfo/v/vt132
l	d09351c15605d97695111292f95a6ec89cfad425bc460d84582a7ba76c0cdff1	python/share/terminfo/v/vt200
l	4bc4e1d36536083b5f023286d1a33259c225b77fd62c0bbd755ac7876e59b2ba	python/share/terminfo/v/vt200-8
l	4bc4e1d36536083b5f023286d1a33259c225b77fd62c0bbd755ac7876e59b2ba	python/share/terminfo/v/vt200-8bit
f	269aeca3a1911d6c810931da7164b064750e4840077ff1b2812d7b3f05c5f39f	python/share/terminfo/v/vt200-js
l	c2ad5524f1ebb4b2e888107a2986c1b03555e10593a3bd344eeb45280fa30029	python/share/terminfo/v/vt200-old
l	f3bf867e23c8f0946a2a0a54b6f10ee19e7a921a629675898ae4d23bbace0d05	python/share/terminfo/v/vt200-w
f	cd4c754f8555100ec3c1acdfc21bbc67a969bb41638b928e72ea95ddf771010a	python/share/terminfo/v/vt220
f	93a4c6ddd53d0eeab0439814550c246d8c95b77c4ee8bcc13caa699b049600b6	python/share/terminfo/v/vt220+cvis
f	7ee755bcc71a625cc75669d805f4fab34bf83d2402469876f0bde3425a3d78af	python/share/terminfo/v/vt220+cvis8
f	7791171ad2a175e81cb60ebc52050d038c90d6e7b3798bbfef80d8202392029f	python/share/terminfo/v/vt220+keypad
f	f89458872b15ff629ed3daac6c5e1c490184288509a38ea2908edac9970471d0	python/share/terminfo/v/vt220+pcedit
f	2e6537965dcbf953b488fc5f756b5a7e981a82d054b1eb3841e1c6c95366fd39	python/share/terminfo/v/vt220+vtedit
l	4bc4e1d36536083b5f023286d1a33259c225b77fd62c0bbd755ac7876e59b2ba	python/share/terminfo/v/vt220-8
f	51fa22bcddde27aaa2d85737c8c700b25df3756a8243dad335805df1a7fff024	python/share/terminfo/v/vt220-8bit
f	b3ae2601beee599df5941202db890ded06c4e2e0b09a0328b2b950d312fd78c2	python/share/terminfo/v/vt220-base
l	3dc81ce4519066d4651b5f3f86bb2e4c2a0fd2f9f924eb228328fa55b39185ae	python/share/terminfo/v/vt220-js
f	30d6dbb0419ecfe6589add5a596f0479579a9a4e7473a21d158177fca988b7b5	python/share/terminfo/v/vt220-nam
f	7524181282f072b1caea4059c68e48775a1b37db6e19519beae641eb4a3bfca9	python/share/terminfo/v/vt220-old
f	7442856cca3ec0c05e288669f2d326340e2f4b84270f27050fc764fca7c020cb	python/share/terminfo/v/vt220-w
f	9e6c7ad193e280b66e2a103c998df1636543adc447ed026c947c77ef3181beec	python/share/terminfo/v/vt220d
l	44fcb773e2b1f82840e976f9df697f441895d9d491a920afe009e73d34ca26e2	python/share/terminfo/v/vt300
l	99782b7bfe2b105f1934cdeb7a6f6ad87df3f771183a60e0556ed9f2aef089ed	python/share/terminfo/v/vt300-nam
l	69bad15c07979955266c6acaa97fe93ad0663081731f09076eb4b130f216d4d6	python/share/terminfo/v/vt300-w
l	fde7b09855b18f9b746983ecfccfffeac41cca6a5a6bb135ac8009537ba18885	python/share/terminfo/v/vt300-w-nam
f	a9fd670ea7abf27323899507e7aae9713479f458721ee159d8d75b79ee6fe0ce	python/share/terminfo/v/vt320
f	dfcc64b75072598231e17be53721798f7c8d371d3041cf9f6c4c0d799412f103	python/share/terminfo/v/vt320-k3
f	262ee40383d1a4e0390b4ff3f84bb811861a64ffdc62fd5fb0e1d87e77404092	python/share/terminfo/v/vt320-k311
f	b8b33455435bfd11e981f13bb43bb6b0996078672b32ffc2dcd4f455db2271b4	python/share/terminfo/v/vt320-nam
f	17829efbafd65c9b6465abcb3f267da0e2d5c9af0e0c180733efe4b1a2023ee5	python/share/terminfo/v/vt320-w
f	5b13bcde92c2834e07238dd4b91db0163f803abf81333bf7c8055c4b44891b0c	python/share/terminfo/v/vt320-w-nam
f	11904a0fa8df08efa629f6faa270dd928975cc7b8287e9e8820a6bcf5692c872	python/share/terminfo/v/vt320nam
l	e46091f8e25575624d83d6b3be24c4ff726c2021408d3e8e285f57bb3619c562	python/share/terminfo/v/vt330
f	a5000264b5f05d1880baaa2421f3845684411c03daf21734cae7660266980bda	python/share/terminfo/v/vt340
f	a1d16a3511a1d494f755df5d0430ae811283c96c593984344476ca58549a54a7	python/share/terminfo/v/vt400
l	47569fed839bac606e0016816812f4dd3ad5e3c7360bbce0cac26c6e9f35fc8c	python/share/terminfo/v/vt400-24
f	0dc4b1508e62b403ddc21238575bc254975ff847dbd1e988534f5237539b1e6b	python/share/terminfo/v/vt420
f	7b840b66d2b1097b9ca7bc3016e66e011c95e11b10f63101b0b94e789560848d	python/share/terminfo/v/vt420+lrmm
f	6cfba67945c542dde79a370527602e89c43adada001032d2632fc30b6d1d6deb	python/share/terminfo/v/vt420f
f	be3f8b3cfa90749a55d743e78413ff15f4791afec1e87446d43dcdcfd50e4ccc	python/share/terminfo/v/vt420pc
f	a6406e8c3c31b3f54d51fcb3f5091a8fecbcc64c1681c816f9554dbdc7814124	python/share/terminfo/v/vt420pcdos
f	b93c82403e6cfdb64b5f7a3276a1728b7eddbd00bd0c3f1476c493a1d6489075	python/share/terminfo/v/vt50
f	6a862755b544ea68a1e34e41aaf782b4433169f357726c5a33769854bcad354c	python/share/terminfo/v/vt50h
f	f26399393f26adc3c07d1c8810c9a94ca94e4626d5e1a88c3746790cd3d7d455	python/share/terminfo/v/vt510
f	9027303704cccf973794cf16d2d5b7a68740333119c484d3f07e337a373d13d8	python/share/terminfo/v/vt510pc
f	3211cde12152f1a2618f5e1d8ddc3e988cd3223cd57e9c43091547baf2588aa3	python/share/terminfo/v/vt510pcdos
f	84e298d614f21185e2da434d327791c6a9900c81d1d7a40c51878223cff9e9db	python/share/terminfo/v/vt52
f	0e2506e878f0037fb8d81e80c9b588d7b47266f327f35375cb481feff06ffe1b	python/share/terminfo/v/vt52+arrows
f	5a5906b3d39404ed8fa45a0ac78cf3e3912e6497dfc8d3d5343ce8554a9bf7d0	python/share/terminfo/v/vt52+keypad
f	dd6fde6fe71d7add8275b4fcb358ca3071b1f44118b01abec41524d489c59339	python/share/terminfo/v/vt52-basic
f	bb22a2306e76146ec22fc60379bbb61c0ac6ac1aa58ee00f0f043eb6e4a55f46	python/share/terminfo/v/vt520
f	b97236664616380cedc175ebbedd998c8e774f2e28b695015752c0edd76ebd76	python/share/terminfo/v/vt520ansi
f	676377d055b03617fd73304b165c647c8abcec1131a047df46dbb78f7580aa34	python/share/terminfo/v/vt525
f	6d209223762524fd2843b3a59598fef7f81ec06b83aec7a5b60e511f91b0174a	python/share/terminfo/v/vt61
l	b430a76a16555b669e9dc938f07a5685201b02c178d74a65255b62b0161387e5	python/share/terminfo/v/vt61.5
f	19da8f869abb623e3ff0ffeb43ee6929da270ed59cff5904c28418b8d5aa7313	python/share/terminfo/v/vte
f	b82762347e98f900d1358a24fb5d9f6d4de29f81ff2f7f2107e906a911559444	python/share/terminfo/v/vte+pcfkeys
f	bc5a088961166189a34fcd2d0f43ee046f1e652a70b5d7d78258f15caf870b39	python/share/terminfo/v/vte-2007
f	b574aac00c5f7693f7a953f4ce48553dd476d794b726e39b8259fc9ede1f8848	python/share/terminfo/v/vte-2008
f	e523992a1c97df917e13f5f30ccde9d287872f60b1f4e1d94c8dc2402978ffda	python/share/terminfo/v/vte-2012
f	578fb902991439b43323101cd5d2d8b82ee66ccbbd00e9dc5cf65c6707207781	python/share/terminfo/v/vte-2014
f	12389f1109012cecc33eb8683e5ebe2e779007738b1dad2afd85d9b11073f0b0	python/share/terminfo/v/vte-2017
f	547955ecf7d6440c1e1fcc829c654d272517b525c2c0937607c45838517a0db3	python/share/terminfo/v/vte-2018
f	7191e2558125bc0f1e057f078ee6b0fa9ab5ceb633203a83af122660335db811	python/share/terminfo/v/vte-256color
f	2d391102694f9df74ede869c19f985583f6887cda3d5248981c52c108af7f6f9	python/share/terminfo/v/vte-direct
l	5188458b4a1c5f30c04d06ebbb905d4c3782cd97a0e0295b3eec09acf8aa6b4a	python/share/terminfo/v/vtnt
l	e52eb668fdcbeb89d6093c6422ba1c68bb6caace0c3c11e7698d7de0eabedc1f	python/share/terminfo/v/vv100
f	1b818a0e56ea1064bc1e9bc138219326eb5012a0218d1c77761a078abc89a5f9	python/share/terminfo/v/vwmterm
f	425ffba89c9a7cecdb0747559a55b24ad4bec6b254b291abf17001158f2d54b2	python/share/terminfo/w/wezterm
f	da4b9c9c1a1edd6f706eeeb18ce78dbaa79ccd84b431c2d7a0920ad4bdb86f3e	python/share/terminfo/w/winconsole
l	4fb8d5af0cbef3c65d50d1b57655a95d3bafa69cd901654a3b63b9683fafab15	python/share/terminfo/w/wren
l	ab19381aa8b047db2cdfd7ea21796c2caaae50cdfffa0c3fe56fdd7bd2c7b299	python/share/terminfo/w/wrenw
f	b8574c8244724860ea7f8e44ed437187528e176bd2d27297a6efec0ed3c38d5a	python/share/terminfo/w/wsiris
f	0aa64a54430d476be1189a3ed137a3a26208685b07a572c3bfbe5e1c36481318	python/share/terminfo/w/wsvt25
f	3c60eff47a1f079057ac554ca4b54bc933d205ed82a33e4ed85fce9f2df53423	python/share/terminfo/w/wsvt25m
l	99c69311b400a4895eb491d9524ca72e250060908928635730aeef33a1c8724d	python/share/terminfo/w/wy-75ap
l	57fd378c25aac5718695ee17da6a8a2e94107277495fef028ca9d178e3e7dcc7	python/share/terminfo/w/wy-99fgt
l	f6319af9f64580cbcb12100e86568a1b83c5eb64528413ebdcffa16deb11113e	python/share/terminfo/w/wy-99fgta
f	249f76be5cb244aba4f7d4d88ce77426c0913bd6946f47eacf355f45955cdebc	python/share/terminfo/w/wy100
f	106046338451fe1da521ebaf5afae5fe15cb87042451c83756959b281cf67ac5	python/share/terminfo/w/wy100q
f	992ef0c3b1f875614b9b3270048121c82d6353a02ba2bf4a5e509f7aa9b46c07	python/share/terminfo/w/wy120
f	935b1b7340fe4f699db4380ae3824f5ff656379e41820d4021b2c4dbba5f7aa4	python/share/terminfo/w/wy120-25
f	d1a1b643ceb70eb7df61eab7537975a8c582060d867811af89031ce0bda82182	python/share/terminfo/w/wy120-25-w
f	1debc1fdf45f1e0c3b0f97e213d6c5aee146c515c3fb1961a0a17b92d4a847ca	python/share/terminfo/w/wy120-vb
f	67a28ff5c36310b4c78d2151f224fd11fb88cbf70e5f8f54381b24b1179739a7	python/share/terminfo/w/wy120-w
f	c52ec094b04b567b8535fba9075af3b2762672fb7558890c227c51f3651d7fb8	python/share/terminfo/w/wy120-w-vb
l	b9768018d8dc98477bb6024e7bed85d85c83d814493b963e11d4bd0bcd6e9dfb	python/share/terminfo/w/wy120-wvb
l	099fe0e1d8d8b36738ebc14e77d0e91765773a8794e9284d900b25dd049f912a	python/share/terminfo/w/wy150
l	1a32fd7685b03fd6b5a4ad43f67d31102275ef26c4b5eb5a5d4787a7eb1f4661	python/share/terminfo/w/wy150-25
l	d18b195e198a6c58f8e47a25072878f854c4fd307e5010929bd79658155a6f8b	python/share/terminfo/w/wy150-25-w
l	84724965e9de6a856dfe27c7dbeb2bd9bcb7226da9002408b4c9b6fb50ac199c	python/share/terminfo/w/wy150-vb
l	06a324c67f3d042bf8f7b7b62577a74e800957764333e98827667f15e8fd5f14	python/share/terminfo/w/wy150-w
l	b9768018d8dc98477bb6024e7bed85d85c83d814493b963e11d4bd0bcd6e9dfb	python/share/terminfo/w/wy150-w-vb
f	1553e462c12810ad332f568761383d6dfa601d232b74224002c9cf9f996c7b43	python/share/terminfo/w/wy160
f	d4dcb0a9dd2f84930dbb8bce63103ade5600bb24aeaae2b8381ab2f3f779c6ca	python/share/terminfo/w/wy160-25
f	26d70c9eb6c70c4ff5c833212ba409709dec1fefee83d30cbd5797926e8fff5b	python/share/terminfo/w/wy160-25-w
f	2f8e8b2b50c8e528c70e2fa63f20f20bc8700d2c84b96bf92828f8cd6db8e6b8	python/share/terminfo/w/wy160-42
f	b5de92ed006fa8483ee1f59101782d8a716fbba284b55f054d713f393456ebfa	python/share/terminfo/w/wy160-42-w
f	bbaea9c67861132df81c8e61d45fe81a30003b2239743278e1f6fe65c443c891	python/share/terminfo/w/wy160-43
f	c44de17cba55a8775e88017da7ab4e115eb6f7bd61d6750412b96367fd776bf3	python/share/terminfo/w/wy160-43-w
f	4da61764bca0aff6b1763e8fed076d80002e1d9251330da89ba2d198c92e7ba3	python/share/terminfo/w/wy160-tek
f	403a7e7accb7d78401aff96f9cf2619900b5aa8b0a1c93ed8732edd7db9e2f6b	python/share/terminfo/w/wy160-vb
f	a382801725876529fe16316deef50490ce6c48a16a328b5252f08d85c5827815	python/share/terminfo/w/wy160-w
f	90a6bbe58b0bf1e27930056d02d2dd626bfc3f26a690eb6506747d68ab13fdde	python/share/terminfo/w/wy160-w-vb
l	8b2e978c797a9cd6dce7144453eee049e6dd676dd80aaa4d0c4e089ff6d56342	python/share/terminfo/w/wy160-wvb
f	0ef8843efdd71e94a63dbd89c2a34baa695d05b734757a6855603270e459ffb5	python/share/terminfo/w/wy185
f	b1df365bdffb978674941b09f4161ae37d4c61f7f1a776e76c0625f3b27dfbfb	python/share/terminfo/w/wy185-24
f	2dc899e60d3915ffde52c429a50d157e40cc0134aba9f7a5e186018bb19099e4	python/share/terminfo/w/wy185-vb
f	c17f1e2aef1edbd44a6d379fa4f8fd55f8332efd68a34e1565d12a10e6570656	python/share/terminfo/w/wy185-w
f	e399de9a4b9875146ec899def9e4012f1e3665f3cfc0b5aa330c1325ecb0c96b	python/share/terminfo/w/wy185-wvb
f	2d53a1dcaa94ede75ea9f02bf903f0a2c3199f575ccc82dcbc2a0d4e94cffdad	python/share/terminfo/w/wy30
f	3c8204b6b2cacb3440ba95dcf41692f42aaaaafa5c6cdc0c20a4462cd61d9a81	python/share/terminfo/w/wy30-mc
f	24b67772a72e2fbecf0d63cfae79f80218380f92130f47658fc98050cb707c6d	python/share/terminfo/w/wy30-vb
f	84291fe929189fae5be60017e39b40ea7e6db8081604a5daa040e07ac77e8b69	python/share/terminfo/w/wy325
f	6eda8c51977f2040b87c9cf4feb1e708ab4d9288552dd835ed790023b969c721	python/share/terminfo/w/wy325-25
f	e400c43296284332e0bf3ac07d9d74214107e77a1fb52b9489e7a9f2d45980bf	python/share/terminfo/w/wy325-25w
f	0c7a84ffdf5cceb7ac8fc201f48fb973e0bec84bed959187c40ddbb0c5a08368	python/share/terminfo/w/wy325-42
f	41f0e2a823a0cd2c8273e38146fd1ddfcdccc8b5b5c4a4575ef365256681017a	python/share/terminfo/w/wy325-42w
f	453f61033d61bd72d5d306565ef44e28bee0c6fffc7adf807dd35452bb7b70d8	python/share/terminfo/w/wy325-42w-vb
l	5342e948edf2feacc5200620e031e2b415573cd6b3a7eb5be2e2c06b1400ce46	python/share/terminfo/w/wy325-42wvb
f	908c5e2972145fd422228a94f7f2add1288d7294498f8ddcc648918ac2d2a681	python/share/terminfo/w/wy325-43
f	bae85169d62cf3862778edbc0de4e7fb98f269f8f44ede5f5d476b70c0fcabe9	python/share/terminfo/w/wy325-43w
f	a5c7205af4ac395c193c004f7e2942f0acb856abf334ec447a25767a672dd006	python/share/terminfo/w/wy325-43w-vb
l	ffba281a36e7b606bb01a743493afeb66f7785643a7e7e63196f44fb4b8424fa	python/share/terminfo/w/wy325-43wvb
l	42cf5371c5a5092fee0027206cd1f628a1c6a76140615ad12cbbcd4b598818f0	python/share/terminfo/w/wy325-80
f	e3490461667bae4840fd535feca402ec36c23a9f134c638674179f13d2bfb301	python/share/terminfo/w/wy325-vb
f	ecca316b6da8c8c9130cf1d6a6cb85731c11c9f77304c38b8307201712685267	python/share/terminfo/w/wy325-w
f	09e79f047f2178a515c2582b0a1d823ab66522725f59ac1498139c204d31a457	python/share/terminfo/w/wy325-w-vb
l	c5937508248611c4468a27336d8a5f4f8be0b8a10bd18fbedf9fb7ba514eba48	python/share/terminfo/w/wy325-wvb
l	b3c5dd668bc21c481529f82c3354a8acf9cc3b7133d0bfe047aba5595505d5b1	python/share/terminfo/w/wy325w-24
f	b2b50a6ac69355024c3289d19a64f78f60b0ef289ec63a51da273d5b0a452b6a	python/share/terminfo/w/wy350
f	e5cca9fe9fbca95899bf7a27d8f00b24db7ef31483299be66d940432da1a51cb	python/share/terminfo/w/wy350-vb
f	9e63965d1978896afda8aa692dd20612820348e14c2affbe033d83f1d7d37b7b	python/share/terminfo/w/wy350-w
f	76dee4ef39b8542e1dfca0837758a69e0afc1e66f33b0b278ece0fb129a93d8d	python/share/terminfo/w/wy350-wvb
f	9fabe5c0bb3d66326f5bbe1737987fab1d307f20ac81a31f1406a63190abb24a	python/share/terminfo/w/wy370
l	d5ae9f974f354adc0f3a282a8fa958c15aa9553fef668758c3efe43436d2c139	python/share/terminfo/w/wy370-101k
f	f37e8d1b362166b425a8b0974ddc91cf35eb4bbc0bf8f967239b236b9384b277	python/share/terminfo/w/wy370-105k
f	7ab138a387e0bc91d8a479c9890324e07b5337d0911dd10cff7ce79708674f56	python/share/terminfo/w/wy370-EPC
f	861165ae9c764404016075808061a4ad002328a250d089266996f56315d06a43	python/share/terminfo/w/wy370-nk
f	1de2d4d1713c26eefc481f3d040e59e49f51dcef3aec7b7876c8f9cfbeee36b4	python/share/terminfo/w/wy370-rv
f	c8ddd7220c8cc2bbfcfaa450ba5ef6eb91088ef13cdcf56a30aa8d3fd7508a6c	python/share/terminfo/w/wy370-tek
f	2618445abb69a604706828940e43a64fec6aff7b13b58ec2e265d7d2c67544c7	python/share/terminfo/w/wy370-vb
f	1e1dfaaef6d791fcfe49cd17c30e7441ef00278f96a17272ce89b36e50fddc45	python/share/terminfo/w/wy370-w
f	4b92a81bed14fa50d5d77403066e7a002f91dfcee7d97ab025745c60b6f73612	python/share/terminfo/w/wy370-wvb
f	b5c9ffb9c093bfc645c175738c779c6f78325f6c8ff3a83f67dcb4e51e68da5e	python/share/terminfo/w/wy50
f	071290fa85ac5ed0801f6267de5829e9f337a0d956a007d9ef3fcaf35cfd485c	python/share/terminfo/w/wy50-mc
f	012d3ab1b4d0875dfaa040d9f7ac08bc21a7aaec9860e1cda8af2e855c9ddbce	python/share/terminfo/w/wy50-vb
f	12f75428cb22fdaa177bbbd738bfa079c90231ac666b29d82d9e37bcbf57aceb	python/share/terminfo/w/wy50-w
f	1853cea1f55681a3e3ef87311ffc26f31dc9807710cb76b98b09c24fc7af9abd	python/share/terminfo/w/wy50-wvb
f	d9edc1223cf93cfbb5da09e8495029fd548664341d20be654b39d28e3d7f8bbb	python/share/terminfo/w/wy520
f	d60204d1c6facf9b83b6964a8df47e10b723d271615721353a942ac835a8d33a	python/share/terminfo/w/wy520-24
f	98f808b89a4289ffb92a1ffed9f416253db3ce43b398b6db90ec748075356c21	python/share/terminfo/w/wy520-36
f	e94a52afd1416bf4c394c903202f306f3ec7864742228a2efb6803cc16230ff1	python/share/terminfo/w/wy520-36pc
f	257e4d2bd6f1c7bf6db3bcaf1788918dcbff5a7c4ce91dbf79398b410445c013	python/share/terminfo/w/wy520-36w
f	635c55fcb8abd3e8204d9bbd3879979edd206ae4c54c80dddc96e9d2e4e014bf	python/share/terminfo/w/wy520-36wpc
f	d09bb9c0fdeeac2df5d12bd0d3fd271f777fe844821e5472e3761ac2c7ab71e8	python/share/terminfo/w/wy520-48
f	5caf2354c73e1ab5ae2ae60dfea5f93510ad313038a503e356f5a81cec649ece	python/share/terminfo/w/wy520-48pc
f	af6a54f77091db7f803cd82405140006e19d0321adf4c58013bc2d3f73787ce0	python/share/terminfo/w/wy520-48w
f	6822dbe2f4ecffbfd05a0c138c54143e91754c34f94238e9fa4fd2735a90c73a	python/share/terminfo/w/wy520-48wpc
f	a9160ba2bff24466c1d525e0f6c06b2e8eaacd7fd566d1f234262292287e59bf	python/share/terminfo/w/wy520-epc
f	9a5fd03db403f1c2d169df6287c63a4526a67c020eb2dd0015e2dcfc7e9f3551	python/share/terminfo/w/wy520-epc-24
f	53d7e990f834afed09b91bcd72413e598134c87e4b11628b9056e5c7b419296a	python/share/terminfo/w/wy520-epc-vb
f	52793750c3d73aef2e9d67b4197c5963547297e49f593f55b7e152fe428f3be4	python/share/terminfo/w/wy520-epc-w
f	97e5da80369167a64277f5c037c91e2240758758912c6e2e2e65d7dde6d2676d	python/share/terminfo/w/wy520-epc-wvb
f	bdfece488f515ba914932ddb95fee34dcf4cd5b0ec94bfd65533ad7da59278eb	python/share/terminfo/w/wy520-vb
f	de87d8444d1a398bc31de92a31d2a9d7897b8c859021866ccd2ee1e41ff9f6b0	python/share/terminfo/w/wy520-w
f	83424f0d18e6efd440bef6fbe552e335cc05055d43a63bec7360c42740310a5a	python/share/terminfo/w/wy520-wvb
f	d889a30678665d8d75abe7cd453cae05c02179d0e40627fb8ea9ba2fa0fb5c0b	python/share/terminfo/w/wy60
f	82b9564c03ee6473d8ef6bbfe83e0842c13ef6d13d2a184d46ec66ddd3b72557	python/share/terminfo/w/wy60-25
f	f3b4cb8f3a7329c1fbfd5c651f5b54a901279c908d2c2d70104ad3b5fa64bb3c	python/share/terminfo/w/wy60-25-w
l	4a47b88317e250554a9f7b7ea351c6c10a8600a5ca697a9fcb43688c3c864e5c	python/share/terminfo/w/wy60-316X
f	c4c75f9632616f07049e2624f3fdfe6d784cb1a38464a13f6a4fa9e4b779f14a	python/share/terminfo/w/wy60-42
f	e4c4a21e23e45b0d171e56e19132485b2c57aec2209f3d13d4367e1388783d65	python/share/terminfo/w/wy60-42-w
f	20edfd6c50a3ff03526c3ce4e44a14d47f1177e989deb84c04c66c0e1cd5dacd	python/share/terminfo/w/wy60-43
f	ac2f88c4890241b7cdbd613756cdbd224b7d1d6d7e53421ed261db76f969ccd0	python/share/terminfo/w/wy60-43-w
l	f2469faa867a84f95410751494885a83ced9da41c45c1bb4cf41a21e1113452a	python/share/terminfo/w/wy60-AT
l	d1a5b0bba73bccacf9a2e3495776b854aed52dafe8942a7fede7ae677a159417	python/share/terminfo/w/wy60-PC
f	d799688fa5336e1c0ff8f452fe2ec82aa6dad689405e71523bd166b34b8e02d7	python/share/terminfo/w/wy60-vb
f	da0328d143f3dab9a3c096d93bf77f1a9f732780653f50b8a63a060fec95eca5	python/share/terminfo/w/wy60-w
f	f06942c370999949f45b0a06895b6f76591a10d1daed899b42e2907abdbf4af9	python/share/terminfo/w/wy60-w-vb
l	79fe7431bda5e6381d08d0cb78294f918aba2d2f7daaba92b1a8313ef19190e1	python/share/terminfo/w/wy60-wvb
f	4fae3a20f1bdf3e84e31faa6a4dd68098d1cdda5d808536f2aa42943f74d959c	python/share/terminfo/w/wy75
f	cec32937af6eb7f930d0594bab374d5030caf654a73950a9c55d57a03c8a0765	python/share/terminfo/w/wy75-mc
f	6536ad38eb2d29a5ad11673bf087690eea02298629ea3f544897da41923267e0	python/share/terminfo/w/wy75-vb
f	b04d59b06e09153c9c7f8fa91e1638d3fc74cc3f4441d9e427305028117af479	python/share/terminfo/w/wy75-w
f	8d86d65131c4a1bf3d6bb749365d2d10ad878a4ff117e7c2b1114a89865088d2	python/share/terminfo/w/wy75-wvb
f	c8c6a67a9b89fd12ee15b1dee1cf4bccd11effc65617a5ff2bee038f48ac32d1	python/share/terminfo/w/wy75ap
f	75a6da22075c05405d30ce3edf989145297ccc1ae4dd4b79485e59509f20fd13	python/share/terminfo/w/wy85
f	8a91d77e0fc76fa8afbe741f3253a43de4202ec122e0b4485199d27eb79d7a02	python/share/terminfo/w/wy85-8bit
f	35cef22ccfab6819b9e97f4874027f0b92c3b0a142060c71e2454c3c0f5fcdd1	python/share/terminfo/w/wy85-vb
f	ee94d1b7d66b43734c983152162be62ed2a26ec34ee3adba597679cda049bc72	python/share/terminfo/w/wy85-w
f	130f0b17fbf724019056743499ca454ec5f915207e2da9945aeca2cec3ee7650	python/share/terminfo/w/wy85-wvb
f	13a791d3effa36c2a29da972414123b8aecd448eb13cd76da7a5187dda4941ae	python/share/terminfo/w/wy99-ansi
f	9653258959edfc7b9bb504aadc2c9105596f8acec4706cf1d1795bfc59d6d846	python/share/terminfo/w/wy99a-ansi
f	27e2ef2d646945432471bba70fe50327cd32b701c5dbd62678c9acd78eee4b6f	python/share/terminfo/w/wy99f
f	61ccc81af23c3d15c4b4e1ceb1e0c934d12c49179a4bf2ffe26dcd05b95d0041	python/share/terminfo/w/wy99fa
l	57fd378c25aac5718695ee17da6a8a2e94107277495fef028ca9d178e3e7dcc7	python/share/terminfo/w/wy99fgt
l	f6319af9f64580cbcb12100e86568a1b83c5eb64528413ebdcffa16deb11113e	python/share/terminfo/w/wy99fgta
f	6c3f7e7b727416304639529ea9270762858ad144c4ca36918604080bf05caac6	python/share/terminfo/w/wy99gt
f	b3c11c87f34c68192dee8654d463c976a9e5391cfc1f0db0734a921933aa715f	python/share/terminfo/w/wy99gt-25
f	2a11344fb910640a80000bd5a301aedc172807c5bf376e16f2ee380ca4fb2844	python/share/terminfo/w/wy99gt-25-w
f	d88118768d6b1e4d2ba65ea52518e75e5d6c3af0a4478c021ddca2f75e307a90	python/share/terminfo/w/wy99gt-tek
f	51fb874313b8133175b8650d6bac70d55fb11d1398dc0142156644a0b369eb0c	python/share/terminfo/w/wy99gt-vb
f	5ff8b2dcd2d88cd2c57491f7466eb5362a3b2c30cd7e25c242cc5b5f421c42db	python/share/terminfo/w/wy99gt-w
f	4403ebcbc34a2ccfe965b170ac3ee98f288d1167330eb668b0430258b565a988	python/share/terminfo/w/wy99gt-w-vb
l	35919b4df8a26330e2e4de11b2261d6d6f9db33b97ba9d5aa657f586c66fd141	python/share/terminfo/w/wy99gt-wvb
f	e3338c737bd40d9d73ac963c17709f7082522dec1722514c31e6ab692d7e7b67	python/share/terminfo/w/wyse+sl
l	42cf5371c5a5092fee0027206cd1f628a1c6a76140615ad12cbbcd4b598818f0	python/share/terminfo/w/wyse-325
l	99c69311b400a4895eb491d9524ca72e250060908928635730aeef33a1c8724d	python/share/terminfo/w/wyse-75ap
f	2e884dbef17cbbea1f6ed879be7e7db1c6f3fb5f4ece936e7c6c9e2fe72dbe10	python/share/terminfo/w/wyse-vp
l	099fe0e1d8d8b36738ebc14e77d0e91765773a8794e9284d900b25dd049f912a	python/share/terminfo/w/wyse120
l	1a32fd7685b03fd6b5a4ad43f67d31102275ef26c4b5eb5a5d4787a7eb1f4661	python/share/terminfo/w/wyse120-25
l	d18b195e198a6c58f8e47a25072878f854c4fd307e5010929bd79658155a6f8b	python/share/terminfo/w/wyse120-25-w
l	84724965e9de6a856dfe27c7dbeb2bd9bcb7226da9002408b4c9b6fb50ac199c	python/share/terminfo/w/wyse120-vb
l	06a324c67f3d042bf8f7b7b62577a74e800957764333e98827667f15e8fd5f14	python/share/terminfo/w/wyse120-w
l	b9768018d8dc98477bb6024e7bed85d85c83d814493b963e11d4bd0bcd6e9dfb	python/share/terminfo/w/wyse120-wvb
l	099fe0e1d8d8b36738ebc14e77d0e91765773a8794e9284d900b25dd049f912a	python/share/terminfo/w/wyse150
l	1a32fd7685b03fd6b5a4ad43f67d31102275ef26c4b5eb5a5d4787a7eb1f4661	python/share/terminfo/w/wyse150-25
l	d18b195e198a6c58f8e47a25072878f854c4fd307e5010929bd79658155a6f8b	python/share/terminfo/w/wyse150-25-w
l	84724965e9de6a856dfe27c7dbeb2bd9bcb7226da9002408b4c9b6fb50ac199c	python/share/terminfo/w/wyse150-vb
l	06a324c67f3d042bf8f7b7b62577a74e800957764333e98827667f15e8fd5f14	python/share/terminfo/w/wyse150-w
l	b9768018d8dc98477bb6024e7bed85d85c83d814493b963e11d4bd0bcd6e9dfb	python/share/terminfo/w/wyse150-w-vb
l	a42c3a2ce5b10d0d4fd5970e648833d8bf2331d7576bc703fd919b739f4c49de	python/share/terminfo/w/wyse160
l	0d0702e3e8e4f131f2cf286af80003c5178781f1c13155d7c55dad968ecc9fb3	python/share/terminfo/w/wyse160-25
l	12a02a4284e9a6117d150f548183837758399a9638f07a264e48a20f49574b39	python/share/terminfo/w/wyse160-25-w
l	ecffb8cccded1edfec1bdc6967926f332e9490586297c3cf11251456cfc4fe7c	python/share/terminfo/w/wyse160-42
l	f3b96050cf95401a55c2508b4014099664beec5bafaba2abfed83c5f450ec8ec	python/share/terminfo/w/wyse160-42-w
l	fb25d3c0638f5af0af6bb514437cc8e505cc8546762eb5427fc7953b88692c9e	python/share/terminfo/w/wyse160-43
l	9406f8822fb247c11b385f4a0135da25d5c4b21206d2152daf5ea2b8cccc0b0d	python/share/terminfo/w/wyse160-43-w
l	e763dfda1a4939ed60f801c9dd8e502e9d836811b4ac0bf5144a7f139dd9208c	python/share/terminfo/w/wyse160-vb
l	824e7881f6d8c48b39595ecadada5358ac874452ee9da22ecb6aa517bd196fa9	python/share/terminfo/w/wyse160-w
l	8b2e978c797a9cd6dce7144453eee049e6dd676dd80aaa4d0c4e089ff6d56342	python/share/terminfo/w/wyse160-wvb
l	52d776fc0a68d070676faf34011a85c11526acdeadde087cebcd613b308a4c57	python/share/terminfo/w/wyse185
l	d9fa3419753c2f7565d490842fe80fc8d3f8b3e670f86113f7ae0da97e256cbd	python/share/terminfo/w/wyse185-24
l	a86f5fb46648ac490143ec8567f43bf09416407835b2195ec693f77c813a367f	python/share/terminfo/w/wyse185-vb
l	4be25fd9a8b892166dff134df6c0a970f6ca57e4559023d8d2f33cd37297718e	python/share/terminfo/w/wyse185-w
l	4effb4906e18d13a4ef3584e9bdd67bb4fb1747f4312c67683ace7aa686c3081	python/share/terminfo/w/wyse185-wvb
l	17ad0359b43319bf06e28a8dafe7af67051495f0dbc857b87454cd77a23414b2	python/share/terminfo/w/wyse30
l	f69b80e4a9f0e07920582861e43fc2866649bc41d22c7e7839ef0e03228e4be1	python/share/terminfo/w/wyse30-mc
l	ed32b81e530853be8bc3472b89bcb5a0739c1a867859a845c8232f088f890ce7	python/share/terminfo/w/wyse30-vb
l	ff21fef55ca8509fcd1aca57c0a8b31a930d40b17525908b5a06d1fa808464c1	python/share/terminfo/w/wyse325
l	42cf5371c5a5092fee0027206cd1f628a1c6a76140615ad12cbbcd4b598818f0	python/share/terminfo/w/wyse325-25
l	28a8ad9636f7b4ac32b25d0e91a15979199aaa28372e7eaa964fe86fc1912a55	python/share/terminfo/w/wyse325-25w
l	5084f6927d21e67f0654d0a7cfc521510f5bac01ae5abf85fd25aaf17464024b	python/share/terminfo/w/wyse325-42
l	074760b00793c44eff1b19d0f55aa31238bb60d03302fdf89b89581778a8801a	python/share/terminfo/w/wyse325-42w
l	912504396800c7294edde5aaa15eea1a6f5f3a86ee0326aebc3ed4f3b9d1de21	python/share/terminfo/w/wyse325-43
l	00eb2568f75649b250c5173fff5671da13bec613f9a62908a1143539e4f5fbe2	python/share/terminfo/w/wyse325-43w
l	65d42658e013415067c419cac95fa5c2232947998a6d5969da264648424859dd	python/share/terminfo/w/wyse325-vb
l	b3c5dd668bc21c481529f82c3354a8acf9cc3b7133d0bfe047aba5595505d5b1	python/share/terminfo/w/wyse325-w
l	c5937508248611c4468a27336d8a5f4f8be0b8a10bd18fbedf9fb7ba514eba48	python/share/terminfo/w/wyse325-wvb
l	3ac7543a37d50d6b003a9618e3bc2e3fd54827110fe5fecd686b418e0a7a857d	python/share/terminfo/w/wyse350
l	b5c6b8c79c4574a053aa78ed8060fee37b14268657a8465d3ad30c8e064c7989	python/share/terminfo/w/wyse350-vb
l	31eaf394d0860dcd993f7cd1413da43b480304d3ad34b6ac73780eddbbe49fe7	python/share/terminfo/w/wyse350-w
l	c117ba4182bb255554a41d4c92ade433cf80016ff4126635d3767c9775dfefca	python/share/terminfo/w/wyse350-wvb
l	d5ae9f974f354adc0f3a282a8fa958c15aa9553fef668758c3efe43436d2c139	python/share/terminfo/w/wyse370
l	9f4a2717ffc2cd131377754b2278652671d3a5037ec1bf5e0baab5a48fd76713	python/share/terminfo/w/wyse50
l	cbf2d98030fa2c5d19074e886e17d94372200388e4c37be3d2c7d4d3e72647cb	python/share/terminfo/w/wyse50-mc
l	613fe1c1ff50c53239261534d1c05a99a5af40ede8787bd952f14ea7003685a6	python/share/terminfo/w/wyse50-vb
l	b7fa8fe3119adcead8500a1c1e70b55ed69be1541fc62f499ff07b42bddaf11f	python/share/terminfo/w/wyse50-w
l	89fbca00e57c760b518a12471a3cd0d9f4111e222f7a7f3f5f6c9f326b87c821	python/share/terminfo/w/wyse50-wvb
l	a0114b9b552f95d9015270c6381ef5a64354b4c8de3e3122a1b57dc8a4a6fab3	python/share/terminfo/w/wyse520
l	1e40b06ce740309016c063f102b7f59bc42f6df2f42c298a39d14b341d13f474	python/share/terminfo/w/wyse520-24
l	4763a489f4bcb96e121c9577e24c7d1bdada94ec932eebc977707a402666d5dc	python/share/terminfo/w/wyse520-36
l	7718653f89707c9f6051dffd6040997d30261671bb06ba8b4e89c76b9d06afe3	python/share/terminfo/w/wyse520-36pc
l	70c4b542762a6ce194a0c44886c4f6a7e5f9740e5429e8cf257f1458f44ac211	python/share/terminfo/w/wyse520-36w
l	17d8b1bc121b21e9ecb35f143a47facf94df1a4a65c18565b43bac2e44e02555	python/share/terminfo/w/wyse520-36wpc
l	a81381079a3855fd83ab1d3227d54c4afe03cb0b9f45cab2d7b565291cd2defc	python/share/terminfo/w/wyse520-48
l	75770c1a7be04bf42e4b5637a6177df7b4dd08588a18ff30346046704cab1dce	python/share/terminfo/w/wyse520-48pc
l	e818472393554e1906af4eb9edac1f66a13590056d6e4c2fd2b82f55bc47f571	python/share/terminfo/w/wyse520-48w
l	a8933777a6f617284feea600fc1dc72d2c9c8c3a23c50b8717a5dc127459747f	python/share/terminfo/w/wyse520-48wpc
l	e67908f38a7332101701f5b880195fc6b9ffdf317400f4f143c374d78f6f875c	python/share/terminfo/w/wyse520-epc
l	e846ac59687b8f31570388e2eff7e7c377ec2a4fd465431b206b5b5cf7c02e39	python/share/terminfo/w/wyse520-epc-w
l	7a44c110c5f33b73f1c47d9dfad9cf3fdfe715d963d6d3686bf6f4577b9ed405	python/share/terminfo/w/wyse520-p-wvb
l	ad2989e40317cca280c24f35274ba74f515832a6f66472cef0d6f3ffef585394	python/share/terminfo/w/wyse520-pc-24
l	14d02e459a93e1bebb3c1b346bd80082864af99d96a19a2fd0801ea40d455b6c	python/share/terminfo/w/wyse520-pc-vb
l	dfaaf4905516e7946bde83b02fac3403cbd08d49d5df7fae0fab9205178351c0	python/share/terminfo/w/wyse520-vb
l	0c1d55b8671c08df993b78541d7f4a0703fbf0b76f157e69100ffb4f24c5ea68	python/share/terminfo/w/wyse520-w
l	4234a20bd5651e59f01d3b373664f646df95af2134ae28e992dd95c64b372f6d	python/share/terminfo/w/wyse520-wvb
l	144ed6184e0e16e092103394929b2a946cdbdf7e0b8d0a5ec77c44aa8af58999	python/share/terminfo/w/wyse60
l	12f06ace79e852575d4783492ce88ae83eef7017fe9be37ae533b1eedf56e6e5	python/share/terminfo/w/wyse60-25
l	6581dd063479fb5862ebdf1a20892d365d8777caf97f325e8ebe347984926ed7	python/share/terminfo/w/wyse60-25-w
l	4a47b88317e250554a9f7b7ea351c6c10a8600a5ca697a9fcb43688c3c864e5c	python/share/terminfo/w/wyse60-316X
l	753d7e2d0cc06e62e3bac00225c029467fb9ceb3a3686c7b4e9298325e0028aa	python/share/terminfo/w/wyse60-42
l	a7e7e4aeafdd149a54905c6630913abcc01b255a79228b4c6cfb57d7435b3ecd	python/share/terminfo/w/wyse60-42-w
l	b79163fba21f6fce0d71300d08a635c7885e6ef7edf30d3ff106dce67732db7e	python/share/terminfo/w/wyse60-43
l	2accaf6fb8c6558de93e6ebf44130857c29d76e0f5f253532ab901002f8039b8	python/share/terminfo/w/wyse60-43-w
l	f2469faa867a84f95410751494885a83ced9da41c45c1bb4cf41a21e1113452a	python/share/terminfo/w/wyse60-AT
l	d1a5b0bba73bccacf9a2e3495776b854aed52dafe8942a7fede7ae677a159417	python/share/terminfo/w/wyse60-PC
l	dbb025d6c91fc8767adeee3a8dd366059f08b6e435716f702f48a1c53b72a600	python/share/terminfo/w/wyse60-vb
l	72022fcbb93dc2686f2f857da7f4533168700118707f3585e76dd1dafaf0fadd	python/share/terminfo/w/wyse60-w
l	79fe7431bda5e6381d08d0cb78294f918aba2d2f7daaba92b1a8313ef19190e1	python/share/terminfo/w/wyse60-wvb
l	9c24fdc33b6447f7d376de6189552d5d04e1f2f2917de740f9a905d9325e8fbe	python/share/terminfo/w/wyse75
l	30115b0014f667370ce8e8d14b6b9b3d882bbd4e794ff295544ebe5ce9273864	python/share/terminfo/w/wyse75-mc
l	12735bb5343ff7db7ce9a80f400a0a478be87d216dee7cb8e9aad20363211873	python/share/terminfo/w/wyse75-vb
l	39db092eee913fc125b06d88d26e665ec47d66815a1dd06e13e56324d94a65e1	python/share/terminfo/w/wyse75-w
l	c114a1c78f33beb90e433b987c3917c09fade210dd75184382b95a2eb3a20731	python/share/terminfo/w/wyse75-wvb
l	99c69311b400a4895eb491d9524ca72e250060908928635730aeef33a1c8724d	python/share/terminfo/w/wyse75ap
l	b5f374b7883675960fac5281442e0025af65626eeee638a7b52bbdcbe63b1b58	python/share/terminfo/w/wyse85
l	536922410e881564ca795b09dac31cee5ce3f3313fc1b0dbd9484a123e5d0cb9	python/share/terminfo/w/wyse85-8bit
l	86512e308808ea1fa1de9b6e03023c310b4032aa1d0cc9142f2d89e212279287	python/share/terminfo/w/wyse85-vb
l	bda944b1b41077dba2daf12f1ae1bf4425787c390bfd963147adfa7a18c2dc32	python/share/terminfo/w/wyse85-w
l	5e46b8320bf02a84bd46305dca52fe3ed9a57a870cd7d474492d6bf40cfaf31a	python/share/terminfo/w/wyse85-wvb
l	de81b09e472b98ac23209e9ce338ec2e7071df9aadb14b8f6c3545b69116a070	python/share/terminfo/w/wyse99gt
l	1b0133d2586e0837aef26902ab6ebed4d4aad9aaf76a151761d2266c6b3316c8	python/share/terminfo/w/wyse99gt-25
l	124ac640fd44ff310f1791c37ca0e515b691e5d2a168b9d69deeb1a1104c2bea	python/share/terminfo/w/wyse99gt-25-w
l	9f11f31eeb8b963ed794a0cce93748247af7b69c9503b18712c0cca0172ac380	python/share/terminfo/w/wyse99gt-vb
l	0be399c0177d7c8698edbcb4d9a0d0db4893977d3cb91356c21c254b619af03e	python/share/terminfo/w/wyse99gt-w
l	35919b4df8a26330e2e4de11b2261d6d6f9db33b97ba9d5aa657f586c66fd141	python/share/terminfo/w/wyse99gt-wvb
f	9cd80df8b49367c552d52fbcefef42a4b62312269fb7103acad4e074939416ee	python/share/terminfo/x/x10term
f	dccbe167e31224bada9508ee981c52a4e9fd1e2c29e759b0c5d880d3e8270170	python/share/terminfo/x/x10term+sl
l	0b9cb1e932c2633c3bc4c9d93a481d18aeb65b8af6fb5feb37d082980b761eff	python/share/terminfo/x/x1700
l	67b2ddbde73b8ef2489d5a1272a4e94ae66018e43a82def9162cb2b218c12db7	python/share/terminfo/x/x1700-lm
l	4ac1201af7a3f85c13021998ff3fccc75b71991d010f37ba5665a6dbacd88b7f	python/share/terminfo/x/x1720
l	4ac1201af7a3f85c13021998ff3fccc75b71991d010f37ba5665a6dbacd88b7f	python/share/terminfo/x/x1750
f	9e4e6d2fbd09053bfa7825e1d42466be27a4c499768c78661d37c99f8aeed5c0	python/share/terminfo/x/x68k
l	45b351482fa8f533901ebbbd65e6a396e13bd04e3a3ae3a23c9b9b169b566085	python/share/terminfo/x/x68k-ite
l	74b7d6f844456f1f10efdd3bc9a7661c5625495e3e86360ae54e34e0ca5ca4ff	python/share/terminfo/x/x820
l	83e0619f5394ca3fdb217e697448a94a852fefeae6f8ae39f54be567baf793ae	python/share/terminfo/x/xdku
l	9ad8a41b86efd620d901b2c97079f4bdf02004bddd7b82a6dc0622d6d1e4ab72	python/share/terminfo/x/xenix
l	0b9cb1e932c2633c3bc4c9d93a481d18aeb65b8af6fb5feb37d082980b761eff	python/share/terminfo/x/xerox
l	db4a005f2c6f2a96182f8bac0e19ffad83d0e438c091fde4d3eaea50b5ba327f	python/share/terminfo/x/xerox-lm
f	bb369579ad454ed580c42f95465b83e7e05ba86d9e7fdcfce1555044729515b4	python/share/terminfo/x/xerox1720
f	8feb97e7d0dbd38ece875917668919ebc66c32f14791154b806017fd88628745	python/share/terminfo/x/xerox820
f	390a5f18914c8c867a62637326b7a0f00ec72c746fe282efe55fa36746241c84	python/share/terminfo/x/xfce
f	0d861f58a1dc65095ba43c44a3d0d7170cde117de44ff1ec750d43d0f37e44b8	python/share/terminfo/x/xgterm
f	517d129433684bf5f2f7c0357362867cad0caacde89ee8748a2329d9b16edb70	python/share/terminfo/x/xiterm
l	46e7f4ccd0830accd5c3b5797a348d0d239cae7396958eb0c6ab2bf6b9875932	python/share/terminfo/x/xl83
f	ed4eaf3d17e343abae9caa99d2b130459547036a667b4e55aba02ba2866b92bf	python/share/terminfo/x/xnuppc
f	a3605e49657ca60bffa0aa0dad9b143cec1d640144a1e19cefd4d192da83384a	python/share/terminfo/x/xnuppc+100x37
f	bc449e51c4862556ef06188f9e679688af081baaf4e7bd719f28471a0653932e	python/share/terminfo/x/xnuppc+112x37
f	57a9f400a96bd6db5676be72789ff6141ff97e39855e8726cb33c497647f0559	python/share/terminfo/x/xnuppc+128x40
f	513c3a35949387bc56e69f523996dea8ebf9e74914d837d48d189fd4b4536ba0	python/share/terminfo/x/xnuppc+128x48
f	4211f9bdae3a6b76d795f77c870fab1a2a7e2c9f5abedac6cd8af96339aa467a	python/share/terminfo/x/xnuppc+144x48
f	5beae4bdd6e28a5074c41c64096e23ec2b1b227bc1d6255e60a3079f67f24e48	python/share/terminfo/x/xnuppc+160x64
f	5021d7d6886737d0279c8a579cff4e23ae49ace19c815bb1db67e66450b352a0	python/share/terminfo/x/xnuppc+200x64
f	e84a407dd098ad1fb759018e47c8be69ce14518cc9a5276fbe6a2da4c8a45c79	python/share/terminfo/x/xnuppc+200x75
f	b6be0d6ee8cbd71628630fd8c215ff94a1cae75da2ad2ee286b7e57f8d6431a8	python/share/terminfo/x/xnuppc+256x96
f	354e95bf775f86854c3b9ce90b229c94242bfc451aecdef55b1fc9506ed8ca01	python/share/terminfo/x/xnuppc+80x25
f	75cff1387ca65fa141aa635923c58e9d287764be9b90a3dbf607f590b1ca4530	python/share/terminfo/x/xnuppc+80x30
f	50adef31fedee4bc2244b15a02f459f90fec64ea8cb4f877738b903b4d1eb065	python/share/terminfo/x/xnuppc+90x30
f	c619a4f6c3fcf28eb21d0f49ac3c3ff3d062ccf3114e0716b1143254fdcec56b	python/share/terminfo/x/xnuppc+b
f	46d63c76eccfe968faa49b5604b01d14f34e2a623a31547515fdbf2991ed7e45	python/share/terminfo/x/xnuppc+basic
f	1f8b43919df95d275faeaa7c1b3ac15f8397e6f8ee8c6e8b3ff5bd031760e4ed	python/share/terminfo/x/xnuppc+c
f	95925796f5efcf88465f39fc3508f025cbe103939078d5193ef9780eef74de5f	python/share/terminfo/x/xnuppc+f
f	d87adceac25e944da8442e65f64e8af8cdad0a30f00fb5fa4ceb2265b7802e56	python/share/terminfo/x/xnuppc+f2
f	00bd32de69cbd0a8143a0c48833de605c7d710b04465a7e373a808c3a5988d55	python/share/terminfo/x/xnuppc-100x37
f	7c125311645eed9ecc907015e85fe3dc44b980812d075b12b450bafa7cdccf15	python/share/terminfo/x/xnuppc-100x37-m
f	58a13cc904ec8214bfe6ed9c246cf9b0d0f6506678b0f5a7f84215e5b0f5bf72	python/share/terminfo/x/xnuppc-112x37
f	22633eee7e83f48a4aa4580e6bcadc5112b567e96be7dae26159c3c37f772926	python/share/terminfo/x/xnuppc-112x37-m
f	fce5dc82d3b3753d5dbb96e5a0cd212248233021d915955e91552422bd8a7728	python/share/terminfo/x/xnuppc-128x40
f	8c2f9419c342fb080caa7b77f48b84ad76e816e240507ee0e228f772411b0932	python/share/terminfo/x/xnuppc-128x40-m
f	75ec8de90781c22acb9f3efc46bdb82b3863d5f40d5a2b02f94f57461717410f	python/share/terminfo/x/xnuppc-128x48
f	118bdd44e82c77b1f549fb7283345293ac4f77841a3b8724b7cad4e2ce3cc6dc	python/share/terminfo/x/xnuppc-128x48-m
f	38353c57ca0c09fbf5642b9b35b5deeb5321d01ea1e59ef23b019b85d6d4d5cf	python/share/terminfo/x/xnuppc-144x48
f	3ef429d7a917a4dbc633e9fbbb19a077ca4ca840ba9112c839632d3ce1631461	python/share/terminfo/x/xnuppc-144x48-m
f	95cd31c8b31700ff55e3f1cd26fd1d3b0b48aaf7c4a672d32b4f60359d7512bd	python/share/terminfo/x/xnuppc-160x64
f	7445d870e3d174c32214e605bd833ec8d4484aeaf70539ba521e7d9ba871c799	python/share/terminfo/x/xnuppc-160x64-m
f	98bf58a089bd42b616a6df4836862c5ef044b563e9aa2d7b54c5a416bcc6f45e	python/share/terminfo/x/xnuppc-200x64
f	90831d86e424a7c388de959617a496defc554551f227a6bd244dab1ffadfc3f3	python/share/terminfo/x/xnuppc-200x64-m
f	50c102c62c833d5ef75b5c072e3c5f6ea872a204a95f2d1ef7b45fc9eaa33d7f	python/share/terminfo/x/xnuppc-200x75
f	583d7d1f7a66a20f5277584da701465ef5ccd2cce15bf0b2a2173a5b99f1db22	python/share/terminfo/x/xnuppc-200x75-m
f	0cbb05e9b413bf862d5cfa25f118cca8ffc61cb645edea22e044e571c56b5a09	python/share/terminfo/x/xnuppc-256x96
f	22739e98534c4c41693fe284593135a7b3f7e80db6ab258f1bcdf43eb953c059	python/share/terminfo/x/xnuppc-256x96-m
f	a30d39c95cc0490e7d9e088fbf5c030cf676bc377c1cb5b8e7e1d151d3e732e0	python/share/terminfo/x/xnuppc-80x25
f	746362b4d3db1f374ca77994944796cd71235f222fa69d4d26d0cfd4a6cd94fb	python/share/terminfo/x/xnuppc-80x25-m
f	acc9afe939083eac3d19fafc5928a656f8af67b8f84bac8722267100827ac6d2	python/share/terminfo/x/xnuppc-80x30
f	35cd7b94b78452e23704967e32fca34552ff54318676c3d3858b663e7477ae92	python/share/terminfo/x/xnuppc-80x30-m
f	fce94041c8a7274c3fe81c19032cc9c2faf89892b79795573d71c7e2133ed383	python/share/terminfo/x/xnuppc-90x30
f	2b7dd43353016fa751d9d2c96c41307bc215dffe16821ae257bd66969ab5c4e7	python/share/terminfo/x/xnuppc-90x30-m
f	f8e359ab2a945e125201997e6c816fb82a969b14a548cc2352a3d5b0a91a63c7	python/share/terminfo/x/xnuppc-b
f	a72a3d6993705742c44d39d7c2f13dcdfd8513e88e98e2d69b87bab7748844cc	python/share/terminfo/x/xnuppc-f
f	464a98c4c91bbd0cf8a215efd95f5c2233559d2903af89f070e06b06ca00e2f7	python/share/terminfo/x/xnuppc-f2
f	0f4b7c6ec87b9ebd97c380ab6c6e544c8db5df2e41308c92529712adee11d889	python/share/terminfo/x/xnuppc-m
f	672e3116b16424f0ff266ce458e950160aed55bb17e94901f80f281870bfefc0	python/share/terminfo/x/xnuppc-m-b
f	6946e115ca06e0a559cbdcbe43ff20d52234f6062fb97155accd8f973248dd09	python/share/terminfo/x/xnuppc-m-f
f	7eea342572ddfc99336e83ff5d77e5279c3cb272db0757b1a3c79a94a8348c62	python/share/terminfo/x/xnuppc-m-f2
f	cc8b83cf9802603824fac1ee2934840c40de3220b83f2b572fc0ad5980c95850	python/share/terminfo/x/xtalk
f	ac65ab77c15b25eaef61dcc0ed96211237b355b97f0d5af53389681be5a35404	python/share/terminfo/x/xterm
f	8a4d6b07b430650ef6265d2037abab0604c1f7e48b66f4d53337741f89fdb875	python/share/terminfo/x/xterm+256color
f	77d533b6a834ba8c4e8f40590949ab2aff566012369e0662ee3d1f83a6b31625	python/share/terminfo/x/xterm+256color2
f	a462949b5783ec9e063f0d84e242a08aa561b5a44af684f3eb68deec602b6e2f	python/share/terminfo/x/xterm+256setaf
f	517c399affd391cf75af39050f85fa8890f2987a91beca61587fea16059c3f10	python/share/terminfo/x/xterm+88color
f	8880773125f34901e11fbbcada32a2d6fb608b9cb24b8b499bc5d6877ada86a4	python/share/terminfo/x/xterm+88color2
f	a27d649f7290b12d0163ad43dce5fb188a9b93b3173cbbf626ba1379adac7708	python/share/terminfo/x/xterm+acs
f	061db31605bf37551e63eb0784478ebc9407462d77656bafec824cb5fbc55ec9	python/share/terminfo/x/xterm+alt+title
f	ca8745a77c000c4fcdedc64d6c0ce2b98858be6b2102128539b89c6c479602db	python/share/terminfo/x/xterm+alt1049
f	96e570317998e623dcb9a6dfbeb6fa362da56e1c702d61bd24d5dcae08fd018f	python/share/terminfo/x/xterm+alt47
f	09fcd46be906cbf5b9e20bc149432ec857c458d6cf22fbbf10bf620af483a708	python/share/terminfo/x/xterm+app
f	87b9ed433e1abe7fcf1b73e88509bf00bde870b8fa704380509cd901f5d9c903	python/share/terminfo/x/xterm+app+pc
f	1d4e699c7f11004a9d28508635bce926f6d54041d02a680f5a187b2fefe09f6f	python/share/terminfo/x/xterm+decedit
f	4d385a24de0cb43f362c95ea486769e74304811a38356375b7ccb81066a2085e	python/share/terminfo/x/xterm+direct
f	618bcee4498bdc68783ef4e5c7675bcd47735bf0fb03387ec337942bf8d0dde6	python/share/terminfo/x/xterm+direct16
f	529838b938297a0af843cb04dc9306fd83e6c47abe974e59b839ae5119ab8983	python/share/terminfo/x/xterm+direct2
f	80f67368bebe9970f7e3422bb8865a3a92e440cb9f5ef1acd01e2630796a302c	python/share/terminfo/x/xterm+direct256
f	125ff7d7037308ff3542c79296de34eb12413edc48b6ab71f8b090396afd4f73	python/share/terminfo/x/xterm+edit
f	5e7554651500e678ed34cfbc0ae74049f85cf3923c55d3dd9a8db6f0c1ddb541	python/share/terminfo/x/xterm+focus
f	8972c38b018503d245bb6f016230b14b1b10673a990bcb699bb5116d65550f3c	python/share/terminfo/x/xterm+indirect
f	1c699562fb54213ad8b767b9d7ca742cde4857b4e15058768c0ef20c62aa9cfd	python/share/terminfo/x/xterm+kbs
f	32f37a84eec01577f84b071972f54840dd4b726ba04f8c49e4f3f5f3a5284b19	python/share/terminfo/x/xterm+keypad
f	709812d9ebf0638364edbec8345e7f00be33c2b07d492cac1790439d3c375a41	python/share/terminfo/x/xterm+meta
f	2b2a6ffc0e5a422a4e24a72c6e7287d216d19e494b385545e27689dcae357167	python/share/terminfo/x/xterm+noalt
f	644bd2ebf60ee973b69976fadc6b50d2483d9ebaf3a96f1bf45b2267412fbb17	python/share/terminfo/x/xterm+noapp
f	ab5cadcac93fc5d28893e410d4db46d0060476eb4324e23d03e5e87368bcb68f	python/share/terminfo/x/xterm+nofkeys
f	b525ee6b21f0feceed0acfe49256fd5024d58edeeece49b555be8910a74f4440	python/share/terminfo/x/xterm+nopcfkeys
f	1b2ad46700d398a22257447035d595b778ca398ea7d9376e95cca09d852abdf2	python/share/terminfo/x/xterm+osc104
f	e3ddcb787e1add81219745c9c6ce92f5863edce8685d284177c42618ae860586	python/share/terminfo/x/xterm+pc+edit
f	a312b0e111ce4eae8423830882805be72941b5ee7cc9baa020fd618c97edc163	python/share/terminfo/x/xterm+pcc0
f	40c2b93e1a78f354e4d1328a2a9f19ae6b6251180fd0dcb79d80cbde11ec27a2	python/share/terminfo/x/xterm+pcc1
f	1194a6848632f6722b2d794369d6be4087c1831ba6bbf390974bed0841a95ae9	python/share/terminfo/x/xterm+pcc2
f	ce0b7236620a27ca8df66d9ba34d50a898d4395de6dbbfa9f7907833395cf8c1	python/share/terminfo/x/xterm+pcc3
f	18e19c0fa5c49b54be62bbab54e657ccda56ec78262aa31295c5c49203698836	python/share/terminfo/x/xterm+pce2
f	93bb22c67b7b4efafdeacfe164624003b466fcb8c942b5e350609f30337aa18f	python/share/terminfo/x/xterm+pcf0
f	a5b0e85861965c26170f7e918bb5be88b0c6fd96e7bf34b5977c25e0b8aa4e98	python/share/terminfo/x/xterm+pcf2
f	a974265034c26837683876011c066cf1ba5b12b556667cb5cccce8d4d80e7b0e	python/share/terminfo/x/xterm+pcfkeys
f	8919f2f0c52482449f211f2a20c31784ca688b82d406dc2418dc7aeae90f2441	python/share/terminfo/x/xterm+r6f2
f	56f9fb4cf34d71a5fae50fc656c8f536ae16abaf43028bf65c2bf41c59e576ce	python/share/terminfo/x/xterm+sl
f	cac394d9fcc6cdf2873b04b22274aedfcdcc81d724c9e33592827a36c6f8c1d7	python/share/terminfo/x/xterm+sl-alt
f	1bea536a6e619eda34aefc5011bf3e0701b8b5ddf901d977366aa04fe497c689	python/share/terminfo/x/xterm+sl-twm
f	02b20085c0442d1fef08c949a43d7b20207d7a085a851a9cde1409e9acc72b5f	python/share/terminfo/x/xterm+sm+1002
f	32fbf8808ff0b00f6fe6bc63432e43a159970ffeec0f216162e368007815818e	python/share/terminfo/x/xterm+sm+1003
f	e932b25f0415297098e37d8d673e8fabb62c1e256e3271a5121d083942558b77	python/share/terminfo/x/xterm+sm+1005
f	25585968a377ed820f51fdf9e9b891353c0bad55dee70455cdd128c5e36c0fda	python/share/terminfo/x/xterm+sm+1006
f	78843ab5ac5ce8411fed406634a684a2cd4064e8049ce6934d6b63b57e547c71	python/share/terminfo/x/xterm+titlestack
f	db5aab5455a48b53584e801a34fd747817a2a0c158f7b7ee5579b430f11fe617	python/share/terminfo/x/xterm+tmux
f	c9c6b2db85a0041ff9b3a434ecf2acbef7e577ed1aa7ee160d37e3c8f7503b49	python/share/terminfo/x/xterm+tmux2
f	beb7586ee1c128f5c2ae472ab6982fb2d4ac4346292d2b20b7eac7778e6a2b3d	python/share/terminfo/x/xterm+vt+edit
f	8a47a676307aa141cf9a6d3ed866ed487e52c0487220be7e8460b758ce528156	python/share/terminfo/x/xterm+x10mouse
f	52cde2b2ec24ca24ce7050c2a6eb74194dabccfc6b69320747b5fac2c8f01285	python/share/terminfo/x/xterm+x11hilite
f	fd28c04bef1e1a3429a0143ef06bdb9a6a1596af22d9b1ab288a5d3dff645eb7	python/share/terminfo/x/xterm+x11mouse
f	0a3870cd0aa4d589a9416362327d72e7ce942deb12bd8d546511765291cfea5c	python/share/terminfo/x/xterm-1002
f	4814e9b2884f6384003106aa08f6319e5838a3f0b41b99c8f17da665ffcfde99	python/share/terminfo/x/xterm-1003
f	d8a82cfbd89e9d0101585e6667e6323b33626fe79adc3aa26262f83f8f4f7a2a	python/share/terminfo/x/xterm-1005
f	9bdf30502c6496b099359043f2a2450d7df3ebc95b91d2564dcf147a97385fd8	python/share/terminfo/x/xterm-1006
f	abf18ada2fe6ffd4da1604602fa6d6a43225910fb5b65f391d7322ddec9884de	python/share/terminfo/x/xterm-16color
f	7b513964bf48559c404b5f08e7e66b163ecf83fcc2112ad3c5a4bc00d0ed05a7	python/share/terminfo/x/xterm-24
f	7f27e57e318f32605466c781de06fba0ff27f212667140cde50ff65498123f84	python/share/terminfo/x/xterm-256color
f	d65963d79700bcd7b0856d594247d192ba9641ce6e64923a5a3979f5a6c388ca	python/share/terminfo/x/xterm-88color
f	999ec07a74a5587da0966f9a361e587143aeab35212cbab6ad4a03451ef797d1	python/share/terminfo/x/xterm-8bit
f	5d54cb15056ae0a673ef75dcce8cc6966dbe74579808ea81180e84965871dca0	python/share/terminfo/x/xterm-basic
f	4296a878469b6bc5bab5acbce875e43bc501ab57a62d8d29cd34a424ba1e9de4	python/share/terminfo/x/xterm-bold
f	f74fe619914bfe650f6071bbbaf242c439de8a2f0ecefe9e80870216dfb844b4	python/share/terminfo/x/xterm-color
f	45ac53ac2c172f11daaa587dc30452b2c739fc2489a5836a8b84f823e4938f06	python/share/terminfo/x/xterm-direct
f	19f4657d06f6394f2b894b758a244b02e2e2e657053ccb75b41a35b8977d2cea	python/share/terminfo/x/xterm-direct16
f	9b89e2876cb8ef237c6d2814476e3f549b83441be611f8feb905c9b68757db7b	python/share/terminfo/x/xterm-direct2
f	8706d93ede63bda50d6c7ae100754f27a1486d63088ec58d3e76ad2f1e8e26a7	python/share/terminfo/x/xterm-direct256
f	9af5d231e351e0d3051145533f5a917555e1f3a0bc374030085678e961a6fee6	python/share/terminfo/x/xterm-hp
f	3024be4c36be53d6468fa1e48a0f584a410a17e26c3c6e7826c815b4ef56c595	python/share/terminfo/x/xterm-mono
f	11647febf6afa0fc6d5a3d1c35be12693b49b99ef33518615e192c45639ee4d0	python/share/terminfo/x/xterm-new
f	8ec5fed690a9de4816c968fd627a4223b82edf8e312eb6a74af3afc1c5d07126	python/share/terminfo/x/xterm-nic
f	e2d41bf91270f5e123222ef956d58fa6c66290c55ee0d81779b7f571b27bdb38	python/share/terminfo/x/xterm-noapp
f	927b8821c947b96b020ca7341dffb57bdfa2986fcaecd5fdbf2ca2369eacc285	python/share/terminfo/x/xterm-old
f	4a596d4fdee2804107e0540440e482d7bff27176054a3fe2f0f3a758500401ec	python/share/terminfo/x/xterm-p370
f	3e08c4a34080094a491a646b9c182d131ef885f6879d9ad8d8cca02a24c8704a	python/share/terminfo/x/xterm-p371
f	1fc3a8c307a46818870ad4313246f62c439ca3ef704a947c09471e8cf335e2fe	python/share/terminfo/x/xterm-pcolor
f	82098ec067be6189e91e8264278bb85fe3b7bfdeaa3754be301313be140522ca	python/share/terminfo/x/xterm-r5
f	ee12fe6d2d8e1d0b83d1042fe8a38f1aed6fd73e2c7316e6db5ec5b061b09ef8	python/share/terminfo/x/xterm-r6
f	6a4444dfb6a29f047ad9bc5723664ed8cb1cce783843908e231f5588ea6d7ac2	python/share/terminfo/x/xterm-sco
f	bf9df3dd6420c3d306f0c961f06a327a8941e0fa0b45387eddc7e7b52cbd1975	python/share/terminfo/x/xterm-sun
f	44f79cbc674f1fb8611105f0c6ee781e4e53027b0aff172a535d3b2338048d67	python/share/terminfo/x/xterm-utf8
f	6da936daf8eb16527c721d90dcc82542e195adc87f2a7f4c2fe190c7ce202b8c	python/share/terminfo/x/xterm-vt220
f	d3cc5fccf1456f1a2b318ad55d3f233601cafa16f1225ab1cb727f9094dfc014	python/share/terminfo/x/xterm-vt52
f	eef6a8bc31473b1c39cf71647e7795d60b2f5e362bc96192d9f493aac951b498	python/share/terminfo/x/xterm-x10mouse
f	049101ff6a9507e59a63ecf5401bdca53638a9c53142f0e0c5e3e58e1e252e37	python/share/terminfo/x/xterm-x11hilite
f	0750dbb4ca2d8bf9240c9d41312de428aee41ed2d108c17b1182484ba5a8a32d	python/share/terminfo/x/xterm-x11mouse
f	bf8cbc70b73992ca93b22f411bae2f71d613a69a9f0b59f0f9c2d5be12f982d8	python/share/terminfo/x/xterm-xf86-v32
f	d4127e626af189a2d56cc45e1c60e4e6ac32b4d55b9c417129bcc8369c347515	python/share/terminfo/x/xterm-xf86-v33
f	24a1f8a18d96d544cef7c4427bee3f4b73fe12156e902ea214cf49d6807b3bb5	python/share/terminfo/x/xterm-xf86-v333
f	7da82a4679f772e87f3ca2b93740ee0d0e20f61a263bbfea31199566eab29536	python/share/terminfo/x/xterm-xf86-v40
f	0507f61ded223aa930b87d22255974423d73fdd860ea588d4fd0b895e5d9d2ea	python/share/terminfo/x/xterm-xf86-v43
f	1111271420d735b74ecb175e9fcb79847e6c0e298c3abfb2224747502a854adf	python/share/terminfo/x/xterm-xf86-v44
f	0827497deddd4ec9e9515dd9530e6b0bf92762553d1c4eedbca3459c1931775e	python/share/terminfo/x/xterm-xfree86
f	d89c9fe77fa62d5df516089d11422ede4b78c167cf061e17a183b663f022c051	python/share/terminfo/x/xterm-xi
l	05bce3dac99233e8b2377014ac26cd56dede6501681b11e8ae9a84b9fd835fb1	python/share/terminfo/x/xterm.js
f	294aaf900b7b27aecb8c5fd18b0a0d43bebd444e38d9059b2196edb39ab7f802	python/share/terminfo/x/xterm1
f	f6dbf7467885c36177dc2c4be1f106143867cdf118ce3674c45dec5df1d2800d	python/share/terminfo/x/xtermc
f	8373e1dc2d6f8add1977c8824a2dcbaca5ccbd7ada5ff322140953563b92a050	python/share/terminfo/x/xtermm
l	4fa0cf7482cfd2c65ab45b0bc2679a35a62513962a0fe7616ed4bb43efe132b0	python/share/terminfo/x/xterms
f	3dc9a03dafbdca28c154580a84c2230cbcc54d009988e3413452028d6cdad28d	python/share/terminfo/x/xterms-sun
l	6ad90c709fd7ffa07676f503ced11f1ee554d9b8f1329e2df095f47948b41760	python/share/terminfo/x/xwsh
l	ca43d643bef1f20d35813bf7d5953f85ff30bcc7039cad22f7a2b9aaee4465ea	python/share/terminfo/z/z-100
l	f642acaef6fbd8baf277593f7e3d5762f6933ab56017605fe3ce20f8ec44b4fe	python/share/terminfo/z/z-100bw
f	a2a680fca6194a7a733e878f709c9c0391f76a7d615fd5a3af138abacef6faa3	python/share/terminfo/z/z100
f	2282c76b856a57ec59cc2cac969dc389da9ad95994e7b6c03c974306d3b60648	python/share/terminfo/z/z100bw
l	ca43d643bef1f20d35813bf7d5953f85ff30bcc7039cad22f7a2b9aaee4465ea	python/share/terminfo/z/z110
l	f642acaef6fbd8baf277593f7e3d5762f6933ab56017605fe3ce20f8ec44b4fe	python/share/terminfo/z/z110bw
l	cbf62582fb85d8e2fe81fb2494003b2ef54ac0b8ea1af40fe44247d74c05aa07	python/share/terminfo/z/z19
f	191c1886cca12d13165443ed774aace40271a072bb743324c686b26ad606fef9	python/share/terminfo/z/z29
f	3d91e6798982ffcaf89fa397445c4f8e3e7ec8c267e3a0031fdd863d5643fdeb	python/share/terminfo/z/z29a
l	7a6ceb0d993e49e4fff7944ecfa1d12157de0af7ef89a1acc4d03bebe0b780e9	python/share/terminfo/z/z29a-kc-bc
f	b61801d2621ba1d1c57bad3635b30b0091c41298eab1bad3a892559e6686da8b	python/share/terminfo/z/z29a-kc-uc
f	0c85495c3ffa27de2c661cee0f974e3651c20c9e05cd3c38e7e8828705edd805	python/share/terminfo/z/z29a-nkc-bc
f	a82836b7669ab71b282afd2e877867eeccb31f2798467bfa5152fc1885701f6e	python/share/terminfo/z/z29a-nkc-uc
l	c42f419b01aeb32e3cf0d20247379948211cb9257e24c80029c359bd9e871a87	python/share/terminfo/z/z29b
l	c35b87733be552af93b6f5cb7937554f5f3e2af6fca8524a279a21c2c309e40e	python/share/terminfo/z/z30
f	74f9157993e619760cbc1ba4380da94cc90e7b5666f3ea3498d64c0916e05059	python/share/terminfo/z/z340
f	148bcf57d3a1440426ccca7fe747b58bec48c55b73e0f8f42b7fdfd3598a18a2	python/share/terminfo/z/z340-nam
f	03773f1ab93379c10f167f03686255ee8a199b740778c45a0f6d26a0922fc13c	python/share/terminfo/z/z39-a
l	79923c39436c185a9d1e9300ff8c6d295a6498a8bc9bc491c927399e711016ae	python/share/terminfo/z/z39a
l	2457926e8fc5ce2eab96334649ee0b21012d38d8970329d5356ed0d67098e729	python/share/terminfo/z/z50
l	78da8b7c0f5d886230f2a0ac7941fb543aa28c3a4174e50fae77857806527f98	python/share/terminfo/z/z8001
f	504df367ea11b189a32a22fa61125296ddf0c1e3c30459df3e1e02864a55565f	python/share/terminfo/z/zen30
f	bdc0f57d835d03474201a978b1a0a7be50376a09f237613ef1fa42fad40b6fa6	python/share/terminfo/z/zen50
l	78da8b7c0f5d886230f2a0ac7941fb543aa28c3a4174e50fae77857806527f98	python/share/terminfo/z/zen8001
l	cbf62582fb85d8e2fe81fb2494003b2ef54ac0b8ea1af40fe44247d74c05aa07	python/share/terminfo/z/zenith
l	c42f419b01aeb32e3cf0d20247379948211cb9257e24c80029c359bd9e871a87	python/share/terminfo/z/zenith29
l	79923c39436c185a9d1e9300ff8c6d295a6498a8bc9bc491c927399e711016ae	python/share/terminfo/z/zenith39-a
l	79923c39436c185a9d1e9300ff8c6d295a6498a8bc9bc491c927399e711016ae	python/share/terminfo/z/zenith39-ansi
l	053e412ad396d2b568fcfe5df7004f489f518bffa394c6fc1ffab81b141851f5	python/share/terminfo/z/zt-1
f	4908bd229176dcb81a0c54e087cc725040988babad9e806a5052fb722cf5b511	python/share/terminfo/z/ztx
l	053e412ad396d2b568fcfe5df7004f489f518bffa394c6fc1ffab81b141851f5	python/share/terminfo/z/ztx-1-a
l	053e412ad396d2b568fcfe5df7004f489f518bffa394c6fc1ffab81b141851f5	python/share/terminfo/z/ztx11
